id,lat,long,zone,date,CO
1,18.74007870120448,98.91335808785006,urban,2023-11-01,0.03640862705484723
2,18.76559811840203,98.92891589958906,urban,2023-11-01,0.034746158989966004
3,18.7485846663651,98.9289158995633,urban,2023-11-01,0.036227979763715876
4,18.731571228912202,98.92891589956444,urban,2023-11-01,0.037121004127430926
5,18.791111128265864,98.94447493992463,urban,2023-11-01,0.03629110695577777
6,18.77410214222722,98.94447494902433,urban,2023-11-01,0.03600017439810508
7,18.757090678745303,98.94447493990828,urban,2023-11-01,0.03594982839945371
8,18.74007871834797,98.94447493987954,urban,2023-11-01,0.03707170261463264
9,18.723065258432655,98.94447493075144,urban,2023-11-01,0.03712100535631713
10,18.83362866444315,98.96003473115987,urban,2023-11-01,0.035002956171911924
11,18.816623631248998,98.96003473117173,urban,2023-11-01,0.03584055693743567
12,18.799616617653914,98.96003474023692,urban,2023-11-01,0.03636423455856489
13,18.7826076136698,98.96003473112485,urban,2023-11-01,0.03647095751481272
14,18.76559810565482,98.96003473107459,urban,2023-11-01,0.036085798590298826
15,18.748584661185397,98.96003473109663,urban,2023-11-01,0.0359922679940611
16,18.731571231481407,98.96003473112006,urban,2023-11-01,0.036475039970529685
17,18.84213017229777,98.97559378002752,urban,2023-11-01,0.034996777077953706
18,18.82512516247161,98.9755937800094,urban,2023-11-01,0.03576454588698711
19,18.808118649028923,98.97559378000697,urban,2023-11-01,0.03647163625989956
20,18.791111130814,98.97559377086888,urban,2023-11-01,0.03647414967419266
21,18.774102133565243,98.97559378912425,urban,2023-11-01,0.03636963888399773
22,18.75709067921216,98.97559378001435,urban,2023-11-01,0.03546820629848688
23,18.740078723392486,98.97559377995805,urban,2023-11-01,0.03543982833818461
24,18.723065253201693,98.97559377995931,urban,2023-11-01,0.035460383199244834
25,18.816623633573617,98.99115280259166,urban,2023-11-01,0.03646898769287323
26,18.799616630104307,98.99115281170437,urban,2023-11-01,0.03647414967417582
27,18.782607636523494,98.9911528025845,urban,2023-11-01,0.036396578575735465
28,18.765598139329224,98.99115280251972,urban,2023-11-01,0.0355295001611229
29,18.791111125802086,99.00671258026475,urban,2023-11-01,0.03643388742666376
30,18.774102141283294,99.00671259850732,urban,2023-11-01,0.035627004319670974
1,18.74007870120448,98.91335808785006,urban,2023-11-02,NA
2,18.76559811840203,98.92891589958906,urban,2023-11-02,NA
3,18.7485846663651,98.9289158995633,urban,2023-11-02,NA
4,18.731571228912202,98.92891589956444,urban,2023-11-02,NA
5,18.791111128265864,98.94447493992463,urban,2023-11-02,NA
6,18.77410214222722,98.94447494902433,urban,2023-11-02,NA
7,18.757090678745303,98.94447493990828,urban,2023-11-02,NA
8,18.74007871834797,98.94447493987954,urban,2023-11-02,NA
9,18.723065258432655,98.94447493075144,urban,2023-11-02,NA
10,18.83362866444315,98.96003473115987,urban,2023-11-02,NA
11,18.816623631248998,98.96003473117173,urban,2023-11-02,NA
12,18.799616617653914,98.96003474023692,urban,2023-11-02,NA
13,18.7826076136698,98.96003473112485,urban,2023-11-02,NA
14,18.76559810565482,98.96003473107459,urban,2023-11-02,NA
15,18.748584661185397,98.96003473109663,urban,2023-11-02,NA
16,18.731571231481407,98.96003473112006,urban,2023-11-02,NA
17,18.84213017229777,98.97559378002752,urban,2023-11-02,NA
18,18.82512516247161,98.9755937800094,urban,2023-11-02,NA
19,18.808118649028923,98.97559378000697,urban,2023-11-02,NA
20,18.791111130814,98.97559377086888,urban,2023-11-02,NA
21,18.774102133565243,98.97559378912425,urban,2023-11-02,NA
22,18.75709067921216,98.97559378001435,urban,2023-11-02,NA
23,18.740078723392486,98.97559377995805,urban,2023-11-02,NA
24,18.723065253201693,98.97559377995931,urban,2023-11-02,NA
25,18.816623633573617,98.99115280259166,urban,2023-11-02,NA
26,18.799616630104307,98.99115281170437,urban,2023-11-02,NA
27,18.782607636523494,98.9911528025845,urban,2023-11-02,NA
28,18.765598139329224,98.99115280251972,urban,2023-11-02,NA
29,18.791111125802086,99.00671258026475,urban,2023-11-02,NA
30,18.774102141283294,99.00671259850732,urban,2023-11-02,NA
1,18.74007870120448,98.91335808785006,urban,2023-11-03,0.036032137669824854
2,18.76559811840203,98.92891589958906,urban,2023-11-03,0.03630058073683451
3,18.7485846663651,98.9289158995633,urban,2023-11-03,0.03623035922645825
4,18.731571228912202,98.92891589956444,urban,2023-11-03,0.03569535668442422
5,18.791111128265864,98.94447493992463,urban,2023-11-03,0.03798028532020501
6,18.77410214222722,98.94447494902433,urban,2023-11-03,0.03860905802987033
7,18.757090678745303,98.94447493990828,urban,2023-11-03,0.03824659543487431
8,18.74007871834797,98.94447493987954,urban,2023-11-03,0.03723971839968114
9,18.723065258432655,98.94447493075144,urban,2023-11-03,0.0361541287380004
10,18.83362866444315,98.96003473115987,urban,2023-11-03,0.03710007216706852
11,18.816623631248998,98.96003473117173,urban,2023-11-03,0.037114493548881744
12,18.799616617653914,98.96003474023692,urban,2023-11-03,0.03723706633295425
13,18.7826076136698,98.96003473112485,urban,2023-11-03,0.03922997383026455
14,18.76559810565482,98.96003473107459,urban,2023-11-03,0.03923307359217663
15,18.748584661185397,98.96003473109663,urban,2023-11-03,0.03918886049146124
16,18.731571231481407,98.96003473112006,urban,2023-11-03,0.03777999531298348
17,18.84213017229777,98.97559378002752,urban,2023-11-03,0.03706879178456924
18,18.82512516247161,98.9755937800094,urban,2023-11-03,0.03711448343047493
19,18.808118649028923,98.97559378000697,urban,2023-11-03,0.03712938179695609
20,18.791111130814,98.97559377086888,urban,2023-11-03,0.03849642130980509
21,18.774102133565243,98.97559378912425,urban,2023-11-03,0.03923307359219756
22,18.75709067921216,98.97559378001435,urban,2023-11-03,0.039233073592190075
23,18.740078723392486,98.97559377995805,urban,2023-11-03,0.03853220687808535
24,18.723065253201693,98.97559377995931,urban,2023-11-03,0.037713166326288086
25,18.816623633573617,98.99115280259166,urban,2023-11-03,0.037114493548876526
26,18.799616630104307,98.99115281170437,urban,2023-11-03,0.03734977214127328
27,18.782607636523494,98.9911528025845,urban,2023-11-03,0.03923307359218528
28,18.765598139329224,98.99115280251972,urban,2023-11-03,0.039233073592177994
29,18.791111125802086,99.00671258026475,urban,2023-11-03,0.0385679266187853
30,18.774102141283294,99.00671259850732,urban,2023-11-03,0.03923307359219617
1,18.74007870120448,98.91335808785006,urban,2023-11-04,0.03603260832681131
2,18.76559811840203,98.92891589958906,urban,2023-11-04,NA
3,18.7485846663651,98.9289158995633,urban,2023-11-04,NA
4,18.731571228912202,98.92891589956444,urban,2023-11-04,0.036042686584628524
5,18.791111128265864,98.94447493992463,urban,2023-11-04,0.03530199454873914
6,18.77410214222722,98.94447494902433,urban,2023-11-04,NA
7,18.757090678745303,98.94447493990828,urban,2023-11-04,NA
8,18.74007871834797,98.94447493987954,urban,2023-11-04,0.03603261040494222
9,18.723065258432655,98.94447493075144,urban,2023-11-04,0.036032609712309385
10,18.83362866444315,98.96003473115987,urban,2023-11-04,0.03541060081879608
11,18.816623631248998,98.96003473117173,urban,2023-11-04,0.03525304505831119
12,18.799616617653914,98.96003474023692,urban,2023-11-04,0.03528339777765477
13,18.7826076136698,98.96003473112485,urban,2023-11-04,0.035267769282484304
14,18.76559810565482,98.96003473107459,urban,2023-11-04,NA
15,18.748584661185397,98.96003473109663,urban,2023-11-04,NA
16,18.731571231481407,98.96003473112006,urban,2023-11-04,0.03603261028718336
17,18.84213017229777,98.97559378002752,urban,2023-11-04,0.0345550565472086
18,18.82512516247161,98.9755937800094,urban,2023-11-04,0.03456591630826064
19,18.808118649028923,98.97559378000697,urban,2023-11-04,0.03468785114098427
20,18.791111130814,98.97559377086888,urban,2023-11-04,0.03494901307321344
21,18.774102133565243,98.97559378912425,urban,2023-11-04,0.0349979287287142
22,18.75709067921216,98.97559378001435,urban,2023-11-04,0.03501758037130714
23,18.740078723392486,98.97559377995805,urban,2023-11-04,0.035595156572163514
24,18.723065253201693,98.97559377995931,urban,2023-11-04,0.03602649002274876
25,18.816623633573617,98.99115280259166,urban,2023-11-04,0.0345356538891813
26,18.799616630104307,98.99115281170437,urban,2023-11-04,0.03462038514078202
27,18.782607636523494,98.9911528025845,urban,2023-11-04,0.03499792886334428
28,18.765598139329224,98.99115280251972,urban,2023-11-04,0.03499792901726979
29,18.791111125802086,99.00671258026475,urban,2023-11-04,0.03488860947261427
30,18.774102141283294,99.00671259850732,urban,2023-11-04,0.03499792888761332
1,18.74007870120448,98.91335808785006,urban,2023-11-05,0.03404073677347286
2,18.76559811840203,98.92891589958906,urban,2023-11-05,0.03559664592482134
3,18.7485846663651,98.9289158995633,urban,2023-11-05,0.03551688869309063
4,18.731571228912202,98.92891589956444,urban,2023-11-05,0.03499603797017733
5,18.791111128265864,98.94447493992463,urban,2023-11-05,0.032854389545912695
6,18.77410214222722,98.94447494902433,urban,2023-11-05,0.03569043439326725
7,18.757090678745303,98.94447493990828,urban,2023-11-05,0.035715542733674235
8,18.74007871834797,98.94447493987954,urban,2023-11-05,0.03569802326111815
9,18.723065258432655,98.94447493075144,urban,2023-11-05,0.0348982973787809
10,18.83362866444315,98.96003473115987,urban,2023-11-05,0.03283654952181942
11,18.816623631248998,98.96003473117173,urban,2023-11-05,0.03227575504313271
12,18.799616617653914,98.96003474023692,urban,2023-11-05,0.032376769495884174
13,18.7826076136698,98.96003473112485,urban,2023-11-05,0.03525347932668388
14,18.76559810565482,98.96003473107459,urban,2023-11-05,0.035715542733664056
15,18.748584661185397,98.96003473109663,urban,2023-11-05,0.03571554273366553
16,18.731571231481407,98.96003473112006,urban,2023-11-05,0.035121077690236695
17,18.84213017229777,98.97559378002752,urban,2023-11-05,0.03508052115308968
18,18.82512516247161,98.9755937800094,urban,2023-11-05,0.03415206663690016
19,18.808118649028923,98.97559378000697,urban,2023-11-05,0.03349875713821759
20,18.791111130814,98.97559377086888,urban,2023-11-05,0.03468027555812251
21,18.774102133565243,98.97559378912425,urban,2023-11-05,0.03568669971744642
22,18.75709067921216,98.97559378001435,urban,2023-11-05,0.03571554273368032
23,18.740078723392486,98.97559377995805,urban,2023-11-05,0.035367845651764256
24,18.723065253201693,98.97559377995931,urban,2023-11-05,0.03475738159277578
25,18.816623633573617,98.99115280259166,urban,2023-11-05,0.03506077466795125
26,18.799616630104307,98.99115281170437,urban,2023-11-05,0.03467412043657238
27,18.782607636523494,98.9911528025845,urban,2023-11-05,0.03523331239317717
28,18.765598139329224,98.99115280251972,urban,2023-11-05,0.035482883793795196
29,18.791111125802086,99.00671258026475,urban,2023-11-05,0.034684831185004365
30,18.774102141283294,99.00671259850732,urban,2023-11-05,0.03467828585000731
1,18.74007870120448,98.91335808785006,urban,2023-11-06,0.03936717762694744
2,18.76559811840203,98.92891589958906,urban,2023-11-06,NA
3,18.7485846663651,98.9289158995633,urban,2023-11-06,NA
4,18.731571228912202,98.92891589956444,urban,2023-11-06,0.03936717751866867
5,18.791111128265864,98.94447493992463,urban,2023-11-06,NA
6,18.77410214222722,98.94447494902433,urban,2023-11-06,NA
7,18.757090678745303,98.94447493990828,urban,2023-11-06,NA
8,18.74007871834797,98.94447493987954,urban,2023-11-06,NA
9,18.723065258432655,98.94447493075144,urban,2023-11-06,NA
10,18.83362866444315,98.96003473115987,urban,2023-11-06,NA
11,18.816623631248998,98.96003473117173,urban,2023-11-06,NA
12,18.799616617653914,98.96003474023692,urban,2023-11-06,NA
13,18.7826076136698,98.96003473112485,urban,2023-11-06,NA
14,18.76559810565482,98.96003473107459,urban,2023-11-06,NA
15,18.748584661185397,98.96003473109663,urban,2023-11-06,NA
16,18.731571231481407,98.96003473112006,urban,2023-11-06,NA
17,18.84213017229777,98.97559378002752,urban,2023-11-06,NA
18,18.82512516247161,98.9755937800094,urban,2023-11-06,NA
19,18.808118649028923,98.97559378000697,urban,2023-11-06,NA
20,18.791111130814,98.97559377086888,urban,2023-11-06,NA
21,18.774102133565243,98.97559378912425,urban,2023-11-06,NA
22,18.75709067921216,98.97559378001435,urban,2023-11-06,NA
23,18.740078723392486,98.97559377995805,urban,2023-11-06,NA
24,18.723065253201693,98.97559377995931,urban,2023-11-06,NA
25,18.816623633573617,98.99115280259166,urban,2023-11-06,NA
26,18.799616630104307,98.99115281170437,urban,2023-11-06,NA
27,18.782607636523494,98.9911528025845,urban,2023-11-06,NA
28,18.765598139329224,98.99115280251972,urban,2023-11-06,NA
29,18.791111125802086,99.00671258026475,urban,2023-11-06,NA
30,18.774102141283294,99.00671259850732,urban,2023-11-06,NA
1,18.74007870120448,98.91335808785006,urban,2023-11-07,0.03734409075977544
2,18.76559811840203,98.92891589958906,urban,2023-11-07,0.03718649223447798
3,18.7485846663651,98.9289158995633,urban,2023-11-07,0.03730208125580028
4,18.731571228912202,98.92891589956444,urban,2023-11-07,0.03835147194966374
5,18.791111128265864,98.94447493992463,urban,2023-11-07,0.0371750622249417
6,18.77410214222722,98.94447494902433,urban,2023-11-07,0.03718649223445829
7,18.757090678745303,98.94447493990828,urban,2023-11-07,0.03720555199770902
8,18.74007871834797,98.94447493987954,urban,2023-11-07,0.03827337767880543
9,18.723065258432655,98.94447493075144,urban,2023-11-07,0.03846153989433763
10,18.83362866444315,98.96003473115987,urban,2023-11-07,0.034263119101521466
11,18.816623631248998,98.96003473117173,urban,2023-11-07,0.034605683066427154
12,18.799616617653914,98.96003474023692,urban,2023-11-07,0.03693756245385408
13,18.7826076136698,98.96003473112485,urban,2023-11-07,0.03718649223446314
14,18.76559810565482,98.96003473107459,urban,2023-11-07,0.037188152870171354
15,18.748584661185397,98.96003473109663,urban,2023-11-07,0.037961666093646367
16,18.731571231481407,98.96003473112006,urban,2023-11-07,0.03845995207351767
17,18.84213017229777,98.97559378002752,urban,2023-11-07,0.034263119101521404
18,18.82512516247161,98.9755937800094,urban,2023-11-07,0.03457615521860721
19,18.808118649028923,98.97559378000697,urban,2023-11-07,0.03686727283169725
20,18.791111130814,98.97559377086888,urban,2023-11-07,0.037186492234461195
21,18.774102133565243,98.97559378912425,urban,2023-11-07,0.037319903573282166
22,18.75709067921216,98.97559378001435,urban,2023-11-07,0.0378690482146205
23,18.740078723392486,98.97559377995805,urban,2023-11-07,0.03845814125291951
24,18.723065253201693,98.97559377995931,urban,2023-11-07,0.03846157224363347
25,18.816623633573617,98.99115280259166,urban,2023-11-07,0.03672124574483591
26,18.799616630104307,98.99115281170437,urban,2023-11-07,0.03718649223447606
27,18.782607636523494,98.9911528025845,urban,2023-11-07,0.037310076106344396
28,18.765598139329224,98.99115280251972,urban,2023-11-07,0.03825615017600796
29,18.791111125802086,99.00671258026475,urban,2023-11-07,0.03726708119560246
30,18.774102141283294,99.00671259850732,urban,2023-11-07,0.038294041042115076
1,18.74007870120448,98.91335808785006,urban,2023-11-08,NA
2,18.76559811840203,98.92891589958906,urban,2023-11-08,NA
3,18.7485846663651,98.9289158995633,urban,2023-11-08,NA
4,18.731571228912202,98.92891589956444,urban,2023-11-08,NA
5,18.791111128265864,98.94447493992463,urban,2023-11-08,NA
6,18.77410214222722,98.94447494902433,urban,2023-11-08,NA
7,18.757090678745303,98.94447493990828,urban,2023-11-08,NA
8,18.74007871834797,98.94447493987954,urban,2023-11-08,NA
9,18.723065258432655,98.94447493075144,urban,2023-11-08,NA
10,18.83362866444315,98.96003473115987,urban,2023-11-08,0.03801181144097
11,18.816623631248998,98.96003473117173,urban,2023-11-08,NA
12,18.799616617653914,98.96003474023692,urban,2023-11-08,NA
13,18.7826076136698,98.96003473112485,urban,2023-11-08,NA
14,18.76559810565482,98.96003473107459,urban,2023-11-08,NA
15,18.748584661185397,98.96003473109663,urban,2023-11-08,NA
16,18.731571231481407,98.96003473112006,urban,2023-11-08,NA
17,18.84213017229777,98.97559378002752,urban,2023-11-08,0.03801181165500881
18,18.82512516247161,98.9755937800094,urban,2023-11-08,0.03801181158719194
19,18.808118649028923,98.97559378000697,urban,2023-11-08,NA
20,18.791111130814,98.97559377086888,urban,2023-11-08,NA
21,18.774102133565243,98.97559378912425,urban,2023-11-08,NA
22,18.75709067921216,98.97559378001435,urban,2023-11-08,NA
23,18.740078723392486,98.97559377995805,urban,2023-11-08,NA
24,18.723065253201693,98.97559377995931,urban,2023-11-08,NA
25,18.816623633573617,98.99115280259166,urban,2023-11-08,NA
26,18.799616630104307,98.99115281170437,urban,2023-11-08,NA
27,18.782607636523494,98.9911528025845,urban,2023-11-08,NA
28,18.765598139329224,98.99115280251972,urban,2023-11-08,NA
29,18.791111125802086,99.00671258026475,urban,2023-11-08,NA
30,18.774102141283294,99.00671259850732,urban,2023-11-08,NA
1,18.74007870120448,98.91335808785006,urban,2023-11-09,NA
2,18.76559811840203,98.92891589958906,urban,2023-11-09,NA
3,18.7485846663651,98.9289158995633,urban,2023-11-09,NA
4,18.731571228912202,98.92891589956444,urban,2023-11-09,NA
5,18.791111128265864,98.94447493992463,urban,2023-11-09,NA
6,18.77410214222722,98.94447494902433,urban,2023-11-09,NA
7,18.757090678745303,98.94447493990828,urban,2023-11-09,NA
8,18.74007871834797,98.94447493987954,urban,2023-11-09,NA
9,18.723065258432655,98.94447493075144,urban,2023-11-09,NA
10,18.83362866444315,98.96003473115987,urban,2023-11-09,NA
11,18.816623631248998,98.96003473117173,urban,2023-11-09,NA
12,18.799616617653914,98.96003474023692,urban,2023-11-09,NA
13,18.7826076136698,98.96003473112485,urban,2023-11-09,NA
14,18.76559810565482,98.96003473107459,urban,2023-11-09,NA
15,18.748584661185397,98.96003473109663,urban,2023-11-09,NA
16,18.731571231481407,98.96003473112006,urban,2023-11-09,NA
17,18.84213017229777,98.97559378002752,urban,2023-11-09,NA
18,18.82512516247161,98.9755937800094,urban,2023-11-09,NA
19,18.808118649028923,98.97559378000697,urban,2023-11-09,NA
20,18.791111130814,98.97559377086888,urban,2023-11-09,NA
21,18.774102133565243,98.97559378912425,urban,2023-11-09,NA
22,18.75709067921216,98.97559378001435,urban,2023-11-09,NA
23,18.740078723392486,98.97559377995805,urban,2023-11-09,NA
24,18.723065253201693,98.97559377995931,urban,2023-11-09,NA
25,18.816623633573617,98.99115280259166,urban,2023-11-09,NA
26,18.799616630104307,98.99115281170437,urban,2023-11-09,NA
27,18.782607636523494,98.9911528025845,urban,2023-11-09,NA
28,18.765598139329224,98.99115280251972,urban,2023-11-09,NA
29,18.791111125802086,99.00671258026475,urban,2023-11-09,NA
30,18.774102141283294,99.00671259850732,urban,2023-11-09,NA
1,18.74007870120448,98.91335808785006,urban,2023-11-10,0.0310726420956958
2,18.76559811840203,98.92891589958906,urban,2023-11-10,0.030756993198292715
3,18.7485846663651,98.9289158995633,urban,2023-11-10,0.030756993031571134
4,18.731571228912202,98.92891589956444,urban,2023-11-10,0.03151272488270543
5,18.791111128265864,98.94447493992463,urban,2023-11-10,0.030756992908411145
6,18.77410214222722,98.94447494902433,urban,2023-11-10,0.03075699321926559
7,18.757090678745303,98.94447493990828,urban,2023-11-10,0.030756993219257626
8,18.74007871834797,98.94447493987954,urban,2023-11-10,0.03125080044311559
9,18.723065258432655,98.94447493075144,urban,2023-11-10,0.03230546842871864
10,18.83362866444315,98.96003473115987,urban,2023-11-10,0.03618695193891127
11,18.816623631248998,98.96003473117173,urban,2023-11-10,NA
12,18.799616617653914,98.96003474023692,urban,2023-11-10,0.030756993254835854
13,18.7826076136698,98.96003473112485,urban,2023-11-10,0.030756993122158714
14,18.76559810565482,98.96003473107459,urban,2023-11-10,0.030756993219259218
15,18.748584661185397,98.96003473109663,urban,2023-11-10,0.030861772542424313
16,18.731571231481407,98.96003473112006,urban,2023-11-10,0.03220850364923636
17,18.84213017229777,98.97559378002752,urban,2023-11-10,0.03622596368336145
18,18.82512516247161,98.9755937800094,urban,2023-11-10,0.036186952369696136
19,18.808118649028923,98.97559378000697,urban,2023-11-10,0.03515238471586642
20,18.791111130814,98.97559377086888,urban,2023-11-10,0.030787342728708107
21,18.774102133565243,98.97559378912425,urban,2023-11-10,0.030756993219617196
22,18.75709067921216,98.97559378001435,urban,2023-11-10,0.03106642080396266
23,18.740078723392486,98.97559377995805,urban,2023-11-10,0.03177075529859173
24,18.723065253201693,98.97559377995931,urban,2023-11-10,0.032329540699724095
25,18.816623633573617,98.99115280259166,urban,2023-11-10,0.0361869522652573
26,18.799616630104307,98.99115281170437,urban,2023-11-10,0.03499237420851351
27,18.782607636523494,98.9911528025845,urban,2023-11-10,0.030756993377900537
28,18.765598139329224,98.99115280251972,urban,2023-11-10,0.030756993278213657
29,18.791111125802086,99.00671258026475,urban,2023-11-10,NA
30,18.774102141283294,99.00671259850732,urban,2023-11-10,NA
1,18.74007870120448,98.91335808785006,urban,2023-11-11,0.038892802491829026
2,18.76559811840203,98.92891589958906,urban,2023-11-11,0.03938348946397273
3,18.7485846663651,98.9289158995633,urban,2023-11-11,0.03936124342838927
4,18.731571228912202,98.92891589956444,urban,2023-11-11,0.03933464908812487
5,18.791111128265864,98.94447493992463,urban,2023-11-11,0.03946120291949678
6,18.77410214222722,98.94447494902433,urban,2023-11-11,0.03943670356713425
7,18.757090678745303,98.94447493990828,urban,2023-11-11,0.03938971459867515
8,18.74007871834797,98.94447493987954,urban,2023-11-11,0.039389714598669766
9,18.723065258432655,98.94447493075144,urban,2023-11-11,0.03933695173442913
10,18.83362866444315,98.96003473115987,urban,2023-11-11,0.03725661159716812
11,18.816623631248998,98.96003473117173,urban,2023-11-11,0.03901344782509993
12,18.799616617653914,98.96003474023692,urban,2023-11-11,0.039461202919479695
13,18.7826076136698,98.96003473112485,urban,2023-11-11,0.03945530164725745
14,18.76559810565482,98.96003473107459,urban,2023-11-11,0.03939369189780554
15,18.748584661185397,98.96003473109663,urban,2023-11-11,0.03938971459866308
16,18.731571231481407,98.96003473112006,urban,2023-11-11,0.03938914832277021
17,18.84213017229777,98.97559378002752,urban,2023-11-11,0.03730773334172595
18,18.82512516247161,98.9755937800094,urban,2023-11-11,0.03882334146356727
19,18.808118649028923,98.97559378000697,urban,2023-11-11,0.039461202919486356
20,18.791111130814,98.97559377086888,urban,2023-11-11,0.03945910407044043
21,18.774102133565243,98.97559378912425,urban,2023-11-11,0.03940218268636703
22,18.75709067921216,98.97559378001435,urban,2023-11-11,0.0393897145986394
23,18.740078723392486,98.97559377995805,urban,2023-11-11,0.039389714598650684
24,18.723065253201693,98.97559377995931,urban,2023-11-11,0.03910908052006283
25,18.816623633573617,98.99115280259166,urban,2023-11-11,0.03945818609348497
26,18.799616630104307,98.99115281170437,urban,2023-11-11,0.039460248487908425
27,18.782607636523494,98.9911528025845,urban,2023-11-11,0.039412367217730414
28,18.765598139329224,98.99115280251972,urban,2023-11-11,0.03938971459865509
29,18.791111125802086,99.00671258026475,urban,2023-11-11,0.0386313819303012
30,18.774102141283294,99.00671259850732,urban,2023-11-11,0.03910360493007812
1,18.74007870120448,98.91335808785006,urban,2023-11-12,NA
2,18.76559811840203,98.92891589958906,urban,2023-11-12,NA
3,18.7485846663651,98.9289158995633,urban,2023-11-12,NA
4,18.731571228912202,98.92891589956444,urban,2023-11-12,NA
5,18.791111128265864,98.94447493992463,urban,2023-11-12,NA
6,18.77410214222722,98.94447494902433,urban,2023-11-12,NA
7,18.757090678745303,98.94447493990828,urban,2023-11-12,NA
8,18.74007871834797,98.94447493987954,urban,2023-11-12,NA
9,18.723065258432655,98.94447493075144,urban,2023-11-12,NA
10,18.83362866444315,98.96003473115987,urban,2023-11-12,NA
11,18.816623631248998,98.96003473117173,urban,2023-11-12,0.031984618457608464
12,18.799616617653914,98.96003474023692,urban,2023-11-12,0.03198462009919628
13,18.7826076136698,98.96003473112485,urban,2023-11-12,0.031984619925576614
14,18.76559810565482,98.96003473107459,urban,2023-11-12,0.03198461868689685
15,18.748584661185397,98.96003473109663,urban,2023-11-12,0.031984619978649056
16,18.731571231481407,98.96003473112006,urban,2023-11-12,NA
17,18.84213017229777,98.97559378002752,urban,2023-11-12,NA
18,18.82512516247161,98.9755937800094,urban,2023-11-12,0.03198461957178683
19,18.808118649028923,98.97559378000697,urban,2023-11-12,0.031984619769962794
20,18.791111130814,98.97559377086888,urban,2023-11-12,0.03198461983724335
21,18.774102133565243,98.97559378912425,urban,2023-11-12,0.03198461970509061
22,18.75709067921216,98.97559378001435,urban,2023-11-12,0.03198461981126296
23,18.740078723392486,98.97559377995805,urban,2023-11-12,0.03198461993729926
24,18.723065253201693,98.97559377995931,urban,2023-11-12,NA
25,18.816623633573617,98.99115280259166,urban,2023-11-12,0.03198461958757971
26,18.799616630104307,98.99115281170437,urban,2023-11-12,0.031984620000511374
27,18.782607636523494,98.9911528025845,urban,2023-11-12,0.0319846197962721
28,18.765598139329224,98.99115280251972,urban,2023-11-12,0.03198461964851572
29,18.791111125802086,99.00671258026475,urban,2023-11-12,0.03198461979627506
30,18.774102141283294,99.00671259850732,urban,2023-11-12,0.031984619852840096
1,18.74007870120448,98.91335808785006,urban,2023-11-13,0.03044694475829399
2,18.76559811840203,98.92891589958906,urban,2023-11-13,0.030071066823686685
3,18.7485846663651,98.9289158995633,urban,2023-11-13,0.030446944758295943
4,18.731571228912202,98.92891589956444,urban,2023-11-13,0.030444771781780854
5,18.791111128265864,98.94447493992463,urban,2023-11-13,0.028223985806102515
6,18.77410214222722,98.94447494902433,urban,2023-11-13,0.02900861844863325
7,18.757090678745303,98.94447493990828,urban,2023-11-13,0.03044694475829055
8,18.74007871834797,98.94447493987954,urban,2023-11-13,0.030446944758288783
9,18.723065258432655,98.94447493075144,urban,2023-11-13,0.030441600375629162
10,18.83362866444315,98.96003473115987,urban,2023-11-13,0.02822869209055484
11,18.816623631248998,98.96003473117173,urban,2023-11-13,0.02822469855823302
12,18.799616617653914,98.96003474023692,urban,2023-11-13,0.028223985806117825
13,18.7826076136698,98.96003473112485,urban,2023-11-13,0.028285586496113364
14,18.76559810565482,98.96003473107459,urban,2023-11-13,0.030080129958735526
15,18.748584661185397,98.96003473109663,urban,2023-11-13,0.030446944758306473
16,18.731571231481407,98.96003473112006,urban,2023-11-13,0.03044474601955711
17,18.84213017229777,98.97559378002752,urban,2023-11-13,0.02822912484406862
18,18.82512516247161,98.9755937800094,urban,2023-11-13,0.028226683598247787
19,18.808118649028923,98.97559378000697,urban,2023-11-13,0.028223985806100766
20,18.791111130814,98.97559377086888,urban,2023-11-13,0.028223985806102088
21,18.774102133565243,98.97559378912425,urban,2023-11-13,0.02902021369807738
22,18.75709067921216,98.97559378001435,urban,2023-11-13,0.03044694475829064
23,18.740078723392486,98.97559377995805,urban,2023-11-13,0.03044694475829252
24,18.723065253201693,98.97559377995931,urban,2023-11-13,0.030441542330640396
25,18.816623633573617,98.99115280259166,urban,2023-11-13,0.028224688823756703
26,18.799616630104307,98.99115281170437,urban,2023-11-13,0.02822398580610307
27,18.782607636523494,98.9911528025845,urban,2023-11-13,0.02828636933489029
28,18.765598139329224,98.99115280251972,urban,2023-11-13,0.030087701899892485
29,18.791111125802086,99.00671258026475,urban,2023-11-13,0.028223985806106505
30,18.774102141283294,99.00671259850732,urban,2023-11-13,0.029028591453387268
1,18.74007870120448,98.91335808785006,urban,2023-11-14,0.035874796950331675
2,18.76559811840203,98.92891589958906,urban,2023-11-14,0.03266042470932008
3,18.7485846663651,98.9289158995633,urban,2023-11-14,0.0343073262501526
4,18.731571228912202,98.92891589956444,urban,2023-11-14,0.036185748286544285
5,18.791111128265864,98.94447493992463,urban,2023-11-14,0.03270706121235301
6,18.77410214222722,98.94447494902433,urban,2023-11-14,0.03289741110469866
7,18.757090678745303,98.94447493990828,urban,2023-11-14,0.032978754301121606
8,18.74007871834797,98.94447493987954,urban,2023-11-14,0.036043918725446836
9,18.723065258432655,98.94447493075144,urban,2023-11-14,0.03618582338095137
10,18.83362866444315,98.96003473115987,urban,2023-11-14,0.03330637514589559
11,18.816623631248998,98.96003473117173,urban,2023-11-14,0.03330637514588958
12,18.799616617653914,98.96003474023692,urban,2023-11-14,0.03352219588889751
13,18.7826076136698,98.96003473112485,urban,2023-11-14,0.034342926681210924
14,18.76559810565482,98.96003473107459,urban,2023-11-14,0.0336353660032869
15,18.748584661185397,98.96003473109663,urban,2023-11-14,0.03459100135247887
16,18.731571231481407,98.96003473112006,urban,2023-11-14,0.035923086354038666
17,18.84213017229777,98.97559378002752,urban,2023-11-14,0.033525894215786785
18,18.82512516247161,98.9755937800094,urban,2023-11-14,0.033306375145912996
19,18.808118649028923,98.97559378000697,urban,2023-11-14,0.03334293956879389
20,18.791111130814,98.97559377086888,urban,2023-11-14,0.034257906084632826
21,18.774102133565243,98.97559378912425,urban,2023-11-14,0.034585921245326424
22,18.75709067921216,98.97559378001435,urban,2023-11-14,0.03394253829552971
23,18.740078723392486,98.97559377995805,urban,2023-11-14,0.030809979661723066
24,18.723065253201693,98.97559377995931,urban,2023-11-14,0.031282037828532124
25,18.816623633573617,98.99115280259166,urban,2023-11-14,0.03330637514591031
26,18.799616630104307,98.99115281170437,urban,2023-11-14,0.033675736205025834
27,18.782607636523494,98.9911528025845,urban,2023-11-14,0.03460605442523488
28,18.765598139329224,98.99115280251972,urban,2023-11-14,0.034606054425234074
29,18.791111125802086,99.00671258026475,urban,2023-11-14,0.03436583701210534
30,18.774102141283294,99.00671259850732,urban,2023-11-14,0.034606054425243234
1,18.74007870120448,98.91335808785006,urban,2023-11-15,NA
2,18.76559811840203,98.92891589958906,urban,2023-11-15,NA
3,18.7485846663651,98.9289158995633,urban,2023-11-15,NA
4,18.731571228912202,98.92891589956444,urban,2023-11-15,NA
5,18.791111128265864,98.94447493992463,urban,2023-11-15,NA
6,18.77410214222722,98.94447494902433,urban,2023-11-15,NA
7,18.757090678745303,98.94447493990828,urban,2023-11-15,NA
8,18.74007871834797,98.94447493987954,urban,2023-11-15,NA
9,18.723065258432655,98.94447493075144,urban,2023-11-15,NA
10,18.83362866444315,98.96003473115987,urban,2023-11-15,NA
11,18.816623631248998,98.96003473117173,urban,2023-11-15,NA
12,18.799616617653914,98.96003474023692,urban,2023-11-15,NA
13,18.7826076136698,98.96003473112485,urban,2023-11-15,NA
14,18.76559810565482,98.96003473107459,urban,2023-11-15,NA
15,18.748584661185397,98.96003473109663,urban,2023-11-15,NA
16,18.731571231481407,98.96003473112006,urban,2023-11-15,NA
17,18.84213017229777,98.97559378002752,urban,2023-11-15,NA
18,18.82512516247161,98.9755937800094,urban,2023-11-15,NA
19,18.808118649028923,98.97559378000697,urban,2023-11-15,NA
20,18.791111130814,98.97559377086888,urban,2023-11-15,NA
21,18.774102133565243,98.97559378912425,urban,2023-11-15,NA
22,18.75709067921216,98.97559378001435,urban,2023-11-15,NA
23,18.740078723392486,98.97559377995805,urban,2023-11-15,NA
24,18.723065253201693,98.97559377995931,urban,2023-11-15,NA
25,18.816623633573617,98.99115280259166,urban,2023-11-15,NA
26,18.799616630104307,98.99115281170437,urban,2023-11-15,NA
27,18.782607636523494,98.9911528025845,urban,2023-11-15,NA
28,18.765598139329224,98.99115280251972,urban,2023-11-15,NA
29,18.791111125802086,99.00671258026475,urban,2023-11-15,NA
30,18.774102141283294,99.00671259850732,urban,2023-11-15,NA
1,18.74007870120448,98.91335808785006,urban,2023-11-16,0.02712436202222353
2,18.76559811840203,98.92891589958906,urban,2023-11-16,0.025413297116751415
3,18.7485846663651,98.9289158995633,urban,2023-11-16,0.026684356006307988
4,18.731571228912202,98.92891589956444,urban,2023-11-16,0.027139924478614345
5,18.791111128265864,98.94447493992463,urban,2023-11-16,0.025414756571512816
6,18.77410214222722,98.94447494902433,urban,2023-11-16,0.025413297116756706
7,18.757090678745303,98.94447493990828,urban,2023-11-16,0.02629900530511855
8,18.74007871834797,98.94447493987954,urban,2023-11-16,0.0271376874536332
9,18.723065258432655,98.94447493075144,urban,2023-11-16,0.02713992446661036
10,18.83362866444315,98.96003473115987,urban,2023-11-16,0.029941499188255675
11,18.816623631248998,98.96003473117173,urban,2023-11-16,0.026864799462502458
12,18.799616617653914,98.96003474023692,urban,2023-11-16,0.025413297145581586
13,18.7826076136698,98.96003473112485,urban,2023-11-16,0.025413297116758157
14,18.76559810565482,98.96003473107459,urban,2023-11-16,0.026003836986187714
15,18.748584661185397,98.96003473109663,urban,2023-11-16,0.027139924466613036
16,18.731571231481407,98.96003473112006,urban,2023-11-16,0.02713992446661396
17,18.84213017229777,98.97559378002752,urban,2023-11-16,0.03434775070580962
18,18.82512516247161,98.9755937800094,urban,2023-11-16,0.03200578041884708
19,18.808118649028923,98.97559378000697,urban,2023-11-16,0.025413341221217644
20,18.791111130814,98.97559377086888,urban,2023-11-16,0.025413297158132675
21,18.774102133565243,98.97559378912425,urban,2023-11-16,0.02578037566343266
22,18.75709067921216,98.97559378001435,urban,2023-11-16,0.02713862044880796
23,18.740078723392486,98.97559377995805,urban,2023-11-16,0.027147817242265202
24,18.723065253201693,98.97559377995931,urban,2023-11-16,0.027199490748797555
25,18.816623633573617,98.99115280259166,urban,2023-11-16,0.03462503374643151
26,18.799616630104307,98.99115281170437,urban,2023-11-16,0.02541329697148072
27,18.782607636523494,98.9911528025845,urban,2023-11-16,0.028299241708979867
28,18.765598139329224,98.99115280251972,urban,2023-11-16,0.03486555793214736
29,18.791111125802086,99.00671258026475,urban,2023-11-16,0.0367230756709404
30,18.774102141283294,99.00671259850732,urban,2023-11-16,0.03672307730610403
1,18.74007870120448,98.91335808785006,urban,2023-11-17,NA
2,18.76559811840203,98.92891589958906,urban,2023-11-17,NA
3,18.7485846663651,98.9289158995633,urban,2023-11-17,NA
4,18.731571228912202,98.92891589956444,urban,2023-11-17,NA
5,18.791111128265864,98.94447493992463,urban,2023-11-17,NA
6,18.77410214222722,98.94447494902433,urban,2023-11-17,NA
7,18.757090678745303,98.94447493990828,urban,2023-11-17,NA
8,18.74007871834797,98.94447493987954,urban,2023-11-17,NA
9,18.723065258432655,98.94447493075144,urban,2023-11-17,NA
10,18.83362866444315,98.96003473115987,urban,2023-11-17,NA
11,18.816623631248998,98.96003473117173,urban,2023-11-17,NA
12,18.799616617653914,98.96003474023692,urban,2023-11-17,NA
13,18.7826076136698,98.96003473112485,urban,2023-11-17,NA
14,18.76559810565482,98.96003473107459,urban,2023-11-17,NA
15,18.748584661185397,98.96003473109663,urban,2023-11-17,NA
16,18.731571231481407,98.96003473112006,urban,2023-11-17,NA
17,18.84213017229777,98.97559378002752,urban,2023-11-17,NA
18,18.82512516247161,98.9755937800094,urban,2023-11-17,NA
19,18.808118649028923,98.97559378000697,urban,2023-11-17,NA
20,18.791111130814,98.97559377086888,urban,2023-11-17,NA
21,18.774102133565243,98.97559378912425,urban,2023-11-17,NA
22,18.75709067921216,98.97559378001435,urban,2023-11-17,NA
23,18.740078723392486,98.97559377995805,urban,2023-11-17,NA
24,18.723065253201693,98.97559377995931,urban,2023-11-17,NA
25,18.816623633573617,98.99115280259166,urban,2023-11-17,NA
26,18.799616630104307,98.99115281170437,urban,2023-11-17,NA
27,18.782607636523494,98.9911528025845,urban,2023-11-17,NA
28,18.765598139329224,98.99115280251972,urban,2023-11-17,NA
29,18.791111125802086,99.00671258026475,urban,2023-11-17,NA
30,18.774102141283294,99.00671259850732,urban,2023-11-17,NA
1,18.74007870120448,98.91335808785006,urban,2023-11-18,0.042904082071790285
2,18.76559811840203,98.92891589958906,urban,2023-11-18,0.04370588809251126
3,18.7485846663651,98.9289158995633,urban,2023-11-18,0.043646165897203486
4,18.731571228912202,98.92891589956444,urban,2023-11-18,0.04196574145097256
5,18.791111128265864,98.94447493992463,urban,2023-11-18,0.04092545676018718
6,18.77410214222722,98.94447494902433,urban,2023-11-18,0.04358638130993397
7,18.757090678745303,98.94447493990828,urban,2023-11-18,0.04370588809251225
8,18.74007871834797,98.94447493987954,urban,2023-11-18,0.0429400257948482
9,18.723065258432655,98.94447493075144,urban,2023-11-18,0.0418844483792752
10,18.83362866444315,98.96003473115987,urban,2023-11-18,0.04108854735684118
11,18.816623631248998,98.96003473117173,urban,2023-11-18,0.04080154746770398
12,18.799616617653914,98.96003474023692,urban,2023-11-18,0.04080154746772033
13,18.7826076136698,98.96003473112485,urban,2023-11-18,0.04233558200742698
14,18.76559810565482,98.96003473107459,urban,2023-11-18,0.04370588809251618
15,18.748584661185397,98.96003473109663,urban,2023-11-18,0.04366944109000694
16,18.731571231481407,98.96003473112006,urban,2023-11-18,0.041966183501609605
17,18.84213017229777,98.97559378002752,urban,2023-11-18,0.04143882092385138
18,18.82512516247161,98.9755937800094,urban,2023-11-18,0.04084977671394931
19,18.808118649028923,98.97559378000697,urban,2023-11-18,0.04080154746770948
20,18.791111130814,98.97559377086888,urban,2023-11-18,0.0409220563421042
21,18.774102133565243,98.97559378912425,urban,2023-11-18,0.043552907786340286
22,18.75709067921216,98.97559378001435,urban,2023-11-18,0.04370588809251414
23,18.740078723392486,98.97559377995805,urban,2023-11-18,0.04296817764090314
24,18.723065253201693,98.97559377995931,urban,2023-11-18,0.041884448379281694
25,18.816623633573617,98.99115280259166,urban,2023-11-18,0.04080154746770739
26,18.799616630104307,98.99115281170437,urban,2023-11-18,0.04080154746771253
27,18.782607636523494,98.9911528025845,urban,2023-11-18,0.04228539425210573
28,18.765598139329224,98.99115280251972,urban,2023-11-18,0.0437058880925163
29,18.791111125802086,99.00671258026475,urban,2023-11-18,0.04091741477651986
30,18.774102141283294,99.00671259850732,urban,2023-11-18,0.04350621072287939
1,18.74007870120448,98.91335808785006,urban,2023-11-19,0.03746995260842736
2,18.76559811840203,98.92891589958906,urban,2023-11-19,0.037469953298575276
3,18.7485846663651,98.9289158995633,urban,2023-11-19,0.03746995393096551
4,18.731571228912202,98.92891589956444,urban,2023-11-19,NA
5,18.791111128265864,98.94447493992463,urban,2023-11-19,0.03714384834935033
6,18.77410214222722,98.94447494902433,urban,2023-11-19,0.037469953298559476
7,18.757090678745303,98.94447493990828,urban,2023-11-19,0.0374699529554867
8,18.74007871834797,98.94447493987954,urban,2023-11-19,0.037469952200287863
9,18.723065258432655,98.94447493075144,urban,2023-11-19,NA
10,18.83362866444315,98.96003473115987,urban,2023-11-19,0.031426835677615575
11,18.816623631248998,98.96003473117173,urban,2023-11-19,0.0314268359507607
12,18.799616617653914,98.96003474023692,urban,2023-11-19,0.03498339445835953
13,18.7826076136698,98.96003473112485,urban,2023-11-19,0.03746995326660701
14,18.76559810565482,98.96003473107459,urban,2023-11-19,0.03746995326480141
15,18.748584661185397,98.96003473109663,urban,2023-11-19,0.03746995386651962
16,18.731571231481407,98.96003473112006,urban,2023-11-19,NA
17,18.84213017229777,98.97559378002752,urban,2023-11-19,0.03142683497725029
18,18.82512516247161,98.9755937800094,urban,2023-11-19,0.03142683526285363
19,18.808118649028923,98.97559378000697,urban,2023-11-19,0.03201608474534891
20,18.791111130814,98.97559377086888,urban,2023-11-19,0.03738750441651487
21,18.774102133565243,98.97559378912425,urban,2023-11-19,0.03746995323403192
22,18.75709067921216,98.97559378001435,urban,2023-11-19,0.037469952746563444
23,18.740078723392486,98.97559377995805,urban,2023-11-19,NA
24,18.723065253201693,98.97559377995931,urban,2023-11-19,NA
25,18.816623633573617,98.99115280259166,urban,2023-11-19,NA
26,18.799616630104307,98.99115281170437,urban,2023-11-19,NA
27,18.782607636523494,98.9911528025845,urban,2023-11-19,NA
28,18.765598139329224,98.99115280251972,urban,2023-11-19,0.03746995283496244
29,18.791111125802086,99.00671258026475,urban,2023-11-19,NA
30,18.774102141283294,99.00671259850732,urban,2023-11-19,NA
1,18.74007870120448,98.91335808785006,urban,2023-11-20,NA
2,18.76559811840203,98.92891589958906,urban,2023-11-20,0.03557754283372213
3,18.7485846663651,98.9289158995633,urban,2023-11-20,NA
4,18.731571228912202,98.92891589956444,urban,2023-11-20,NA
5,18.791111128265864,98.94447493992463,urban,2023-11-20,0.03900162567874804
6,18.77410214222722,98.94447494902433,urban,2023-11-20,0.03844854725385875
7,18.757090678745303,98.94447493990828,urban,2023-11-20,0.03888459897183874
8,18.74007871834797,98.94447493987954,urban,2023-11-20,0.03888459899659535
9,18.723065258432655,98.94447493075144,urban,2023-11-20,0.039784190244097364
10,18.83362866444315,98.96003473115987,urban,2023-11-20,0.03891847363620742
11,18.816623631248998,98.96003473117173,urban,2023-11-20,0.03929249921555885
12,18.799616617653914,98.96003474023692,urban,2023-11-20,0.039445817470565615
13,18.7826076136698,98.96003473112485,urban,2023-11-20,0.0394128103571671
14,18.76559810565482,98.96003473107459,urban,2023-11-20,0.03889520292813591
15,18.748584661185397,98.96003473109663,urban,2023-11-20,0.03888459876181074
16,18.731571231481407,98.96003473112006,urban,2023-11-20,0.0388872092342045
17,18.84213017229777,98.97559378002752,urban,2023-11-20,0.03891799572298892
18,18.82512516247161,98.9755937800094,urban,2023-11-20,0.03912250640064236
19,18.808118649028923,98.97559378000697,urban,2023-11-20,0.03944581747054611
20,18.791111130814,98.97559377086888,urban,2023-11-20,0.039439573987281394
21,18.774102133565243,98.97559378912425,urban,2023-11-20,0.03907781254374624
22,18.75709067921216,98.97559378001435,urban,2023-11-20,0.038884598761787535
23,18.740078723392486,98.97559377995805,urban,2023-11-20,0.03888459876178968
24,18.723065253201693,98.97559377995931,urban,2023-11-20,0.03975635129713992
25,18.816623633573617,98.99115280259166,urban,2023-11-20,0.03936983983801913
26,18.799616630104307,98.99115281170437,urban,2023-11-20,0.03944581747053189
27,18.782607636523494,98.9911528025845,urban,2023-11-20,0.03928906767556866
28,18.765598139329224,98.99115280251972,urban,2023-11-20,0.03888459876177826
29,18.791111125802086,99.00671258026475,urban,2023-11-20,0.039546976704476475
30,18.774102141283294,99.00671259850732,urban,2023-11-20,0.03901543496687182
1,18.74007870120448,98.91335808785006,urban,2023-11-21,0.03833804092976932
2,18.76559811840203,98.92891589958906,urban,2023-11-21,0.038338143378491514
3,18.7485846663651,98.9289158995633,urban,2023-11-21,0.03833814337850145
4,18.731571228912202,98.92891589956444,urban,2023-11-21,0.037940017975132564
5,18.791111128265864,98.94447493992463,urban,2023-11-21,0.037078627556659235
6,18.77410214222722,98.94447494902433,urban,2023-11-21,0.0383707965538347
7,18.757090678745303,98.94447493990828,urban,2023-11-21,0.03835044940704812
8,18.74007871834797,98.94447493987954,urban,2023-11-21,0.03818711039425707
9,18.723065258432655,98.94447493075144,urban,2023-11-21,0.03759495829592425
10,18.83362866444315,98.96003473115987,urban,2023-11-21,0.03660448581280385
11,18.816623631248998,98.96003473117173,urban,2023-11-21,0.03646052256226067
12,18.799616617653914,98.96003474023692,urban,2023-11-21,0.03685889285807326
13,18.7826076136698,98.96003473112485,urban,2023-11-21,0.03878340898063551
14,18.76559810565482,98.96003473107459,urban,2023-11-21,0.03871959932566339
15,18.748584661185397,98.96003473109663,urban,2023-11-21,0.03862413194837
16,18.731571231481407,98.96003473112006,urban,2023-11-21,0.03797633975167379
17,18.84213017229777,98.97559378002752,urban,2023-11-21,0.036758923352418024
18,18.82512516247161,98.9755937800094,urban,2023-11-21,0.036460522562273306
19,18.808118649028923,98.97559378000697,urban,2023-11-21,0.03662420243910258
20,18.791111130814,98.97559377086888,urban,2023-11-21,0.038606007882633284
21,18.774102133565243,98.97559378912425,urban,2023-11-21,0.03889117762447599
22,18.75709067921216,98.97559378001435,urban,2023-11-21,0.03889082223811684
23,18.740078723392486,98.97559377995805,urban,2023-11-21,0.038880113853252005
24,18.723065253201693,98.97559377995931,urban,2023-11-21,0.0388414823083951
25,18.816623633573617,98.99115280259166,urban,2023-11-21,0.03650612748432362
26,18.799616630104307,98.99115281170437,urban,2023-11-21,0.03814155792419227
27,18.782607636523494,98.9911528025845,urban,2023-11-21,0.03889117762446262
28,18.765598139329224,98.99115280251972,urban,2023-11-21,0.03889117762445908
29,18.791111125802086,99.00671258026475,urban,2023-11-21,0.03879473058350989
30,18.774102141283294,99.00671259850732,urban,2023-11-21,0.03888941345014949
1,18.74007870120448,98.91335808785006,urban,2023-11-22,NA
2,18.76559811840203,98.92891589958906,urban,2023-11-22,NA
3,18.7485846663651,98.9289158995633,urban,2023-11-22,NA
4,18.731571228912202,98.92891589956444,urban,2023-11-22,NA
5,18.791111128265864,98.94447493992463,urban,2023-11-22,NA
6,18.77410214222722,98.94447494902433,urban,2023-11-22,NA
7,18.757090678745303,98.94447493990828,urban,2023-11-22,NA
8,18.74007871834797,98.94447493987954,urban,2023-11-22,NA
9,18.723065258432655,98.94447493075144,urban,2023-11-22,NA
10,18.83362866444315,98.96003473115987,urban,2023-11-22,NA
11,18.816623631248998,98.96003473117173,urban,2023-11-22,NA
12,18.799616617653914,98.96003474023692,urban,2023-11-22,NA
13,18.7826076136698,98.96003473112485,urban,2023-11-22,NA
14,18.76559810565482,98.96003473107459,urban,2023-11-22,NA
15,18.748584661185397,98.96003473109663,urban,2023-11-22,NA
16,18.731571231481407,98.96003473112006,urban,2023-11-22,NA
17,18.84213017229777,98.97559378002752,urban,2023-11-22,NA
18,18.82512516247161,98.9755937800094,urban,2023-11-22,NA
19,18.808118649028923,98.97559378000697,urban,2023-11-22,NA
20,18.791111130814,98.97559377086888,urban,2023-11-22,NA
21,18.774102133565243,98.97559378912425,urban,2023-11-22,NA
22,18.75709067921216,98.97559378001435,urban,2023-11-22,NA
23,18.740078723392486,98.97559377995805,urban,2023-11-22,NA
24,18.723065253201693,98.97559377995931,urban,2023-11-22,NA
25,18.816623633573617,98.99115280259166,urban,2023-11-22,NA
26,18.799616630104307,98.99115281170437,urban,2023-11-22,NA
27,18.782607636523494,98.9911528025845,urban,2023-11-22,NA
28,18.765598139329224,98.99115280251972,urban,2023-11-22,NA
29,18.791111125802086,99.00671258026475,urban,2023-11-22,NA
30,18.774102141283294,99.00671259850732,urban,2023-11-22,NA
1,18.74007870120448,98.91335808785006,urban,2023-11-23,NA
2,18.76559811840203,98.92891589958906,urban,2023-11-23,NA
3,18.7485846663651,98.9289158995633,urban,2023-11-23,NA
4,18.731571228912202,98.92891589956444,urban,2023-11-23,NA
5,18.791111128265864,98.94447493992463,urban,2023-11-23,NA
6,18.77410214222722,98.94447494902433,urban,2023-11-23,NA
7,18.757090678745303,98.94447493990828,urban,2023-11-23,NA
8,18.74007871834797,98.94447493987954,urban,2023-11-23,NA
9,18.723065258432655,98.94447493075144,urban,2023-11-23,NA
10,18.83362866444315,98.96003473115987,urban,2023-11-23,NA
11,18.816623631248998,98.96003473117173,urban,2023-11-23,NA
12,18.799616617653914,98.96003474023692,urban,2023-11-23,NA
13,18.7826076136698,98.96003473112485,urban,2023-11-23,NA
14,18.76559810565482,98.96003473107459,urban,2023-11-23,NA
15,18.748584661185397,98.96003473109663,urban,2023-11-23,NA
16,18.731571231481407,98.96003473112006,urban,2023-11-23,NA
17,18.84213017229777,98.97559378002752,urban,2023-11-23,NA
18,18.82512516247161,98.9755937800094,urban,2023-11-23,NA
19,18.808118649028923,98.97559378000697,urban,2023-11-23,NA
20,18.791111130814,98.97559377086888,urban,2023-11-23,NA
21,18.774102133565243,98.97559378912425,urban,2023-11-23,NA
22,18.75709067921216,98.97559378001435,urban,2023-11-23,NA
23,18.740078723392486,98.97559377995805,urban,2023-11-23,NA
24,18.723065253201693,98.97559377995931,urban,2023-11-23,NA
25,18.816623633573617,98.99115280259166,urban,2023-11-23,NA
26,18.799616630104307,98.99115281170437,urban,2023-11-23,NA
27,18.782607636523494,98.9911528025845,urban,2023-11-23,NA
28,18.765598139329224,98.99115280251972,urban,2023-11-23,NA
29,18.791111125802086,99.00671258026475,urban,2023-11-23,NA
30,18.774102141283294,99.00671259850732,urban,2023-11-23,NA
1,18.74007870120448,98.91335808785006,urban,2023-11-24,NA
2,18.76559811840203,98.92891589958906,urban,2023-11-24,NA
3,18.7485846663651,98.9289158995633,urban,2023-11-24,NA
4,18.731571228912202,98.92891589956444,urban,2023-11-24,NA
5,18.791111128265864,98.94447493992463,urban,2023-11-24,NA
6,18.77410214222722,98.94447494902433,urban,2023-11-24,NA
7,18.757090678745303,98.94447493990828,urban,2023-11-24,NA
8,18.74007871834797,98.94447493987954,urban,2023-11-24,NA
9,18.723065258432655,98.94447493075144,urban,2023-11-24,NA
10,18.83362866444315,98.96003473115987,urban,2023-11-24,NA
11,18.816623631248998,98.96003473117173,urban,2023-11-24,NA
12,18.799616617653914,98.96003474023692,urban,2023-11-24,NA
13,18.7826076136698,98.96003473112485,urban,2023-11-24,NA
14,18.76559810565482,98.96003473107459,urban,2023-11-24,NA
15,18.748584661185397,98.96003473109663,urban,2023-11-24,NA
16,18.731571231481407,98.96003473112006,urban,2023-11-24,NA
17,18.84213017229777,98.97559378002752,urban,2023-11-24,NA
18,18.82512516247161,98.9755937800094,urban,2023-11-24,NA
19,18.808118649028923,98.97559378000697,urban,2023-11-24,NA
20,18.791111130814,98.97559377086888,urban,2023-11-24,NA
21,18.774102133565243,98.97559378912425,urban,2023-11-24,NA
22,18.75709067921216,98.97559378001435,urban,2023-11-24,NA
23,18.740078723392486,98.97559377995805,urban,2023-11-24,NA
24,18.723065253201693,98.97559377995931,urban,2023-11-24,NA
25,18.816623633573617,98.99115280259166,urban,2023-11-24,NA
26,18.799616630104307,98.99115281170437,urban,2023-11-24,NA
27,18.782607636523494,98.9911528025845,urban,2023-11-24,NA
28,18.765598139329224,98.99115280251972,urban,2023-11-24,NA
29,18.791111125802086,99.00671258026475,urban,2023-11-24,NA
30,18.774102141283294,99.00671259850732,urban,2023-11-24,NA
1,18.74007870120448,98.91335808785006,urban,2023-11-25,0.03803669613255424
2,18.76559811840203,98.92891589958906,urban,2023-11-25,0.0392500013113044
3,18.7485846663651,98.9289158995633,urban,2023-11-25,0.039530914337693616
4,18.731571228912202,98.92891589956444,urban,2023-11-25,0.03979301235121057
5,18.791111128265864,98.94447493992463,urban,2023-11-25,0.039250001311299555
6,18.77410214222722,98.94447494902433,urban,2023-11-25,0.03925000131130156
7,18.757090678745303,98.94447493990828,urban,2023-11-25,0.03930723799245621
8,18.74007871834797,98.94447493987954,urban,2023-11-25,0.03981255310816352
9,18.723065258432655,98.94447493075144,urban,2023-11-25,0.03983277082443113
10,18.83362866444315,98.96003473115987,urban,2023-11-25,0.03449163213371055
11,18.816623631248998,98.96003473117173,urban,2023-11-25,0.03465605756950008
12,18.799616617653914,98.96003474023692,urban,2023-11-25,0.038104619312413296
13,18.7826076136698,98.96003473112485,urban,2023-11-25,0.03925000131129473
14,18.76559810565482,98.96003473107459,urban,2023-11-25,0.03925000131128626
15,18.748584661185397,98.96003473109663,urban,2023-11-25,0.03960869893330089
16,18.731571231481407,98.96003473112006,urban,2023-11-25,0.039832770824416226
17,18.84213017229777,98.97559378002752,urban,2023-11-25,0.03456703520690934
18,18.82512516247161,98.9755937800094,urban,2023-11-25,0.0344967410380372
19,18.808118649028923,98.97559378000697,urban,2023-11-25,0.03642139349536484
20,18.791111130814,98.97559377086888,urban,2023-11-25,0.039250001311311324
21,18.774102133565243,98.97559378912425,urban,2023-11-25,0.03925000131130973
22,18.75709067921216,98.97559378001435,urban,2023-11-25,0.03938051588566384
23,18.740078723392486,98.97559377995805,urban,2023-11-25,0.039819230088721715
24,18.723065253201693,98.97559377995931,urban,2023-11-25,0.03983277082444049
25,18.816623633573617,98.99115280259166,urban,2023-11-25,0.03684182836665312
26,18.799616630104307,98.99115281170437,urban,2023-11-25,0.03914867784200721
27,18.782607636523494,98.9911528025845,urban,2023-11-25,0.039494995132494125
28,18.765598139329224,98.99115280251972,urban,2023-11-25,0.039352437284960795
29,18.791111125802086,99.00671258026475,urban,2023-11-25,0.04039573365658668
30,18.774102141283294,99.00671259850732,urban,2023-11-25,0.04028257740472131
1,18.74007870120448,98.91335808785006,urban,2023-11-26,0.035890592522226
2,18.76559811840203,98.92891589958906,urban,2023-11-26,0.035644106566909896
3,18.7485846663651,98.9289158995633,urban,2023-11-26,0.035645070909944156
4,18.731571228912202,98.92891589956444,urban,2023-11-26,0.03643711934388524
5,18.791111128265864,98.94447493992463,urban,2023-11-26,0.03117719877781257
6,18.77410214222722,98.94447494902433,urban,2023-11-26,0.035644106566904074
7,18.757090678745303,98.94447493990828,urban,2023-11-26,0.03564410656690434
8,18.74007871834797,98.94447493987954,urban,2023-11-26,0.03611658752387875
9,18.723065258432655,98.94447493075144,urban,2023-11-26,0.03661759564125356
10,18.83362866444315,98.96003473115987,urban,2023-11-26,0.03645988876809861
11,18.816623631248998,98.96003473117173,urban,2023-11-26,0.035299758956920134
12,18.799616617653914,98.96003474023692,urban,2023-11-26,0.03441686177270487
13,18.7826076136698,98.96003473112485,urban,2023-11-26,0.034998207357689076
14,18.76559810565482,98.96003473107459,urban,2023-11-26,0.035476010668136534
15,18.748584661185397,98.96003473109663,urban,2023-11-26,0.0358567430369874
16,18.731571231481407,98.96003473112006,urban,2023-11-26,0.036602850693958945
17,18.84213017229777,98.97559378002752,urban,2023-11-26,0.03635221929078792
18,18.82512516247161,98.9755937800094,urban,2023-11-26,0.03659600764512652
19,18.808118649028923,98.97559378000697,urban,2023-11-26,0.036374533126683206
20,18.791111130814,98.97559377086888,urban,2023-11-26,0.03511119313665909
21,18.774102133565243,98.97559378912425,urban,2023-11-26,0.035109033143413536
22,18.75709067921216,98.97559378001435,urban,2023-11-26,0.03511569005900861
23,18.740078723392486,98.97559377995805,urban,2023-11-26,0.03654282130983625
24,18.723065253201693,98.97559377995931,urban,2023-11-26,0.03666118518817819
25,18.816623633573617,98.99115280259166,urban,2023-11-26,0.03653930547645374
26,18.799616630104307,98.99115281170437,urban,2023-11-26,0.03544641803731182
27,18.782607636523494,98.9911528025845,urban,2023-11-26,0.03510389465793252
28,18.765598139329224,98.99115280251972,urban,2023-11-26,0.03510383144020424
29,18.791111125802086,99.00671258026475,urban,2023-11-26,0.03510383144021088
30,18.774102141283294,99.00671259850732,urban,2023-11-26,0.03510383144020919
1,18.74007870120448,98.91335808785006,urban,2023-11-27,NA
2,18.76559811840203,98.92891589958906,urban,2023-11-27,0.0327915288350584
3,18.7485846663651,98.9289158995633,urban,2023-11-27,NA
4,18.731571228912202,98.92891589956444,urban,2023-11-27,0.03742303353829943
5,18.791111128265864,98.94447493992463,urban,2023-11-27,0.03279152930349624
6,18.77410214222722,98.94447494902433,urban,2023-11-27,NA
7,18.757090678745303,98.94447493990828,urban,2023-11-27,NA
8,18.74007871834797,98.94447493987954,urban,2023-11-27,0.0374230332054035
9,18.723065258432655,98.94447493075144,urban,2023-11-27,0.037423032768902
10,18.83362866444315,98.96003473115987,urban,2023-11-27,0.032791528169468676
11,18.816623631248998,98.96003473117173,urban,2023-11-27,0.032791528503601904
12,18.799616617653914,98.96003474023692,urban,2023-11-27,0.03279152912348213
13,18.7826076136698,98.96003473112485,urban,2023-11-27,0.03279152854550079
14,18.76559810565482,98.96003473107459,urban,2023-11-27,NA
15,18.748584661185397,98.96003473109663,urban,2023-11-27,0.03742303436925214
16,18.731571231481407,98.96003473112006,urban,2023-11-27,0.03742303318425151
17,18.84213017229777,98.97559378002752,urban,2023-11-27,NA
18,18.82512516247161,98.9755937800094,urban,2023-11-27,NA
19,18.808118649028923,98.97559378000697,urban,2023-11-27,NA
20,18.791111130814,98.97559377086888,urban,2023-11-27,NA
21,18.774102133565243,98.97559378912425,urban,2023-11-27,NA
22,18.75709067921216,98.97559378001435,urban,2023-11-27,NA
23,18.740078723392486,98.97559377995805,urban,2023-11-27,0.03742303421746287
24,18.723065253201693,98.97559377995931,urban,2023-11-27,0.03742303395626026
25,18.816623633573617,98.99115280259166,urban,2023-11-27,NA
26,18.799616630104307,98.99115281170437,urban,2023-11-27,NA
27,18.782607636523494,98.9911528025845,urban,2023-11-27,NA
28,18.765598139329224,98.99115280251972,urban,2023-11-27,NA
29,18.791111125802086,99.00671258026475,urban,2023-11-27,NA
30,18.774102141283294,99.00671259850732,urban,2023-11-27,NA
1,18.74007870120448,98.91335808785006,urban,2023-11-28,0.0381495308909175
2,18.76559811840203,98.92891589958906,urban,2023-11-28,NA
3,18.7485846663651,98.9289158995633,urban,2023-11-28,0.0381495320625224
4,18.731571228912202,98.92891589956444,urban,2023-11-28,0.03814953191224595
5,18.791111128265864,98.94447493992463,urban,2023-11-28,NA
6,18.77410214222722,98.94447494902433,urban,2023-11-28,NA
7,18.757090678745303,98.94447493990828,urban,2023-11-28,0.03814953220939206
8,18.74007871834797,98.94447493987954,urban,2023-11-28,0.03814953204264176
9,18.723065258432655,98.94447493075144,urban,2023-11-28,0.03814953193067848
10,18.83362866444315,98.96003473115987,urban,2023-11-28,0.033442456193681774
11,18.816623631248998,98.96003473117173,urban,2023-11-28,0.03344245650853208
12,18.799616617653914,98.96003474023692,urban,2023-11-28,NA
13,18.7826076136698,98.96003473112485,urban,2023-11-28,NA
14,18.76559810565482,98.96003473107459,urban,2023-11-28,0.03814953309192157
15,18.748584661185397,98.96003473109663,urban,2023-11-28,0.03814953170886859
16,18.731571231481407,98.96003473112006,urban,2023-11-28,0.03814953193069855
17,18.84213017229777,98.97559378002752,urban,2023-11-28,0.033442456275221674
18,18.82512516247161,98.9755937800094,urban,2023-11-28,0.033442456136560085
19,18.808118649028923,98.97559378000697,urban,2023-11-28,0.0334424575283898
20,18.791111130814,98.97559377086888,urban,2023-11-28,NA
21,18.774102133565243,98.97559378912425,urban,2023-11-28,0.03814953251518924
22,18.75709067921216,98.97559378001435,urban,2023-11-28,0.03814953261663908
23,18.740078723392486,98.97559377995805,urban,2023-11-28,0.03814953193068402
24,18.723065253201693,98.97559377995931,urban,2023-11-28,0.038193313232531584
25,18.816623633573617,98.99115280259166,urban,2023-11-28,0.03312333793448495
26,18.799616630104307,98.99115281170437,urban,2023-11-28,NA
27,18.782607636523494,98.9911528025845,urban,2023-11-28,0.03814953258512299
28,18.765598139329224,98.99115280251972,urban,2023-11-28,0.03814953208136084
29,18.791111125802086,99.00671258026475,urban,2023-11-28,0.03248202370373383
30,18.774102141283294,99.00671259850732,urban,2023-11-28,0.03790075364523364
1,18.74007870120448,98.91335808785006,urban,2023-11-29,0.0377731326282463
2,18.76559811840203,98.92891589958906,urban,2023-11-29,0.035013172775511005
3,18.7485846663651,98.9289158995633,urban,2023-11-29,0.03632174348693664
4,18.731571228912202,98.92891589956444,urban,2023-11-29,0.03790192306042175
5,18.791111128265864,98.94447493992463,urban,2023-11-29,0.03494407599476574
6,18.77410214222722,98.94447494902433,urban,2023-11-29,0.03501317277549994
7,18.757090678745303,98.94447493990828,urban,2023-11-29,0.03502922560135844
8,18.74007871834797,98.94447493987954,urban,2023-11-29,0.03777436402650162
9,18.723065258432655,98.94447493075144,urban,2023-11-29,0.0379019230604119
10,18.83362866444315,98.96003473115987,urban,2023-11-29,0.0333569765177758
11,18.816623631248998,98.96003473117173,urban,2023-11-29,0.03327608853579444
12,18.799616617653914,98.96003474023692,urban,2023-11-29,0.034281186006985015
13,18.7826076136698,98.96003473112485,urban,2023-11-29,0.03501317277551707
14,18.76559810565482,98.96003473107459,urban,2023-11-29,0.03501317277551565
15,18.748584661185397,98.96003473109663,urban,2023-11-29,0.036336977203747
16,18.731571231481407,98.96003473112006,urban,2023-11-29,0.03790192306042599
17,18.84213017229777,98.97559378002752,urban,2023-11-29,0.0338065985063553
18,18.82512516247161,98.9755937800094,urban,2023-11-29,0.03327608853577988
19,18.808118649028923,98.97559378000697,urban,2023-11-29,0.03342933061910515
20,18.791111130814,98.97559377086888,urban,2023-11-29,0.03494925336156886
21,18.774102133565243,98.97559378912425,urban,2023-11-29,0.03501317277550132
22,18.75709067921216,98.97559378001435,urban,2023-11-29,0.035040709418198444
23,18.740078723392486,98.97559377995805,urban,2023-11-29,0.03777547182601116
24,18.723065253201693,98.97559377995931,urban,2023-11-29,0.03790192306041168
25,18.816623633573617,98.99115280259166,urban,2023-11-29,0.03327608853579259
26,18.799616630104307,98.99115281170437,urban,2023-11-29,0.034291303298059676
27,18.782607636523494,98.9911528025845,urban,2023-11-29,0.03501317277551102
28,18.765598139329224,98.99115280251972,urban,2023-11-29,0.03501317277551381
29,18.791111125802086,99.00671258026475,urban,2023-11-29,0.03495339907265642
30,18.774102141283294,99.00671259850732,urban,2023-11-29,0.03501317277549819
1,18.74007870120448,98.91335808785006,urban,2023-11-30,0.03743143683620913
2,18.76559811840203,98.92891589958906,urban,2023-11-30,NA
3,18.7485846663651,98.9289158995633,urban,2023-11-30,NA
4,18.731571228912202,98.92891589956444,urban,2023-11-30,NA
5,18.791111128265864,98.94447493992463,urban,2023-11-30,NA
6,18.77410214222722,98.94447494902433,urban,2023-11-30,NA
7,18.757090678745303,98.94447493990828,urban,2023-11-30,NA
8,18.74007871834797,98.94447493987954,urban,2023-11-30,NA
9,18.723065258432655,98.94447493075144,urban,2023-11-30,NA
10,18.83362866444315,98.96003473115987,urban,2023-11-30,NA
11,18.816623631248998,98.96003473117173,urban,2023-11-30,NA
12,18.799616617653914,98.96003474023692,urban,2023-11-30,NA
13,18.7826076136698,98.96003473112485,urban,2023-11-30,NA
14,18.76559810565482,98.96003473107459,urban,2023-11-30,NA
15,18.748584661185397,98.96003473109663,urban,2023-11-30,NA
16,18.731571231481407,98.96003473112006,urban,2023-11-30,NA
17,18.84213017229777,98.97559378002752,urban,2023-11-30,NA
18,18.82512516247161,98.9755937800094,urban,2023-11-30,NA
19,18.808118649028923,98.97559378000697,urban,2023-11-30,NA
20,18.791111130814,98.97559377086888,urban,2023-11-30,NA
21,18.774102133565243,98.97559378912425,urban,2023-11-30,NA
22,18.75709067921216,98.97559378001435,urban,2023-11-30,NA
23,18.740078723392486,98.97559377995805,urban,2023-11-30,NA
24,18.723065253201693,98.97559377995931,urban,2023-11-30,NA
25,18.816623633573617,98.99115280259166,urban,2023-11-30,NA
26,18.799616630104307,98.99115281170437,urban,2023-11-30,NA
27,18.782607636523494,98.9911528025845,urban,2023-11-30,NA
28,18.765598139329224,98.99115280251972,urban,2023-11-30,NA
29,18.791111125802086,99.00671258026475,urban,2023-11-30,0.03303891400438104
30,18.774102141283294,99.00671259850732,urban,2023-11-30,0.03303891394532281
1,18.74007870120448,98.91335808785006,urban,2023-12-01,0.03707486223231004
2,18.76559811840203,98.92891589958906,urban,2023-12-01,0.036550521547271404
3,18.7485846663651,98.9289158995633,urban,2023-12-01,0.036705323668956936
4,18.731571228912202,98.92891589956444,urban,2023-12-01,0.038098784031168315
5,18.791111128265864,98.94447493992463,urban,2023-12-01,0.03731497920333481
6,18.77410214222722,98.94447494902433,urban,2023-12-01,0.0371289385896616
7,18.757090678745303,98.94447493990828,urban,2023-12-01,0.03706751874487255
8,18.74007871834797,98.94447493987954,urban,2023-12-01,0.03886288959978681
9,18.723065258432655,98.94447493075144,urban,2023-12-01,0.03912061331330921
10,18.83362866444315,98.96003473115987,urban,2023-12-01,0.03849497719593426
11,18.816623631248998,98.96003473117173,urban,2023-12-01,0.038484597766492774
12,18.799616617653914,98.96003474023692,urban,2023-12-01,0.03764398762846867
13,18.7826076136698,98.96003473112485,urban,2023-12-01,0.03719019144773934
14,18.76559810565482,98.96003473107459,urban,2023-12-01,0.037212436621511615
15,18.748584661185397,98.96003473109663,urban,2023-12-01,0.038374712402505035
16,18.731571231481407,98.96003473112006,urban,2023-12-01,0.04005138095617557
17,18.84213017229777,98.97559378002752,urban,2023-12-01,0.03849844419743312
18,18.82512516247161,98.9755937800094,urban,2023-12-01,0.038494981825326326
19,18.808118649028923,98.97559378000697,urban,2023-12-01,0.03813220717565251
20,18.791111130814,98.97559377086888,urban,2023-12-01,0.037190191447714765
21,18.774102133565243,98.97559378912425,urban,2023-12-01,0.03719019144771438
22,18.75709067921216,98.97559378001435,urban,2023-12-01,0.03763027521899747
23,18.740078723392486,98.97559377995805,urban,2023-12-01,0.03995405708043183
24,18.723065253201693,98.97559377995931,urban,2023-12-01,0.040064662694909145
25,18.816623633573617,98.99115280259166,urban,2023-12-01,0.039296066096435656
26,18.799616630104307,98.99115281170437,urban,2023-12-01,0.037789192459408816
27,18.782607636523494,98.9911528025845,urban,2023-12-01,0.037195144469803994
28,18.765598139329224,98.99115280251972,urban,2023-12-01,0.037765090484161636
29,18.791111125802086,99.00671258026475,urban,2023-12-01,0.04094912364350397
30,18.774102141283294,99.00671259850732,urban,2023-12-01,0.03973386860736287
1,18.74007870120448,98.91335808785006,urban,2023-12-02,0.039263979450985476
2,18.76559811840203,98.92891589958906,urban,2023-12-02,0.03904752805828808
3,18.7485846663651,98.9289158995633,urban,2023-12-02,0.039076964228265905
4,18.731571228912202,98.92891589956444,urban,2023-12-02,0.040839791677570625
5,18.791111128265864,98.94447493992463,urban,2023-12-02,0.03771334446349692
6,18.77410214222722,98.94447494902433,urban,2023-12-02,0.0384075829297198
7,18.757090678745303,98.94447493990828,urban,2023-12-02,0.03885957555442094
8,18.74007871834797,98.94447493987954,urban,2023-12-02,0.04036321407729683
9,18.723065258432655,98.94447493075144,urban,2023-12-02,0.041188171031399066
10,18.83362866444315,98.96003473115987,urban,2023-12-02,0.02488666959106364
11,18.816623631248998,98.96003473117173,urban,2023-12-02,0.025165921120279006
12,18.799616617653914,98.96003474023692,urban,2023-12-02,0.031680176752659786
13,18.7826076136698,98.96003473112485,urban,2023-12-02,0.03435015792833085
14,18.76559810565482,98.96003473107459,urban,2023-12-02,0.03513395694504975
15,18.748584661185397,98.96003473109663,urban,2023-12-02,0.03546171603929008
16,18.731571231481407,98.96003473112006,urban,2023-12-02,0.03795843606240506
17,18.84213017229777,98.97559378002752,urban,2023-12-02,0.024886669479654164
18,18.82512516247161,98.9755937800094,urban,2023-12-02,0.024886669591065134
19,18.808118649028923,98.97559378000697,urban,2023-12-02,0.02887065200757291
20,18.791111130814,98.97559377086888,urban,2023-12-02,0.03404573351145424
21,18.774102133565243,98.97559378912425,urban,2023-12-02,0.03404573351146387
22,18.75709067921216,98.97559378001435,urban,2023-12-02,0.03354588911067505
23,18.740078723392486,98.97559377995805,urban,2023-12-02,0.03134765552576996
24,18.723065253201693,98.97559377995931,urban,2023-12-02,0.03447094315467014
25,18.816623633573617,98.99115280259166,urban,2023-12-02,0.026727781174099064
26,18.799616630104307,98.99115281170437,urban,2023-12-02,0.03393768238878597
27,18.782607636523494,98.9911528025845,urban,2023-12-02,0.03404573351143843
28,18.765598139329224,98.99115280251972,urban,2023-12-02,0.03399138835672139
29,18.791111125802086,99.00671258026475,urban,2023-12-02,0.03404573351144262
30,18.774102141283294,99.00671259850732,urban,2023-12-02,0.03404573351144356
1,18.74007870120448,98.91335808785006,urban,2023-12-03,NA
2,18.76559811840203,98.92891589958906,urban,2023-12-03,NA
3,18.7485846663651,98.9289158995633,urban,2023-12-03,NA
4,18.731571228912202,98.92891589956444,urban,2023-12-03,NA
5,18.791111128265864,98.94447493992463,urban,2023-12-03,NA
6,18.77410214222722,98.94447494902433,urban,2023-12-03,NA
7,18.757090678745303,98.94447493990828,urban,2023-12-03,NA
8,18.74007871834797,98.94447493987954,urban,2023-12-03,NA
9,18.723065258432655,98.94447493075144,urban,2023-12-03,NA
10,18.83362866444315,98.96003473115987,urban,2023-12-03,NA
11,18.816623631248998,98.96003473117173,urban,2023-12-03,NA
12,18.799616617653914,98.96003474023692,urban,2023-12-03,NA
13,18.7826076136698,98.96003473112485,urban,2023-12-03,NA
14,18.76559810565482,98.96003473107459,urban,2023-12-03,NA
15,18.748584661185397,98.96003473109663,urban,2023-12-03,NA
16,18.731571231481407,98.96003473112006,urban,2023-12-03,NA
17,18.84213017229777,98.97559378002752,urban,2023-12-03,NA
18,18.82512516247161,98.9755937800094,urban,2023-12-03,NA
19,18.808118649028923,98.97559378000697,urban,2023-12-03,NA
20,18.791111130814,98.97559377086888,urban,2023-12-03,NA
21,18.774102133565243,98.97559378912425,urban,2023-12-03,NA
22,18.75709067921216,98.97559378001435,urban,2023-12-03,NA
23,18.740078723392486,98.97559377995805,urban,2023-12-03,NA
24,18.723065253201693,98.97559377995931,urban,2023-12-03,NA
25,18.816623633573617,98.99115280259166,urban,2023-12-03,NA
26,18.799616630104307,98.99115281170437,urban,2023-12-03,NA
27,18.782607636523494,98.9911528025845,urban,2023-12-03,NA
28,18.765598139329224,98.99115280251972,urban,2023-12-03,NA
29,18.791111125802086,99.00671258026475,urban,2023-12-03,NA
30,18.774102141283294,99.00671259850732,urban,2023-12-03,NA
1,18.74007870120448,98.91335808785006,urban,2023-12-04,0.03812029207947252
2,18.76559811840203,98.92891589958906,urban,2023-12-04,0.03906477280315994
3,18.7485846663651,98.9289158995633,urban,2023-12-04,0.038120291457324276
4,18.731571228912202,98.92891589956444,urban,2023-12-04,0.03812029246556401
5,18.791111128265864,98.94447493992463,urban,2023-12-04,0.03992726281285036
6,18.77410214222722,98.94447494902433,urban,2023-12-04,0.03992726233328169
7,18.757090678745303,98.94447493990828,urban,2023-12-04,NA
8,18.74007871834797,98.94447493987954,urban,2023-12-04,NA
9,18.723065258432655,98.94447493075144,urban,2023-12-04,0.04048672760285852
10,18.83362866444315,98.96003473115987,urban,2023-12-04,0.03980110958218704
11,18.816623631248998,98.96003473117173,urban,2023-12-04,0.03986397063183632
12,18.799616617653914,98.96003474023692,urban,2023-12-04,0.03992726281285938
13,18.7826076136698,98.96003473112485,urban,2023-12-04,0.039927262821297826
14,18.76559810565482,98.96003473107459,urban,2023-12-04,0.039927263007153324
15,18.748584661185397,98.96003473109663,urban,2023-12-04,NA
16,18.731571231481407,98.96003473112006,urban,2023-12-04,NA
17,18.84213017229777,98.97559378002752,urban,2023-12-04,0.03980110958217684
18,18.82512516247161,98.9755937800094,urban,2023-12-04,0.03981339783185371
19,18.808118649028923,98.97559378000697,urban,2023-12-04,0.03991323054444049
20,18.791111130814,98.97559377086888,urban,2023-12-04,0.03992726281284627
21,18.774102133565243,98.97559378912425,urban,2023-12-04,0.03992726278531195
22,18.75709067921216,98.97559378001435,urban,2023-12-04,NA
23,18.740078723392486,98.97559377995805,urban,2023-12-04,NA
24,18.723065253201693,98.97559377995931,urban,2023-12-04,0.04048672764999226
25,18.816623633573617,98.99115280259166,urban,2023-12-04,0.03986110124198956
26,18.799616630104307,98.99115281170437,urban,2023-12-04,0.03992726281286243
27,18.782607636523494,98.9911528025845,urban,2023-12-04,0.03992726281523946
28,18.765598139329224,98.99115280251972,urban,2023-12-04,0.03992726289655554
29,18.791111125802086,99.00671258026475,urban,2023-12-04,0.03992726281284276
30,18.774102141283294,99.00671259850732,urban,2023-12-04,0.03992726265170008
1,18.74007870120448,98.91335808785006,urban,2023-12-05,0.04247616288255756
2,18.76559811840203,98.92891589958906,urban,2023-12-05,0.041491243988280295
3,18.7485846663651,98.9289158995633,urban,2023-12-05,0.04223315769962863
4,18.731571228912202,98.92891589956444,urban,2023-12-05,0.04313049582794197
5,18.791111128265864,98.94447493992463,urban,2023-12-05,0.041213143769849934
6,18.77410214222722,98.94447494902433,urban,2023-12-05,0.04149124398827093
7,18.757090678745303,98.94447493990828,urban,2023-12-05,0.041890373432315095
8,18.74007871834797,98.94447493987954,urban,2023-12-05,0.04266818286049112
9,18.723065258432655,98.94447493075144,urban,2023-12-05,0.04317575693130173
10,18.83362866444315,98.96003473115987,urban,2023-12-05,0.04013546928764647
11,18.816623631248998,98.96003473117173,urban,2023-12-05,0.040135469287636026
12,18.799616617653914,98.96003474023692,urban,2023-12-05,0.040615330555926886
13,18.7826076136698,98.96003473112485,urban,2023-12-05,0.04149124398828301
14,18.76559810565482,98.96003473107459,urban,2023-12-05,0.04149124398828307
15,18.748584661185397,98.96003473109663,urban,2023-12-05,0.042454457201870105
16,18.731571231481407,98.96003473112006,urban,2023-12-05,0.043141980184273954
17,18.84213017229777,98.97559378002752,urban,2023-12-05,0.040102994198187795
18,18.82512516247161,98.9755937800094,urban,2023-12-05,0.040135469287645865
19,18.808118649028923,98.97559378000697,urban,2023-12-05,0.040208304343282215
20,18.791111130814,98.97559377086888,urban,2023-12-05,0.04126250746120735
21,18.774102133565243,98.97559378912425,urban,2023-12-05,0.04149124398828601
22,18.75709067921216,98.97559378001435,urban,2023-12-05,0.041967455646693665
23,18.740078723392486,98.97559377995805,urban,2023-12-05,0.042768414163709675
24,18.723065253201693,98.97559377995931,urban,2023-12-05,0.04317575693131669
25,18.816623633573617,98.99115280259166,urban,2023-12-05,0.04013546928763014
26,18.799616630104307,98.99115281170437,urban,2023-12-05,0.040695937357275454
27,18.782607636523494,98.9911528025845,urban,2023-12-05,0.04149124398827465
28,18.765598139329224,98.99115280251972,urban,2023-12-05,0.041491243988274334
29,18.791111125802086,99.00671258026475,urban,2023-12-05,0.04133014737234773
30,18.774102141283294,99.00671259850732,urban,2023-12-05,0.041491243988274494
1,18.74007870120448,98.91335808785006,urban,2023-12-06,0.038290176346940166
2,18.76559811840203,98.92891589958906,urban,2023-12-06,0.04103521257852021
3,18.7485846663651,98.9289158995633,urban,2023-12-06,0.03970478334049892
4,18.731571228912202,98.92891589956444,urban,2023-12-06,0.03938432078677666
5,18.791111128265864,98.94447493992463,urban,2023-12-06,0.04062681513129602
6,18.77410214222722,98.94447494902433,urban,2023-12-06,0.04305283352732487
7,18.757090678745303,98.94447493990828,urban,2023-12-06,0.04304920745986283
8,18.74007871834797,98.94447493987954,urban,2023-12-06,0.0411846724587078
9,18.723065258432655,98.94447493075144,urban,2023-12-06,0.04021094874022213
10,18.83362866444315,98.96003473115987,urban,2023-12-06,0.036779090762141746
11,18.816623631248998,98.96003473117173,urban,2023-12-06,0.03690168806889479
12,18.799616617653914,98.96003474023692,urban,2023-12-06,0.038232563085545734
13,18.7826076136698,98.96003473112485,urban,2023-12-06,0.043052833527332635
14,18.76559810565482,98.96003473107459,urban,2023-12-06,0.04305283352732929
15,18.748584661185397,98.96003473109663,urban,2023-12-06,0.042103463384138305
16,18.731571231481407,98.96003473112006,urban,2023-12-06,0.04118582309016473
17,18.84213017229777,98.97559378002752,urban,2023-12-06,0.03678377142655983
18,18.82512516247161,98.9755937800094,urban,2023-12-06,0.03677918522142524
19,18.808118649028923,98.97559378000697,urban,2023-12-06,0.0387254480612787
20,18.791111130814,98.97559377086888,urban,2023-12-06,0.041753690871271794
21,18.774102133565243,98.97559378912425,urban,2023-12-06,0.04305283352732459
22,18.75709067921216,98.97559378001435,urban,2023-12-06,0.04274045691805668
23,18.740078723392486,98.97559377995805,urban,2023-12-06,0.04123899385141317
24,18.723065253201693,98.97559377995931,urban,2023-12-06,0.04118552058934929
25,18.816623633573617,98.99115280259166,urban,2023-12-06,0.03833206194259258
26,18.799616630104307,98.99115281170437,urban,2023-12-06,0.041400118490222536
27,18.782607636523494,98.9911528025845,urban,2023-12-06,0.04306403690211159
28,18.765598139329224,98.99115280251972,urban,2023-12-06,0.04305283352732826
29,18.791111125802086,99.00671258026475,urban,2023-12-06,0.04318911598615817
30,18.774102141283294,99.00671259850732,urban,2023-12-06,0.04323546415018635
1,18.74007870120448,98.91335808785006,urban,2023-12-07,0.03970574540628431
2,18.76559811840203,98.92891589958906,urban,2023-12-07,NA
3,18.7485846663651,98.9289158995633,urban,2023-12-07,0.03970574508842757
4,18.731571228912202,98.92891589956444,urban,2023-12-07,0.03970574584059636
5,18.791111128265864,98.94447493992463,urban,2023-12-07,0.03863109164714842
6,18.77410214222722,98.94447494902433,urban,2023-12-07,0.03927189512834077
7,18.757090678745303,98.94447493990828,urban,2023-12-07,0.03949151614226729
8,18.74007871834797,98.94447493987954,urban,2023-12-07,0.0400314109367117
9,18.723065258432655,98.94447493075144,urban,2023-12-07,0.039812965242029576
10,18.83362866444315,98.96003473115987,urban,2023-12-07,0.040174402296542885
11,18.816623631248998,98.96003473117173,urban,2023-12-07,0.040104258502439316
12,18.799616617653914,98.96003474023692,urban,2023-12-07,0.039422506006956244
13,18.7826076136698,98.96003473112485,urban,2023-12-07,0.039271894842396037
14,18.76559810565482,98.96003473107459,urban,2023-12-07,0.03927224231053399
15,18.748584661185397,98.96003473109663,urban,2023-12-07,0.041199433496589805
16,18.731571231481407,98.96003473112006,urban,2023-12-07,0.041464521117693755
17,18.84213017229777,98.97559378002752,urban,2023-12-07,0.0401746116306181
18,18.82512516247161,98.9755937800094,urban,2023-12-07,0.040148012336805775
19,18.808118649028923,98.97559378000697,urban,2023-12-07,0.03951986360375836
20,18.791111130814,98.97559377086888,urban,2023-12-07,0.03927202725079182
21,18.774102133565243,98.97559378912425,urban,2023-12-07,0.03927189484238499
22,18.75709067921216,98.97559378001435,urban,2023-12-07,0.04049845934667797
23,18.740078723392486,98.97559377995805,urban,2023-12-07,0.04224116179471587
24,18.723065253201693,98.97559377995931,urban,2023-12-07,0.04224855883578364
25,18.816623633573617,98.99115280259166,urban,2023-12-07,0.039761071169670544
26,18.799616630104307,98.99115281170437,urban,2023-12-07,0.03927189875555272
27,18.782607636523494,98.9911528025845,urban,2023-12-07,0.03927189484238255
28,18.765598139329224,98.99115280251972,urban,2023-12-07,0.03978968341503785
29,18.791111125802086,99.00671258026475,urban,2023-12-07,0.039494973146642645
30,18.774102141283294,99.00671259850732,urban,2023-12-07,0.03936413915606214
1,18.74007870120448,98.91335808785006,urban,2023-12-08,NA
2,18.76559811840203,98.92891589958906,urban,2023-12-08,NA
3,18.7485846663651,98.9289158995633,urban,2023-12-08,NA
4,18.731571228912202,98.92891589956444,urban,2023-12-08,NA
5,18.791111128265864,98.94447493992463,urban,2023-12-08,NA
6,18.77410214222722,98.94447494902433,urban,2023-12-08,NA
7,18.757090678745303,98.94447493990828,urban,2023-12-08,NA
8,18.74007871834797,98.94447493987954,urban,2023-12-08,NA
9,18.723065258432655,98.94447493075144,urban,2023-12-08,NA
10,18.83362866444315,98.96003473115987,urban,2023-12-08,NA
11,18.816623631248998,98.96003473117173,urban,2023-12-08,NA
12,18.799616617653914,98.96003474023692,urban,2023-12-08,NA
13,18.7826076136698,98.96003473112485,urban,2023-12-08,NA
14,18.76559810565482,98.96003473107459,urban,2023-12-08,NA
15,18.748584661185397,98.96003473109663,urban,2023-12-08,NA
16,18.731571231481407,98.96003473112006,urban,2023-12-08,NA
17,18.84213017229777,98.97559378002752,urban,2023-12-08,NA
18,18.82512516247161,98.9755937800094,urban,2023-12-08,NA
19,18.808118649028923,98.97559378000697,urban,2023-12-08,NA
20,18.791111130814,98.97559377086888,urban,2023-12-08,NA
21,18.774102133565243,98.97559378912425,urban,2023-12-08,NA
22,18.75709067921216,98.97559378001435,urban,2023-12-08,NA
23,18.740078723392486,98.97559377995805,urban,2023-12-08,NA
24,18.723065253201693,98.97559377995931,urban,2023-12-08,NA
25,18.816623633573617,98.99115280259166,urban,2023-12-08,NA
26,18.799616630104307,98.99115281170437,urban,2023-12-08,NA
27,18.782607636523494,98.9911528025845,urban,2023-12-08,NA
28,18.765598139329224,98.99115280251972,urban,2023-12-08,NA
29,18.791111125802086,99.00671258026475,urban,2023-12-08,NA
30,18.774102141283294,99.00671259850732,urban,2023-12-08,NA
1,18.74007870120448,98.91335808785006,urban,2023-12-09,0.03916373476385429
2,18.76559811840203,98.92891589958906,urban,2023-12-09,0.03899773295327092
3,18.7485846663651,98.9289158995633,urban,2023-12-09,0.039163734763861056
4,18.731571228912202,98.92891589956444,urban,2023-12-09,0.03916373476386506
5,18.791111128265864,98.94447493992463,urban,2023-12-09,0.038449221131388434
6,18.77410214222722,98.94447494902433,urban,2023-12-09,0.03893837871034458
7,18.757090678745303,98.94447493990828,urban,2023-12-09,0.039163734763853666
8,18.74007871834797,98.94447493987954,urban,2023-12-09,0.03922609485740506
9,18.723065258432655,98.94447493075144,urban,2023-12-09,0.040053917744420506
10,18.83362866444315,98.96003473115987,urban,2023-12-09,0.03829671415758236
11,18.816623631248998,98.96003473117173,urban,2023-12-09,0.03843755647541297
12,18.799616617653914,98.96003474023692,urban,2023-12-09,0.038444471001543884
13,18.7826076136698,98.96003473112485,urban,2023-12-09,0.038895407262629876
14,18.76559810565482,98.96003473107459,urban,2023-12-09,0.039163734763874546
15,18.748584661185397,98.96003473109663,urban,2023-12-09,0.03917883129402446
16,18.731571231481407,98.96003473112006,urban,2023-12-09,0.040884853242722036
17,18.84213017229777,98.97559378002752,urban,2023-12-09,0.03824862100478883
18,18.82512516247161,98.9755937800094,urban,2023-12-09,0.03843755647539249
19,18.808118649028923,98.97559378000697,urban,2023-12-09,0.03844524067035093
20,18.791111130814,98.97559377086888,urban,2023-12-09,0.03886299419807143
21,18.774102133565243,98.97559378912425,urban,2023-12-09,0.03916373476385339
22,18.75709067921216,98.97559378001435,urban,2023-12-09,0.03916373476385379
23,18.740078723392486,98.97559377995805,urban,2023-12-09,0.04111088451985035
24,18.723065253201693,98.97559377995931,urban,2023-12-09,0.042174679955067504
25,18.816623633573617,98.99115280259166,urban,2023-12-09,0.03843755647538493
26,18.799616630104307,98.99115281170437,urban,2023-12-09,0.03875306964104254
27,18.782607636523494,98.9911528025845,urban,2023-12-09,0.039163734763837776
28,18.765598139329224,98.99115280251972,urban,2023-12-09,0.03916373476384135
29,18.791111125802086,99.00671258026475,urban,2023-12-09,0.03914398417646896
30,18.774102141283294,99.00671259850732,urban,2023-12-09,0.03916373476386716
1,18.74007870120448,98.91335808785006,urban,2023-12-10,NA
2,18.76559811840203,98.92891589958906,urban,2023-12-10,0.035601251107197474
3,18.7485846663651,98.9289158995633,urban,2023-12-10,NA
4,18.731571228912202,98.92891589956444,urban,2023-12-10,NA
5,18.791111128265864,98.94447493992463,urban,2023-12-10,0.03560125082731977
6,18.77410214222722,98.94447494902433,urban,2023-12-10,0.03560125082732019
7,18.757090678745303,98.94447493990828,urban,2023-12-10,0.03560125120952073
8,18.74007871834797,98.94447493987954,urban,2023-12-10,NA
9,18.723065258432655,98.94447493075144,urban,2023-12-10,NA
10,18.83362866444315,98.96003473115987,urban,2023-12-10,0.03392937779425751
11,18.816623631248998,98.96003473117173,urban,2023-12-10,0.034000567704300745
12,18.799616617653914,98.96003474023692,urban,2023-12-10,0.03524561729729013
13,18.7826076136698,98.96003473112485,urban,2023-12-10,0.03560125082730852
14,18.76559810565482,98.96003473107459,urban,2023-12-10,0.03560125091664952
15,18.748584661185397,98.96003473109663,urban,2023-12-10,NA
16,18.731571231481407,98.96003473112006,urban,2023-12-10,NA
17,18.84213017229777,98.97559378002752,urban,2023-12-10,0.033929378194461526
18,18.82512516247161,98.9755937800094,urban,2023-12-10,0.03392937788038358
19,18.808118649028923,98.97559378000697,urban,2023-12-10,0.03453993240099434
20,18.791111130814,98.97559377086888,urban,2023-12-10,0.03560125082983254
21,18.774102133565243,98.97559378912425,urban,2023-12-10,0.03560125082662852
22,18.75709067921216,98.97559378001435,urban,2023-12-10,0.035601249944319055
23,18.740078723392486,98.97559377995805,urban,2023-12-10,NA
24,18.723065253201693,98.97559377995931,urban,2023-12-10,NA
25,18.816623633573617,98.99115280259166,urban,2023-12-10,0.034023001936342646
26,18.799616630104307,98.99115281170437,urban,2023-12-10,0.035323906750713834
27,18.782607636523494,98.9911528025845,urban,2023-12-10,0.03560125067674533
28,18.765598139329224,98.99115280251972,urban,2023-12-10,0.03560125013065495
29,18.791111125802086,99.00671258026475,urban,2023-12-10,0.035601251662425996
30,18.774102141283294,99.00671259850732,urban,2023-12-10,0.035601250107910876
1,18.74007870120448,98.91335808785006,urban,2023-12-11,0.03208561412460404
2,18.76559811840203,98.92891589958906,urban,2023-12-11,0.03161356598139157
3,18.7485846663651,98.9289158995633,urban,2023-12-11,0.031641616234174295
4,18.731571228912202,98.92891589956444,urban,2023-12-11,0.03317491887382452
5,18.791111128265864,98.94447493992463,urban,2023-12-11,0.029877198750991013
6,18.77410214222722,98.94447494902433,urban,2023-12-11,0.03161356598138405
7,18.757090678745303,98.94447493990828,urban,2023-12-11,0.031613565981386635
8,18.74007871834797,98.94447493987954,urban,2023-12-11,0.032439697914398616
9,18.723065258432655,98.94447493075144,urban,2023-12-11,0.03326927870511861
10,18.83362866444315,98.96003473115987,urban,2023-12-11,0.02995827750429177
11,18.816623631248998,98.96003473117173,urban,2023-12-11,0.02930133735044785
12,18.799616617653914,98.96003474023692,urban,2023-12-11,0.02986514236651629
13,18.7826076136698,98.96003473112485,urban,2023-12-11,0.031028854377424673
14,18.76559810565482,98.96003473107459,urban,2023-12-11,0.03161356598139577
15,18.748584661185397,98.96003473109663,urban,2023-12-11,0.031889518982889005
16,18.731571231481407,98.96003473112006,urban,2023-12-11,0.03322022766456998
17,18.84213017229777,98.97559378002752,urban,2023-12-11,0.03304460167284204
18,18.82512516247161,98.9755937800094,urban,2023-12-11,0.032494369664534804
19,18.808118649028923,98.97559378000697,urban,2023-12-11,0.0315420386993168
20,18.791111130814,98.97559377086888,urban,2023-12-11,0.031359703517778996
21,18.774102133565243,98.97559378912425,urban,2023-12-11,0.03168991371506454
22,18.75709067921216,98.97559378001435,urban,2023-12-11,0.03162436446548867
23,18.740078723392486,98.97559377995805,urban,2023-12-11,0.03277397247861921
24,18.723065253201693,98.97559377995931,urban,2023-12-11,0.03326861783424771
25,18.816623633573617,98.99115280259166,urban,2023-12-11,0.03407817687194689
26,18.799616630104307,98.99115281170437,urban,2023-12-11,0.03306091259272066
27,18.782607636523494,98.9911528025845,urban,2023-12-11,0.03220357406435711
28,18.765598139329224,98.99115280251972,urban,2023-12-11,0.03197079645371193
29,18.791111125802086,99.00671258026475,urban,2023-12-11,0.03233328655356151
30,18.774102141283294,99.00671259850732,urban,2023-12-11,0.032011784613138784
1,18.74007870120448,98.91335808785006,urban,2023-12-12,0.033881800261464846
2,18.76559811840203,98.92891589958906,urban,2023-12-12,0.031910350510426996
3,18.7485846663651,98.9289158995633,urban,2023-12-12,0.034432081702583696
4,18.731571228912202,98.92891589956444,urban,2023-12-12,0.03452116488923726
5,18.791111128265864,98.94447493992463,urban,2023-12-12,0.03183337673544789
6,18.77410214222722,98.94447494902433,urban,2023-12-12,0.031833376735445305
7,18.757090678745303,98.94447493990828,urban,2023-12-12,0.033388633784280274
8,18.74007871834797,98.94447493987954,urban,2023-12-12,0.03454802185296901
9,18.723065258432655,98.94447493075144,urban,2023-12-12,0.03454802185295739
10,18.83362866444315,98.96003473115987,urban,2023-12-12,0.03252376448184031
11,18.816623631248998,98.96003473117173,urban,2023-12-12,0.032313361090904234
12,18.799616617653914,98.96003474023692,urban,2023-12-12,0.03197718616579813
13,18.7826076136698,98.96003473112485,urban,2023-12-12,0.031851067325942416
14,18.76559810565482,98.96003473107459,urban,2023-12-12,0.03262987891859811
15,18.748584661185397,98.96003473109663,urban,2023-12-12,0.034548021852968486
16,18.731571231481407,98.96003473112006,urban,2023-12-12,0.03454802185298018
17,18.84213017229777,98.97559378002752,urban,2023-12-12,0.03369183551886007
18,18.82512516247161,98.9755937800094,urban,2023-12-12,0.03390802030988817
19,18.808118649028923,98.97559378000697,urban,2023-12-12,0.03458687435038958
20,18.791111130814,98.97559377086888,urban,2023-12-12,0.034142908265274656
21,18.774102133565243,98.97559378912425,urban,2023-12-12,0.033281038293415936
22,18.75709067921216,98.97559378001435,urban,2023-12-12,0.034518486729654296
23,18.740078723392486,98.97559377995805,urban,2023-12-12,0.03455631162314058
24,18.723065253201693,98.97559377995931,urban,2023-12-12,0.03454887417072328
25,18.816623633573617,98.99115280259166,urban,2023-12-12,0.03487839241034749
26,18.799616630104307,98.99115281170437,urban,2023-12-12,0.03555765748024839
27,18.782607636523494,98.9911528025845,urban,2023-12-12,0.03553914796510527
28,18.765598139329224,98.99115280251972,urban,2023-12-12,0.035105029299104105
29,18.791111125802086,99.00671258026475,urban,2023-12-12,0.03555765748023543
30,18.774102141283294,99.00671259850732,urban,2023-12-12,0.03532774567177329
1,18.74007870120448,98.91335808785006,urban,2023-12-13,0.04369782747913403
2,18.76559811840203,98.92891589958906,urban,2023-12-13,NA
3,18.7485846663651,98.9289158995633,urban,2023-12-13,0.04369782714715891
4,18.731571228912202,98.92891589956444,urban,2023-12-13,0.04369782666399844
5,18.791111128265864,98.94447493992463,urban,2023-12-13,NA
6,18.77410214222722,98.94447494902433,urban,2023-12-13,NA
7,18.757090678745303,98.94447493990828,urban,2023-12-13,0.04519820642572606
8,18.74007871834797,98.94447493987954,urban,2023-12-13,0.0444918336903352
9,18.723065258432655,98.94447493075144,urban,2023-12-13,0.04407311794514557
10,18.83362866444315,98.96003473115987,urban,2023-12-13,NA
11,18.816623631248998,98.96003473117173,urban,2023-12-13,NA
12,18.799616617653914,98.96003474023692,urban,2023-12-13,NA
13,18.7826076136698,98.96003473112485,urban,2023-12-13,NA
14,18.76559810565482,98.96003473107459,urban,2023-12-13,NA
15,18.748584661185397,98.96003473109663,urban,2023-12-13,0.04519820595100268
16,18.731571231481407,98.96003473112006,urban,2023-12-13,0.04519820587003229
17,18.84213017229777,98.97559378002752,urban,2023-12-13,NA
18,18.82512516247161,98.9755937800094,urban,2023-12-13,NA
19,18.808118649028923,98.97559378000697,urban,2023-12-13,NA
20,18.791111130814,98.97559377086888,urban,2023-12-13,NA
21,18.774102133565243,98.97559378912425,urban,2023-12-13,NA
22,18.75709067921216,98.97559378001435,urban,2023-12-13,0.045198205050622726
23,18.740078723392486,98.97559377995805,urban,2023-12-13,0.045198205842170644
24,18.723065253201693,98.97559377995931,urban,2023-12-13,0.045198205858479217
25,18.816623633573617,98.99115280259166,urban,2023-12-13,NA
26,18.799616630104307,98.99115281170437,urban,2023-12-13,NA
27,18.782607636523494,98.9911528025845,urban,2023-12-13,0.045198203934344164
28,18.765598139329224,98.99115280251972,urban,2023-12-13,0.04519820579577223
29,18.791111125802086,99.00671258026475,urban,2023-12-13,NA
30,18.774102141283294,99.00671259850732,urban,2023-12-13,0.04519820483833123
1,18.74007870120448,98.91335808785006,urban,2023-12-14,0.04339915513992081
2,18.76559811840203,98.92891589958906,urban,2023-12-14,0.04355759797745233
3,18.7485846663651,98.9289158995633,urban,2023-12-14,0.04339915513991895
4,18.731571228912202,98.92891589956444,urban,2023-12-14,0.0433991551399232
5,18.791111128265864,98.94447493992463,urban,2023-12-14,0.044396362567445946
6,18.77410214222722,98.94447494902433,urban,2023-12-14,0.04380164132173578
7,18.757090678745303,98.94447493990828,urban,2023-12-14,0.04339915513992945
8,18.74007871834797,98.94447493987954,urban,2023-12-14,0.04339915513993516
9,18.723065258432655,98.94447493075144,urban,2023-12-14,0.04339915505470167
10,18.83362866444315,98.96003473115987,urban,2023-12-14,0.0445679392380541
11,18.816623631248998,98.96003473117173,urban,2023-12-14,0.04440570506735376
12,18.799616617653914,98.96003474023692,urban,2023-12-14,0.04440109828831288
13,18.7826076136698,98.96003473112485,urban,2023-12-14,0.04387456780908091
14,18.76559810565482,98.96003473107459,urban,2023-12-14,0.0433991551399165
15,18.748584661185397,98.96003473109663,urban,2023-12-14,0.04339915511455976
16,18.731571231481407,98.96003473112006,urban,2023-12-14,0.04339915538891558
17,18.84213017229777,98.97559378002752,urban,2023-12-14,0.044616599981648984
18,18.82512516247161,98.9755937800094,urban,2023-12-14,0.0444042496383144
19,18.808118649028923,98.97559378000697,urban,2023-12-14,0.0444020780566482
20,18.791111130814,98.97559377086888,urban,2023-12-14,0.043940875566875606
21,18.774102133565243,98.97559378912425,urban,2023-12-14,0.04339935126293882
22,18.75709067921216,98.97559378001435,urban,2023-12-14,0.04339915513991591
23,18.740078723392486,98.97559377995805,urban,2023-12-14,0.0433991539326094
24,18.723065253201693,98.97559377995931,urban,2023-12-14,0.04339915593688685
25,18.816623633573617,98.99115280259166,urban,2023-12-14,0.04440379826020079
26,18.799616630104307,98.99115281170437,urban,2023-12-14,0.044042273949454556
27,18.782607636523494,98.9911528025845,urban,2023-12-14,0.04340173768973298
28,18.765598139329224,98.99115280251972,urban,2023-12-14,0.04339915513992729
29,18.791111125802086,99.00671258026475,urban,2023-12-14,0.043410231820571604
30,18.774102141283294,99.00671259850732,urban,2023-12-14,0.04339915513992173
1,18.74007870120448,98.91335808785006,urban,2023-12-15,0.03823965787887056
2,18.76559811840203,98.92891589958906,urban,2023-12-15,0.03815975077623012
3,18.7485846663651,98.9289158995633,urban,2023-12-15,0.03826801801499695
4,18.731571228912202,98.92891589956444,urban,2023-12-15,0.03825174291017835
5,18.791111128265864,98.94447493992463,urban,2023-12-15,0.040297374129289895
6,18.77410214222722,98.94447494902433,urban,2023-12-15,0.03953541783724717
7,18.757090678745303,98.94447493990828,urban,2023-12-15,0.038399847699136236
8,18.74007871834797,98.94447493987954,urban,2023-12-15,0.038385460469577706
9,18.723065258432655,98.94447493075144,urban,2023-12-15,0.03835503987798853
10,18.83362866444315,98.96003473115987,urban,2023-12-15,0.039365728687389245
11,18.816623631248998,98.96003473117173,urban,2023-12-15,0.039940456774367784
12,18.799616617653914,98.96003474023692,urban,2023-12-15,0.04029737412931609
13,18.7826076136698,98.96003473112485,urban,2023-12-15,0.04023794441301092
14,18.76559810565482,98.96003473107459,urban,2023-12-15,0.03864546995425829
15,18.748584661185397,98.96003473109663,urban,2023-12-15,0.038414180278789095
16,18.731571231481407,98.96003473112006,urban,2023-12-15,0.038414180278802106
17,18.84213017229777,98.97559378002752,urban,2023-12-15,0.039262752979985965
18,18.82512516247161,98.9755937800094,urban,2023-12-15,0.03975289773765375
19,18.808118649028923,98.97559378000697,urban,2023-12-15,0.04017813642251495
20,18.791111130814,98.97559377086888,urban,2023-12-15,0.040297374129286995
21,18.774102133565243,98.97559378912425,urban,2023-12-15,0.03953050629486117
22,18.75709067921216,98.97559378001435,urban,2023-12-15,0.038414180278771935
23,18.740078723392486,98.97559377995805,urban,2023-12-15,0.03841418027877263
24,18.723065253201693,98.97559377995931,urban,2023-12-15,0.03825051372484012
25,18.816623633573617,98.99115280259166,urban,2023-12-15,0.03994664936512836
26,18.799616630104307,98.99115281170437,urban,2023-12-15,0.04029737412929824
27,18.782607636523494,98.9911528025845,urban,2023-12-15,0.040237322971912994
28,18.765598139329224,98.99115280251972,urban,2023-12-15,0.03863940917065635
29,18.791111125802086,99.00671258026475,urban,2023-12-15,0.0402973741292826
30,18.774102141283294,99.00671259850732,urban,2023-12-15,0.03952282227069813
1,18.74007870120448,98.91335808785006,urban,2023-12-16,0.0353309523322202
2,18.76559811840203,98.92891589958906,urban,2023-12-16,0.03652282431721942
3,18.7485846663651,98.9289158995633,urban,2023-12-16,0.03557316047032298
4,18.731571228912202,98.92891589956444,urban,2023-12-16,0.03530239313840502
5,18.791111128265864,98.94447493992463,urban,2023-12-16,0.03652282402424518
6,18.77410214222722,98.94447494902433,urban,2023-12-16,0.03652282431721835
7,18.757090678745303,98.94447493990828,urban,2023-12-16,0.03611509365534822
8,18.74007871834797,98.94447493987954,urban,2023-12-16,0.03531803545355522
9,18.723065258432655,98.94447493075144,urban,2023-12-16,0.035302393138408376
10,18.83362866444315,98.96003473115987,urban,2023-12-16,NA
11,18.816623631248998,98.96003473117173,urban,2023-12-16,NA
12,18.799616617653914,98.96003474023692,urban,2023-12-16,0.03652282401696313
13,18.7826076136698,98.96003473112485,urban,2023-12-16,0.036522824317211676
14,18.76559810565482,98.96003473107459,urban,2023-12-16,0.03652282431721669
15,18.748584661185397,98.96003473109663,urban,2023-12-16,0.0354422455610862
16,18.731571231481407,98.96003473112006,urban,2023-12-16,0.03530239313838585
17,18.84213017229777,98.97559378002752,urban,2023-12-16,NA
18,18.82512516247161,98.9755937800094,urban,2023-12-16,NA
19,18.808118649028923,98.97559378000697,urban,2023-12-16,0.03652282483315738
20,18.791111130814,98.97559377086888,urban,2023-12-16,0.036522824211439445
21,18.774102133565243,98.97559378912425,urban,2023-12-16,0.036522824136973435
22,18.75709067921216,98.97559378001435,urban,2023-12-16,0.036017952022656445
23,18.740078723392486,98.97559377995805,urban,2023-12-16,0.03530862744916326
24,18.723065253201693,98.97559377995931,urban,2023-12-16,0.035302393136340655
25,18.816623633573617,98.99115280259166,urban,2023-12-16,NA
26,18.799616630104307,98.99115281170437,urban,2023-12-16,0.03652282488229938
27,18.782607636523494,98.9911528025845,urban,2023-12-16,0.03652282546562897
28,18.765598139329224,98.99115280251972,urban,2023-12-16,0.036522824468445916
29,18.791111125802086,99.00671258026475,urban,2023-12-16,NA
30,18.774102141283294,99.00671259850732,urban,2023-12-16,NA
1,18.74007870120448,98.91335808785006,urban,2023-12-17,0.03596043962394724
2,18.76559811840203,98.92891589958906,urban,2023-12-17,0.031193758836971203
3,18.7485846663651,98.9289158995633,urban,2023-12-17,0.035978380434905144
4,18.731571228912202,98.92891589956444,urban,2023-12-17,0.036000207066543714
5,18.791111128265864,98.94447493992463,urban,2023-12-17,0.03336715685294042
6,18.77410214222722,98.94447494902433,urban,2023-12-17,0.03211295390771357
7,18.757090678745303,98.94447493990828,urban,2023-12-17,0.035121370348033754
8,18.74007871834797,98.94447493987954,urban,2023-12-17,0.03611920441609483
9,18.723065258432655,98.94447493075144,urban,2023-12-17,0.03656588760484004
10,18.83362866444315,98.96003473115987,urban,2023-12-17,0.03609914332627267
11,18.816623631248998,98.96003473117173,urban,2023-12-17,0.037912579397819335
12,18.799616617653914,98.96003474023692,urban,2023-12-17,0.03900338709352991
13,18.7826076136698,98.96003473112485,urban,2023-12-17,0.0386216733225069
14,18.76559810565482,98.96003473107459,urban,2023-12-17,0.0383951548079746
15,18.748584661185397,98.96003473109663,urban,2023-12-17,0.03774095708747149
16,18.731571231481407,98.96003473112006,urban,2023-12-17,0.03632994515207607
17,18.84213017229777,98.97559378002752,urban,2023-12-17,0.03609914332629001
18,18.82512516247161,98.9755937800094,urban,2023-12-17,0.03675549696758333
19,18.808118649028923,98.97559378000697,urban,2023-12-17,0.038998357234763595
20,18.791111130814,98.97559377086888,urban,2023-12-17,0.03900565483638982
21,18.774102133565243,98.97559378912425,urban,2023-12-17,0.039033783775882604
22,18.75709067921216,98.97559378001435,urban,2023-12-17,0.04049353389168212
23,18.740078723392486,98.97559377995805,urban,2023-12-17,0.04046243111674877
24,18.723065253201693,98.97559377995931,urban,2023-12-17,0.03980899887415938
25,18.816623633573617,98.99115280259166,urban,2023-12-17,0.038534350384152205
26,18.799616630104307,98.99115281170437,urban,2023-12-17,0.039003387093541855
27,18.782607636523494,98.9911528025845,urban,2023-12-17,0.039274615967622196
28,18.765598139329224,98.99115280251972,urban,2023-12-17,0.04007655564835658
29,18.791111125802086,99.00671258026475,urban,2023-12-17,0.039045519052102746
30,18.774102141283294,99.00671259850732,urban,2023-12-17,0.039991330072586304
1,18.74007870120448,98.91335808785006,urban,2023-12-18,0.037059225173609774
2,18.76559811840203,98.92891589958906,urban,2023-12-18,0.03705922513297756
3,18.7485846663651,98.9289158995633,urban,2023-12-18,0.03705922500206129
4,18.731571228912202,98.92891589956444,urban,2023-12-18,0.0370592251420032
5,18.791111128265864,98.94447493992463,urban,2023-12-18,NA
6,18.77410214222722,98.94447494902433,urban,2023-12-18,NA
7,18.757090678745303,98.94447493990828,urban,2023-12-18,0.03705922516786854
8,18.74007871834797,98.94447493987954,urban,2023-12-18,0.03705922512799351
9,18.723065258432655,98.94447493075144,urban,2023-12-18,0.03705922514199726
10,18.83362866444315,98.96003473115987,urban,2023-12-18,0.030219247113441733
11,18.816623631248998,98.96003473117173,urban,2023-12-18,0.030219247655127644
12,18.799616617653914,98.96003474023692,urban,2023-12-18,0.030219246812918224
13,18.7826076136698,98.96003473112485,urban,2023-12-18,NA
14,18.76559810565482,98.96003473107459,urban,2023-12-18,0.037059225019408795
15,18.748584661185397,98.96003473109663,urban,2023-12-18,0.03705922521696053
16,18.731571231481407,98.96003473112006,urban,2023-12-18,0.03705922515735211
17,18.84213017229777,98.97559378002752,urban,2023-12-18,NA
18,18.82512516247161,98.9755937800094,urban,2023-12-18,NA
19,18.808118649028923,98.97559378000697,urban,2023-12-18,NA
20,18.791111130814,98.97559377086888,urban,2023-12-18,NA
21,18.774102133565243,98.97559378912425,urban,2023-12-18,NA
22,18.75709067921216,98.97559378001435,urban,2023-12-18,0.037059224291664195
23,18.740078723392486,98.97559377995805,urban,2023-12-18,0.03705922499997135
24,18.723065253201693,98.97559377995931,urban,2023-12-18,0.03705922494945527
25,18.816623633573617,98.99115280259166,urban,2023-12-18,NA
26,18.799616630104307,98.99115281170437,urban,2023-12-18,NA
27,18.782607636523494,98.9911528025845,urban,2023-12-18,NA
28,18.765598139329224,98.99115280251972,urban,2023-12-18,NA
29,18.791111125802086,99.00671258026475,urban,2023-12-18,NA
30,18.774102141283294,99.00671259850732,urban,2023-12-18,NA
1,18.74007870120448,98.91335808785006,urban,2023-12-19,NA
2,18.76559811840203,98.92891589958906,urban,2023-12-19,0.038799800502924024
3,18.7485846663651,98.9289158995633,urban,2023-12-19,NA
4,18.731571228912202,98.92891589956444,urban,2023-12-19,NA
5,18.791111128265864,98.94447493992463,urban,2023-12-19,0.038799798889165
6,18.77410214222722,98.94447494902433,urban,2023-12-19,0.03879979906430216
7,18.757090678745303,98.94447493990828,urban,2023-12-19,NA
8,18.74007871834797,98.94447493987954,urban,2023-12-19,NA
9,18.723065258432655,98.94447493075144,urban,2023-12-19,NA
10,18.83362866444315,98.96003473115987,urban,2023-12-19,NA
11,18.816623631248998,98.96003473117173,urban,2023-12-19,NA
12,18.799616617653914,98.96003474023692,urban,2023-12-19,NA
13,18.7826076136698,98.96003473112485,urban,2023-12-19,NA
14,18.76559810565482,98.96003473107459,urban,2023-12-19,NA
15,18.748584661185397,98.96003473109663,urban,2023-12-19,NA
16,18.731571231481407,98.96003473112006,urban,2023-12-19,NA
17,18.84213017229777,98.97559378002752,urban,2023-12-19,NA
18,18.82512516247161,98.9755937800094,urban,2023-12-19,NA
19,18.808118649028923,98.97559378000697,urban,2023-12-19,NA
20,18.791111130814,98.97559377086888,urban,2023-12-19,NA
21,18.774102133565243,98.97559378912425,urban,2023-12-19,NA
22,18.75709067921216,98.97559378001435,urban,2023-12-19,NA
23,18.740078723392486,98.97559377995805,urban,2023-12-19,NA
24,18.723065253201693,98.97559377995931,urban,2023-12-19,NA
25,18.816623633573617,98.99115280259166,urban,2023-12-19,NA
26,18.799616630104307,98.99115281170437,urban,2023-12-19,NA
27,18.782607636523494,98.9911528025845,urban,2023-12-19,NA
28,18.765598139329224,98.99115280251972,urban,2023-12-19,NA
29,18.791111125802086,99.00671258026475,urban,2023-12-19,NA
30,18.774102141283294,99.00671259850732,urban,2023-12-19,NA
1,18.74007870120448,98.91335808785006,urban,2023-12-20,0.0368627145020624
2,18.76559811840203,98.92891589958906,urban,2023-12-20,0.03637076541780984
3,18.7485846663651,98.9289158995633,urban,2023-12-20,0.03637076541781459
4,18.731571228912202,98.92891589956444,urban,2023-12-20,0.03760545578982646
5,18.791111128265864,98.94447493992463,urban,2023-12-20,0.036370764512907015
6,18.77410214222722,98.94447494902433,urban,2023-12-20,0.036370765011039384
7,18.757090678745303,98.94447493990828,urban,2023-12-20,0.036370765417807725
8,18.74007871834797,98.94447493987954,urban,2023-12-20,0.03684827957517262
9,18.723065258432655,98.94447493075144,urban,2023-12-20,0.03773316970929991
10,18.83362866444315,98.96003473115987,urban,2023-12-20,0.03328989044561694
11,18.816623631248998,98.96003473117173,urban,2023-12-20,NA
12,18.799616617653914,98.96003474023692,urban,2023-12-20,NA
13,18.7826076136698,98.96003473112485,urban,2023-12-20,0.03637076489880031
14,18.76559810565482,98.96003473107459,urban,2023-12-20,0.036370765417837014
15,18.748584661185397,98.96003473109663,urban,2023-12-20,0.03637076541782188
16,18.731571231481407,98.96003473112006,urban,2023-12-20,0.037588735840824596
17,18.84213017229777,98.97559378002752,urban,2023-12-20,0.03328989073748482
18,18.82512516247161,98.9755937800094,urban,2023-12-20,0.033289890743365
19,18.808118649028923,98.97559378000697,urban,2023-12-20,NA
20,18.791111130814,98.97559377086888,urban,2023-12-20,0.036370765281041335
21,18.774102133565243,98.97559378912425,urban,2023-12-20,0.03637076535547254
22,18.75709067921216,98.97559378001435,urban,2023-12-20,0.03637076541781272
23,18.740078723392486,98.97559377995805,urban,2023-12-20,0.03683616286912203
24,18.723065253201693,98.97559377995931,urban,2023-12-20,0.03773067014293432
25,18.816623633573617,98.99115280259166,urban,2023-12-20,NA
26,18.799616630104307,98.99115281170437,urban,2023-12-20,NA
27,18.782607636523494,98.9911528025845,urban,2023-12-20,0.03637076580275988
28,18.765598139329224,98.99115280251972,urban,2023-12-20,0.03637076541781567
29,18.791111125802086,99.00671258026475,urban,2023-12-20,0.03637076526896608
30,18.774102141283294,99.00671259850732,urban,2023-12-20,0.036370765373178425
1,18.74007870120448,98.91335808785006,urban,2023-12-21,0.04445365884148696
2,18.76559811840203,98.92891589958906,urban,2023-12-21,NA
3,18.7485846663651,98.9289158995633,urban,2023-12-21,NA
4,18.731571228912202,98.92891589956444,urban,2023-12-21,0.04445365824725034
5,18.791111128265864,98.94447493992463,urban,2023-12-21,0.03832149515889658
6,18.77410214222722,98.94447494902433,urban,2023-12-21,NA
7,18.757090678745303,98.94447493990828,urban,2023-12-21,NA
8,18.74007871834797,98.94447493987954,urban,2023-12-21,0.04445365889925423
9,18.723065258432655,98.94447493075144,urban,2023-12-21,0.04445365827901771
10,18.83362866444315,98.96003473115987,urban,2023-12-21,0.0386825433933194
11,18.816623631248998,98.96003473117173,urban,2023-12-21,0.03832154306870763
12,18.799616617653914,98.96003474023692,urban,2023-12-21,0.03832149506195492
13,18.7826076136698,98.96003473112485,urban,2023-12-21,0.03832149518065765
14,18.76559810565482,98.96003473107459,urban,2023-12-21,NA
15,18.748584661185397,98.96003473109663,urban,2023-12-21,NA
16,18.731571231481407,98.96003473112006,urban,2023-12-21,0.04445365797525771
17,18.84213017229777,98.97559378002752,urban,2023-12-21,0.043070968051161895
18,18.82512516247161,98.9755937800094,urban,2023-12-21,0.041348753774010365
19,18.808118649028923,98.97559378000697,urban,2023-12-21,0.04009759944944271
20,18.791111130814,98.97559377086888,urban,2023-12-21,0.03946617920252341
21,18.774102133565243,98.97559378912425,urban,2023-12-21,0.04516367400366546
22,18.75709067921216,98.97559378001435,urban,2023-12-21,0.04516367029176087
23,18.740078723392486,98.97559377995805,urban,2023-12-21,0.044458053454068495
24,18.723065253201693,98.97559377995931,urban,2023-12-21,0.0444536644900848
25,18.816623633573617,98.99115280259166,urban,2023-12-21,0.0450087080931613
26,18.799616630104307,98.99115281170437,urban,2023-12-21,0.04466493071204001
27,18.782607636523494,98.9911528025845,urban,2023-12-21,0.044967192908959425
28,18.765598139329224,98.99115280251972,urban,2023-12-21,0.0451636721811042
29,18.791111125802086,99.00671258026475,urban,2023-12-21,0.04519495168859236
30,18.774102141283294,99.00671259850732,urban,2023-12-21,0.045163672417403086
1,18.74007870120448,98.91335808785006,urban,2023-12-22,NA
2,18.76559811840203,98.92891589958906,urban,2023-12-22,NA
3,18.7485846663651,98.9289158995633,urban,2023-12-22,NA
4,18.731571228912202,98.92891589956444,urban,2023-12-22,NA
5,18.791111128265864,98.94447493992463,urban,2023-12-22,NA
6,18.77410214222722,98.94447494902433,urban,2023-12-22,NA
7,18.757090678745303,98.94447493990828,urban,2023-12-22,NA
8,18.74007871834797,98.94447493987954,urban,2023-12-22,NA
9,18.723065258432655,98.94447493075144,urban,2023-12-22,NA
10,18.83362866444315,98.96003473115987,urban,2023-12-22,NA
11,18.816623631248998,98.96003473117173,urban,2023-12-22,NA
12,18.799616617653914,98.96003474023692,urban,2023-12-22,NA
13,18.7826076136698,98.96003473112485,urban,2023-12-22,NA
14,18.76559810565482,98.96003473107459,urban,2023-12-22,NA
15,18.748584661185397,98.96003473109663,urban,2023-12-22,NA
16,18.731571231481407,98.96003473112006,urban,2023-12-22,NA
17,18.84213017229777,98.97559378002752,urban,2023-12-22,NA
18,18.82512516247161,98.9755937800094,urban,2023-12-22,NA
19,18.808118649028923,98.97559378000697,urban,2023-12-22,NA
20,18.791111130814,98.97559377086888,urban,2023-12-22,NA
21,18.774102133565243,98.97559378912425,urban,2023-12-22,NA
22,18.75709067921216,98.97559378001435,urban,2023-12-22,NA
23,18.740078723392486,98.97559377995805,urban,2023-12-22,NA
24,18.723065253201693,98.97559377995931,urban,2023-12-22,NA
25,18.816623633573617,98.99115280259166,urban,2023-12-22,NA
26,18.799616630104307,98.99115281170437,urban,2023-12-22,NA
27,18.782607636523494,98.9911528025845,urban,2023-12-22,NA
28,18.765598139329224,98.99115280251972,urban,2023-12-22,NA
29,18.791111125802086,99.00671258026475,urban,2023-12-22,NA
30,18.774102141283294,99.00671259850732,urban,2023-12-22,NA
1,18.74007870120448,98.91335808785006,urban,2023-12-23,0.036120631294406444
2,18.76559811840203,98.92891589958906,urban,2023-12-23,0.034201574679697665
3,18.7485846663651,98.9289158995633,urban,2023-12-23,0.036797880571725304
4,18.731571228912202,98.92891589956444,urban,2023-12-23,0.037010102385171134
5,18.791111128265864,98.94447493992463,urban,2023-12-23,0.034050748521294444
6,18.77410214222722,98.94447494902433,urban,2023-12-23,0.034066304855636574
7,18.757090678745303,98.94447493990828,urban,2023-12-23,0.03590572150671609
8,18.74007871834797,98.94447493987954,urban,2023-12-23,0.037045242800588844
9,18.723065258432655,98.94447493075144,urban,2023-12-23,0.03701928315853625
10,18.83362866444315,98.96003473115987,urban,2023-12-23,0.03667566180228673
11,18.816623631248998,98.96003473117173,urban,2023-12-23,0.0363137346859262
12,18.799616617653914,98.96003474023692,urban,2023-12-23,0.034119557200133016
13,18.7826076136698,98.96003473112485,urban,2023-12-23,0.03403780578431058
14,18.76559810565482,98.96003473107459,urban,2023-12-23,0.035270279440790704
15,18.748584661185397,98.96003473109663,urban,2023-12-23,0.037314041566608926
16,18.731571231481407,98.96003473112006,urban,2023-12-23,0.03726384659596779
17,18.84213017229777,98.97559378002752,urban,2023-12-23,0.03667566180229131
18,18.82512516247161,98.9755937800094,urban,2023-12-23,0.0364807483367225
19,18.808118649028923,98.97559378000697,urban,2023-12-23,0.03445268814921318
20,18.791111130814,98.97559377086888,urban,2023-12-23,0.03403779119253363
21,18.774102133565243,98.97559378912425,urban,2023-12-23,0.03441662716044605
22,18.75709067921216,98.97559378001435,urban,2023-12-23,0.037368696444911066
23,18.740078723392486,98.97559377995805,urban,2023-12-23,0.03738600015640428
24,18.723065253201693,98.97559377995931,urban,2023-12-23,0.03738949272478472
25,18.816623633573617,98.99115280259166,urban,2023-12-23,0.034924142699694787
26,18.799616630104307,98.99115281170437,urban,2023-12-23,0.03403779119252736
27,18.782607636523494,98.9911528025845,urban,2023-12-23,0.03414268044025552
28,18.765598139329224,98.99115280251972,urban,2023-12-23,0.0369020682664681
29,18.791111125802086,99.00671258026475,urban,2023-12-23,0.03535530184094818
30,18.774102141283294,99.00671259850732,urban,2023-12-23,0.03637756834708603
1,18.74007870120448,98.91335808785006,urban,2023-12-24,0.037587475031609224
2,18.76559811840203,98.92891589958906,urban,2023-12-24,0.03810007436616753
3,18.7485846663651,98.9289158995633,urban,2023-12-24,0.03758747503160984
4,18.731571228912202,98.92891589956444,urban,2023-12-24,0.037741138154302294
5,18.791111128265864,98.94447493992463,urban,2023-12-24,0.042372816655912866
6,18.77410214222722,98.94447494902433,urban,2023-12-24,0.041632009097038944
7,18.757090678745303,98.94447493990828,urban,2023-12-24,0.03891123121966879
8,18.74007871834797,98.94447493987954,urban,2023-12-24,0.0380736996049474
9,18.723065258432655,98.94447493075144,urban,2023-12-24,0.03842785818474451
10,18.83362866444315,98.96003473115987,urban,2023-12-24,0.04268342581932301
11,18.816623631248998,98.96003473117173,urban,2023-12-24,0.04236441105605908
12,18.799616617653914,98.96003474023692,urban,2023-12-24,0.04236454334420074
13,18.7826076136698,98.96003473112485,urban,2023-12-24,0.04302127186103588
14,18.76559810565482,98.96003473107459,urban,2023-12-24,0.043910195263262675
15,18.748584661185397,98.96003473109663,urban,2023-12-24,0.04312442237591094
16,18.731571231481407,98.96003473112006,urban,2023-12-24,0.04105338766415962
17,18.84213017229777,98.97559378002752,urban,2023-12-24,0.04282128211442261
18,18.82512516247161,98.9755937800094,urban,2023-12-24,0.042364411056036694
19,18.808118649028923,98.97559378000697,urban,2023-12-24,0.042364411056037526
20,18.791111130814,98.97559377086888,urban,2023-12-24,0.04282334401147476
21,18.774102133565243,98.97559378912425,urban,2023-12-24,0.043913147344865115
22,18.75709067921216,98.97559378001435,urban,2023-12-24,0.04391512647270455
23,18.740078723392486,98.97559377995805,urban,2023-12-24,0.04294840886322002
24,18.723065253201693,98.97559377995931,urban,2023-12-24,0.04153208058369177
25,18.816623633573617,98.99115280259166,urban,2023-12-24,0.042364411056032635
26,18.799616630104307,98.99115281170437,urban,2023-12-24,0.04262006465034946
27,18.782607636523494,98.9911528025845,urban,2023-12-24,0.04388427030598896
28,18.765598139329224,98.99115280251972,urban,2023-12-24,0.043915126472714366
29,18.791111125802086,99.00671258026475,urban,2023-12-24,0.04379028780843014
30,18.774102141283294,99.00671259850732,urban,2023-12-24,0.043915126472711015
1,18.74007870120448,98.91335808785006,urban,2023-12-25,0.03964612589870799
2,18.76559811840203,98.92891589958906,urban,2023-12-25,0.041512937912688286
3,18.7485846663651,98.9289158995633,urban,2023-12-25,0.03997155847859988
4,18.731571228912202,98.92891589956444,urban,2023-12-25,0.03971309007820015
5,18.791111128265864,98.94447493992463,urban,2023-12-25,0.04504564722697744
6,18.77410214222722,98.94447494902433,urban,2023-12-25,0.042796738419269564
7,18.757090678745303,98.94447493990828,urban,2023-12-25,0.04027363657949955
8,18.74007871834797,98.94447493987954,urban,2023-12-25,0.04025286838837174
9,18.723065258432655,98.94447493075144,urban,2023-12-25,0.04040735387455245
10,18.83362866444315,98.96003473115987,urban,2023-12-25,0.04481603111739417
11,18.816623631248998,98.96003473117173,urban,2023-12-25,0.04504978465231729
12,18.799616617653914,98.96003474023692,urban,2023-12-25,0.04505260239908181
13,18.7826076136698,98.96003473112485,urban,2023-12-25,0.04307205002251587
14,18.76559810565482,98.96003473107459,urban,2023-12-25,0.040273636579517845
15,18.748584661185397,98.96003473109663,urban,2023-12-25,0.04027363657951773
16,18.731571231481407,98.96003473112006,urban,2023-12-25,0.04043761521382197
17,18.84213017229777,98.97559378002752,urban,2023-12-25,0.044765146793622854
18,18.82512516247161,98.9755937800094,urban,2023-12-25,0.04504211075190378
19,18.808118649028923,98.97559378000697,urban,2023-12-25,0.045053917914602365
20,18.791111130814,98.97559377086888,urban,2023-12-25,0.04394421111824902
21,18.774102133565243,98.97559378912425,urban,2023-12-25,0.04027958973136042
22,18.75709067921216,98.97559378001435,urban,2023-12-25,0.04027363657954025
23,18.740078723392486,98.97559377995805,urban,2023-12-25,0.04027461361965308
24,18.723065253201693,98.97559377995931,urban,2023-12-25,0.04186460900456255
25,18.816623633573617,98.99115280259166,urban,2023-12-25,0.04505391791462305
26,18.799616630104307,98.99115281170437,urban,2023-12-25,0.04459905766438764
27,18.782607636523494,98.9911528025845,urban,2023-12-25,0.04064594172144444
28,18.765598139329224,98.99115280251972,urban,2023-12-25,0.040273636579508616
29,18.791111125802086,99.00671258026475,urban,2023-12-25,0.04087921538204204
30,18.774102141283294,99.00671259850732,urban,2023-12-25,0.0402736365795196
1,18.74007870120448,98.91335808785006,urban,2023-12-26,0.04325855584336622
2,18.76559811840203,98.92891589958906,urban,2023-12-26,0.04321999643875126
3,18.7485846663651,98.9289158995633,urban,2023-12-26,0.043257860824860245
4,18.731571228912202,98.92891589956444,urban,2023-12-26,0.043258652091030296
5,18.791111128265864,98.94447493992463,urban,2023-12-26,0.04321657121181346
6,18.77410214222722,98.94447494902433,urban,2023-12-26,0.04321657121181624
7,18.757090678745303,98.94447493990828,urban,2023-12-26,0.04323966829079344
8,18.74007871834797,98.94447493987954,urban,2023-12-26,0.04325861869364658
9,18.723065258432655,98.94447493075144,urban,2023-12-26,0.04326109686962582
10,18.83362866444315,98.96003473115987,urban,2023-12-26,0.04091928899288288
11,18.816623631248998,98.96003473117173,urban,2023-12-26,0.041242397324741845
12,18.799616617653914,98.96003474023692,urban,2023-12-26,0.042872238233051946
13,18.7826076136698,98.96003473112485,urban,2023-12-26,0.04321657121181359
14,18.76559810565482,98.96003473107459,urban,2023-12-26,0.04322054270025912
15,18.748584661185397,98.96003473109663,urban,2023-12-26,0.043258580939094717
16,18.731571231481407,98.96003473112006,urban,2023-12-26,0.04325865209102788
17,18.84213017229777,98.97559378002752,urban,2023-12-26,0.04091137582768563
18,18.82512516247161,98.9755937800094,urban,2023-12-26,0.040971997933950094
19,18.808118649028923,98.97559378000697,urban,2023-12-26,0.04209496945056892
20,18.791111130814,98.97559377086888,urban,2023-12-26,0.04321657121180353
21,18.774102133565243,98.97559378912425,urban,2023-12-26,0.043216571211800905
22,18.75709067921216,98.97559378001435,urban,2023-12-26,0.04324074675409063
23,18.740078723392486,98.97559377995805,urban,2023-12-26,0.043258652091016425
24,18.723065253201693,98.97559377995931,urban,2023-12-26,0.04326466089315326
25,18.816623633573617,98.99115280259166,urban,2023-12-26,0.04130185925736011
26,18.799616630104307,98.99115281170437,urban,2023-12-26,0.042921865407839085
27,18.782607636523494,98.9911528025845,urban,2023-12-26,0.04321657121182452
28,18.765598139329224,98.99115280251972,urban,2023-12-26,0.04322169247659129
29,18.791111125802086,99.00671258026475,urban,2023-12-26,0.04321657121180512
30,18.774102141283294,99.00671259850732,urban,2023-12-26,0.04321657121180385
1,18.74007870120448,98.91335808785006,urban,2023-12-27,0.04095317050814455
2,18.76559811840203,98.92891589958906,urban,2023-12-27,0.03768851135741403
3,18.7485846663651,98.9289158995633,urban,2023-12-27,0.0408192726094893
4,18.731571228912202,98.92891589956444,urban,2023-12-27,0.04094809773772562
5,18.791111128265864,98.94447493992463,urban,2023-12-27,0.03916059076998944
6,18.77410214222722,98.94447494902433,urban,2023-12-27,0.03889888094521508
7,18.757090678745303,98.94447493990828,urban,2023-12-27,0.039613952039880676
8,18.74007871834797,98.94447493987954,urban,2023-12-27,0.04056988213247685
9,18.723065258432655,98.94447493075144,urban,2023-12-27,0.04072956223984696
10,18.83362866444315,98.96003473115987,urban,2023-12-27,0.03927717730403835
11,18.816623631248998,98.96003473117173,urban,2023-12-27,0.03926945361671115
12,18.799616617653914,98.96003474023692,urban,2023-12-27,0.0391771662975343
13,18.7826076136698,98.96003473112485,urban,2023-12-27,0.039162766188393205
14,18.76559810565482,98.96003473107459,urban,2023-12-27,0.03927475073989594
15,18.748584661185397,98.96003473109663,urban,2023-12-27,0.03950481861830066
16,18.731571231481407,98.96003473112006,urban,2023-12-27,0.03954264081229081
17,18.84213017229777,98.97559378002752,urban,2023-12-27,0.039277177304024954
18,18.82512516247161,98.9755937800094,urban,2023-12-27,0.03927717519300911
19,18.808118649028923,98.97559378000697,urban,2023-12-27,0.0392086583200218
20,18.791111130814,98.97559377086888,urban,2023-12-27,0.0391627661883744
21,18.774102133565243,98.97559378912425,urban,2023-12-27,0.039162766212840254
22,18.75709067921216,98.97559378001435,urban,2023-12-27,0.03946796683322736
23,18.740078723392486,98.97559377995805,urban,2023-12-27,0.03950481861828392
24,18.723065253201693,98.97559377995931,urban,2023-12-27,0.03950481861828851
25,18.816623633573617,98.99115280259166,urban,2023-12-27,0.03926231050747233
26,18.799616630104307,98.99115281170437,urban,2023-12-27,0.039163526785120126
27,18.782607636523494,98.9911528025845,urban,2023-12-27,0.039162916703284416
28,18.765598139329224,98.99115280251972,urban,2023-12-27,0.03933919464570795
29,18.791111125802086,99.00671258026475,urban,2023-12-27,0.039169509365341776
30,18.774102141283294,99.00671259850732,urban,2023-12-27,0.039189659415873226
1,18.74007870120448,98.91335808785006,urban,2023-12-28,0.039965982489384246
2,18.76559811840203,98.92891589958906,urban,2023-12-28,0.03996598411648563
3,18.7485846663651,98.9289158995633,urban,2023-12-28,0.03996598380806707
4,18.731571228912202,98.92891589956444,urban,2023-12-28,0.03996598348796784
5,18.791111128265864,98.94447493992463,urban,2023-12-28,0.042236942775733755
6,18.77410214222722,98.94447494902433,urban,2023-12-28,0.0422369429578113
7,18.757090678745303,98.94447493990828,urban,2023-12-28,0.04044819959521406
8,18.74007871834797,98.94447493987954,urban,2023-12-28,0.03986692264615775
9,18.723065258432655,98.94447493075144,urban,2023-12-28,0.03990627270931673
10,18.83362866444315,98.96003473115987,urban,2023-12-28,0.041057173162691474
11,18.816623631248998,98.96003473117173,urban,2023-12-28,0.04126489386202229
12,18.799616617653914,98.96003474023692,urban,2023-12-28,0.04222604220913463
13,18.7826076136698,98.96003473112485,urban,2023-12-28,0.04223609657728541
14,18.76559810565482,98.96003473107459,urban,2023-12-28,0.04098610158822971
15,18.748584661185397,98.96003473109663,urban,2023-12-28,0.03976030477477608
16,18.731571231481407,98.96003473112006,urban,2023-12-28,0.03956741003533608
17,18.84213017229777,98.97559378002752,urban,2023-12-28,0.041057173162714476
18,18.82512516247161,98.9755937800094,urban,2023-12-28,0.04113158293158734
19,18.808118649028923,98.97559378000697,urban,2023-12-28,0.04202607398132969
20,18.791111130814,98.97559377086888,urban,2023-12-28,0.042236942797917926
21,18.774102133565243,98.97559378912425,urban,2023-12-28,0.04196042126559282
22,18.75709067921216,98.97559378001435,urban,2023-12-28,0.03956308599163373
23,18.740078723392486,98.97559377995805,urban,2023-12-28,0.039559222757829166
24,18.723065253201693,98.97559377995931,urban,2023-12-28,0.03957822804125146
25,18.816623633573617,98.99115280259166,urban,2023-12-28,0.04160467831347434
26,18.799616630104307,98.99115281170437,urban,2023-12-28,0.04223694279789774
27,18.782607636523494,98.9911528025845,urban,2023-12-28,0.04218216686899067
28,18.765598139329224,98.99115280251972,urban,2023-12-28,0.04022303591091435
29,18.791111125802086,99.00671258026475,urban,2023-12-28,0.0414486961130932
30,18.774102141283294,99.00671259850732,urban,2023-12-28,0.04088194659087445
1,18.74007870120448,98.91335808785006,urban,2023-12-29,0.0407850593328407
2,18.76559811840203,98.92891589958906,urban,2023-12-29,0.040785059332842634
3,18.7485846663651,98.9289158995633,urban,2023-12-29,0.04078505933284747
4,18.731571228912202,98.92891589956444,urban,2023-12-29,0.041806350308158144
5,18.791111128265864,98.94447493992463,urban,2023-12-29,0.0404934846766004
6,18.77410214222722,98.94447494902433,urban,2023-12-29,0.041229771192083334
7,18.757090678745303,98.94447493990828,urban,2023-12-29,0.0410389389446258
8,18.74007871834797,98.94447493987954,urban,2023-12-29,0.04148023770527627
9,18.723065258432655,98.94447493075144,urban,2023-12-29,0.04279359907099584
10,18.83362866444315,98.96003473115987,urban,2023-12-29,0.046031279282049455
11,18.816623631248998,98.96003473117173,urban,2023-12-29,0.04602112993597508
12,18.799616617653914,98.96003474023692,urban,2023-12-29,0.04558452438473346
13,18.7826076136698,98.96003473112485,urban,2023-12-29,0.04432069067482612
14,18.76559810565482,98.96003473107459,urban,2023-12-29,0.042860695946345166
15,18.748584661185397,98.96003473109663,urban,2023-12-29,0.041624501731579736
16,18.731571231481407,98.96003473112006,urban,2023-12-29,0.04280111497050703
17,18.84213017229777,98.97559378002752,urban,2023-12-29,0.04615709516567054
18,18.82512516247161,98.9755937800094,urban,2023-12-29,0.04602112993598507
19,18.808118649028923,98.97559378000697,urban,2023-12-29,0.04581191995356078
20,18.791111130814,98.97559377086888,urban,2023-12-29,0.04505075721805623
21,18.774102133565243,98.97559378912425,urban,2023-12-29,0.0449877442059181
22,18.75709067921216,98.97559378001435,urban,2023-12-29,0.044957733922597415
23,18.740078723392486,98.97559377995805,urban,2023-12-29,0.044174109647049466
24,18.723065253201693,98.97559377995931,urban,2023-12-29,0.04370442572865643
25,18.816623633573617,98.99115280259166,urban,2023-12-29,0.04591709375189759
26,18.799616630104307,98.99115281170437,urban,2023-12-29,0.04512059330404483
27,18.782607636523494,98.9911528025845,urban,2023-12-29,0.045044716447581984
28,18.765598139329224,98.99115280251972,urban,2023-12-29,0.04504471644759354
29,18.791111125802086,99.00671258026475,urban,2023-12-29,0.045044716447593405
30,18.774102141283294,99.00671259850732,urban,2023-12-29,0.04499102635805393
1,18.74007870120448,98.91335808785006,urban,2023-12-30,0.041976202280012545
2,18.76559811840203,98.92891589958906,urban,2023-12-30,0.04197620232282898
3,18.7485846663651,98.9289158995633,urban,2023-12-30,0.04197620227933428
4,18.731571228912202,98.92891589956444,urban,2023-12-30,0.04198860968617161
5,18.791111128265864,98.94447493992463,urban,2023-12-30,0.04197620195848554
6,18.77410214222722,98.94447494902433,urban,2023-12-30,0.0419762018709144
7,18.757090678745303,98.94447493990828,urban,2023-12-30,0.04197620227933231
8,18.74007871834797,98.94447493987954,urban,2023-12-30,0.04197620227934077
9,18.723065258432655,98.94447493075144,urban,2023-12-30,0.04246610308821692
10,18.83362866444315,98.96003473115987,urban,2023-12-30,NA
11,18.816623631248998,98.96003473117173,urban,2023-12-30,NA
12,18.799616617653914,98.96003474023692,urban,2023-12-30,0.04197620239684953
13,18.7826076136698,98.96003473112485,urban,2023-12-30,0.0419762020124413
14,18.76559810565482,98.96003473107459,urban,2023-12-30,0.041976202279323575
15,18.748584661185397,98.96003473109663,urban,2023-12-30,0.041998676025251654
16,18.731571231481407,98.96003473112006,urban,2023-12-30,0.04225933647018827
17,18.84213017229777,98.97559378002752,urban,2023-12-30,NA
18,18.82512516247161,98.9755937800094,urban,2023-12-30,NA
19,18.808118649028923,98.97559378000697,urban,2023-12-30,0.04197620247738867
20,18.791111130814,98.97559377086888,urban,2023-12-30,0.04197620235127524
21,18.774102133565243,98.97559378912425,urban,2023-12-30,0.041976202279335094
22,18.75709067921216,98.97559378001435,urban,2023-12-30,0.04198137219579961
23,18.740078723392486,98.97559377995805,urban,2023-12-30,0.042497441092549396
24,18.723065253201693,98.97559377995931,urban,2023-12-30,0.04276937550685929
25,18.816623633573617,98.99115280259166,urban,2023-12-30,0.04197620109173403
26,18.799616630104307,98.99115281170437,urban,2023-12-30,0.04197620228685942
27,18.782607636523494,98.9911528025845,urban,2023-12-30,0.041976202279315075
28,18.765598139329224,98.99115280251972,urban,2023-12-30,0.04197709698227753
29,18.791111125802086,99.00671258026475,urban,2023-12-30,0.041976202279332485
30,18.774102141283294,99.00671259850732,urban,2023-12-30,0.041976202186892915
1,18.74007870120448,98.91335808785006,urban,2023-12-31,0.03713466227055529
2,18.76559811840203,98.92891589958906,urban,2023-12-31,0.03713466227054286
3,18.7485846663651,98.9289158995633,urban,2023-12-31,0.037134662270543385
4,18.731571228912202,98.92891589956444,urban,2023-12-31,0.03708486024837902
5,18.791111128265864,98.94447493992463,urban,2023-12-31,0.03874978240267182
6,18.77410214222722,98.94447494902433,urban,2023-12-31,0.037872479023411953
7,18.757090678745303,98.94447493990828,urban,2023-12-31,0.03752441212622934
8,18.74007871834797,98.94447493987954,urban,2023-12-31,0.03737714465492501
9,18.723065258432655,98.94447493075144,urban,2023-12-31,0.03709453645440551
10,18.83362866444315,98.96003473115987,urban,2023-12-31,0.03857619255721818
11,18.816623631248998,98.96003473117173,urban,2023-12-31,0.03875019698148356
12,18.799616617653914,98.96003474023692,urban,2023-12-31,0.038797181099653064
13,18.7826076136698,98.96003473112485,urban,2023-12-31,0.038773905209136594
14,18.76559810565482,98.96003473107459,urban,2023-12-31,0.03874475881457476
15,18.748584661185397,98.96003473109663,urban,2023-12-31,0.03868586404241884
16,18.731571231481407,98.96003473112006,urban,2023-12-31,0.03829809828837287
17,18.84213017229777,98.97559378002752,urban,2023-12-31,0.03842589813106971
18,18.82512516247161,98.9755937800094,urban,2023-12-31,0.03866043903766367
19,18.808118649028923,98.97559378000697,urban,2023-12-31,0.03879718109964566
20,18.791111130814,98.97559377086888,urban,2023-12-31,0.03879534942519513
21,18.774102133565243,98.97559378912425,urban,2023-12-31,0.03875081437808818
22,18.75709067921216,98.97559378001435,urban,2023-12-31,0.0387447588145662
23,18.740078723392486,98.97559377995805,urban,2023-12-31,0.03874475881456385
24,18.723065253201693,98.97559377995931,urban,2023-12-31,0.037892131512188024
25,18.816623633573617,98.99115280259166,urban,2023-12-31,0.03875080529729896
26,18.799616630104307,98.99115281170437,urban,2023-12-31,0.03879718109965593
27,18.782607636523494,98.9911528025845,urban,2023-12-31,0.03877373023405393
28,18.765598139329224,98.99115280251972,urban,2023-12-31,0.03874475881457576
29,18.791111125802086,99.00671258026475,urban,2023-12-31,0.03879532701689858
30,18.774102141283294,99.00671259850732,urban,2023-12-31,0.03875062824788205
1,18.74007870120448,98.91335808785006,urban,2024-01-01,NA
2,18.76559811840203,98.92891589958906,urban,2024-01-01,NA
3,18.7485846663651,98.9289158995633,urban,2024-01-01,NA
4,18.731571228912202,98.92891589956444,urban,2024-01-01,NA
5,18.791111128265864,98.94447493992463,urban,2024-01-01,NA
6,18.77410214222722,98.94447494902433,urban,2024-01-01,NA
7,18.757090678745303,98.94447493990828,urban,2024-01-01,NA
8,18.74007871834797,98.94447493987954,urban,2024-01-01,NA
9,18.723065258432655,98.94447493075144,urban,2024-01-01,NA
10,18.83362866444315,98.96003473115987,urban,2024-01-01,NA
11,18.816623631248998,98.96003473117173,urban,2024-01-01,NA
12,18.799616617653914,98.96003474023692,urban,2024-01-01,NA
13,18.7826076136698,98.96003473112485,urban,2024-01-01,NA
14,18.76559810565482,98.96003473107459,urban,2024-01-01,NA
15,18.748584661185397,98.96003473109663,urban,2024-01-01,NA
16,18.731571231481407,98.96003473112006,urban,2024-01-01,NA
17,18.84213017229777,98.97559378002752,urban,2024-01-01,NA
18,18.82512516247161,98.9755937800094,urban,2024-01-01,NA
19,18.808118649028923,98.97559378000697,urban,2024-01-01,NA
20,18.791111130814,98.97559377086888,urban,2024-01-01,NA
21,18.774102133565243,98.97559378912425,urban,2024-01-01,NA
22,18.75709067921216,98.97559378001435,urban,2024-01-01,NA
23,18.740078723392486,98.97559377995805,urban,2024-01-01,NA
24,18.723065253201693,98.97559377995931,urban,2024-01-01,NA
25,18.816623633573617,98.99115280259166,urban,2024-01-01,NA
26,18.799616630104307,98.99115281170437,urban,2024-01-01,NA
27,18.782607636523494,98.9911528025845,urban,2024-01-01,NA
28,18.765598139329224,98.99115280251972,urban,2024-01-01,NA
29,18.791111125802086,99.00671258026475,urban,2024-01-01,NA
30,18.774102141283294,99.00671259850732,urban,2024-01-01,NA
1,18.74007870120448,98.91335808785006,urban,2024-01-02,0.0353052661070115
2,18.76559811840203,98.92891589958906,urban,2024-01-02,0.035285033285624705
3,18.7485846663651,98.9289158995633,urban,2024-01-02,0.035285033285620056
4,18.731571228912202,98.92891589956444,urban,2024-01-02,0.03593533640112391
5,18.791111128265864,98.94447493992463,urban,2024-01-02,0.03711380917079711
6,18.77410214222722,98.94447494902433,urban,2024-01-02,0.035518334884794445
7,18.757090678745303,98.94447493990828,urban,2024-01-02,0.03530953161870513
8,18.74007871834797,98.94447493987954,urban,2024-01-02,0.03556670189128044
9,18.723065258432655,98.94447493075144,urban,2024-01-02,0.03640398357029189
10,18.83362866444315,98.96003473115987,urban,2024-01-02,0.03797213010056871
11,18.816623631248998,98.96003473117173,urban,2024-01-02,0.03836249514347097
12,18.799616617653914,98.96003474023692,urban,2024-01-02,0.03818705112245529
13,18.7826076136698,98.96003473112485,urban,2024-01-02,0.03673106461236255
14,18.76559810565482,98.96003473107459,urban,2024-01-02,0.03557404433436322
15,18.748584661185397,98.96003473109663,urban,2024-01-02,0.03548924411786073
16,18.731571231481407,98.96003473112006,urban,2024-01-02,0.03636822759143962
17,18.84213017229777,98.97559378002752,urban,2024-01-02,0.03734930997789825
18,18.82512516247161,98.9755937800094,urban,2024-01-02,0.03836272284389374
19,18.808118649028923,98.97559378000697,urban,2024-01-02,0.038289154332264645
20,18.791111130814,98.97559377086888,urban,2024-01-02,0.03752329021537466
21,18.774102133565243,98.97559378912425,urban,2024-01-02,0.03569491152963296
22,18.75709067921216,98.97559378001435,urban,2024-01-02,0.03569411464065165
23,18.740078723392486,98.97559377995805,urban,2024-01-02,0.036254479387249
24,18.723065253201693,98.97559377995931,urban,2024-01-02,0.036900814737114145
25,18.816623633573617,98.99115280259166,urban,2024-01-02,0.03836272284388481
26,18.799616630104307,98.99115281170437,urban,2024-01-02,0.03731820429395638
27,18.782607636523494,98.9911528025845,urban,2024-01-02,0.03612196803605504
28,18.765598139329224,98.99115280251972,urban,2024-01-02,0.03569456189870779
29,18.791111125802086,99.00671258026475,urban,2024-01-02,0.03596776129005938
30,18.774102141283294,99.00671259850732,urban,2024-01-02,0.035716999526586996
1,18.74007870120448,98.91335808785006,urban,2024-01-03,0.03760263325222985
2,18.76559811840203,98.92891589958906,urban,2024-01-03,0.037602633540362494
3,18.7485846663651,98.9289158995633,urban,2024-01-03,0.037602633255843204
4,18.731571228912202,98.92891589956444,urban,2024-01-03,0.037602633237837774
5,18.791111128265864,98.94447493992463,urban,2024-01-03,NA
6,18.77410214222722,98.94447494902433,urban,2024-01-03,NA
7,18.757090678745303,98.94447493990828,urban,2024-01-03,0.037602633738896156
8,18.74007871834797,98.94447493987954,urban,2024-01-03,0.037602633274651055
9,18.723065258432655,98.94447493075144,urban,2024-01-03,0.03760263324794724
10,18.83362866444315,98.96003473115987,urban,2024-01-03,NA
11,18.816623631248998,98.96003473117173,urban,2024-01-03,NA
12,18.799616617653914,98.96003474023692,urban,2024-01-03,NA
13,18.7826076136698,98.96003473112485,urban,2024-01-03,NA
14,18.76559810565482,98.96003473107459,urban,2024-01-03,0.037602635236285126
15,18.748584661185397,98.96003473109663,urban,2024-01-03,0.037602632397624826
16,18.731571231481407,98.96003473112006,urban,2024-01-03,0.03760263350109389
17,18.84213017229777,98.97559378002752,urban,2024-01-03,NA
18,18.82512516247161,98.9755937800094,urban,2024-01-03,NA
19,18.808118649028923,98.97559378000697,urban,2024-01-03,NA
20,18.791111130814,98.97559377086888,urban,2024-01-03,NA
21,18.774102133565243,98.97559378912425,urban,2024-01-03,NA
22,18.75709067921216,98.97559378001435,urban,2024-01-03,NA
23,18.740078723392486,98.97559377995805,urban,2024-01-03,0.03760263363392392
24,18.723065253201693,98.97559377995931,urban,2024-01-03,0.03760263355380912
25,18.816623633573617,98.99115280259166,urban,2024-01-03,NA
26,18.799616630104307,98.99115281170437,urban,2024-01-03,NA
27,18.782607636523494,98.9911528025845,urban,2024-01-03,NA
28,18.765598139329224,98.99115280251972,urban,2024-01-03,NA
29,18.791111125802086,99.00671258026475,urban,2024-01-03,NA
30,18.774102141283294,99.00671259850732,urban,2024-01-03,NA
1,18.74007870120448,98.91335808785006,urban,2024-01-04,NA
2,18.76559811840203,98.92891589958906,urban,2024-01-04,0.03860391363385908
3,18.7485846663651,98.9289158995633,urban,2024-01-04,0.039497174005884005
4,18.731571228912202,98.92891589956444,urban,2024-01-04,0.04178062624025846
5,18.791111128265864,98.94447493992463,urban,2024-01-04,0.03860391301246157
6,18.77410214222722,98.94447494902433,urban,2024-01-04,0.03860391303896009
7,18.757090678745303,98.94447493990828,urban,2024-01-04,0.03946649880181631
8,18.74007871834797,98.94447493987954,urban,2024-01-04,0.041718954342510065
9,18.723065258432655,98.94447493075144,urban,2024-01-04,0.04178076205580321
10,18.83362866444315,98.96003473115987,urban,2024-01-04,0.03860391260568305
11,18.816623631248998,98.96003473117173,urban,2024-01-04,0.038603912809260385
12,18.799616617653914,98.96003474023692,urban,2024-01-04,0.038603913038959964
13,18.7826076136698,98.96003473112485,urban,2024-01-04,0.038603913038977006
14,18.76559810565482,98.96003473107459,urban,2024-01-04,0.03913608055769654
15,18.748584661185397,98.96003473109663,urban,2024-01-04,0.04175657856686399
16,18.731571231481407,98.96003473112006,urban,2024-01-04,0.041780762374409586
17,18.84213017229777,98.97559378002752,urban,2024-01-04,NA
18,18.82512516247161,98.9755937800094,urban,2024-01-04,0.03860391271745812
19,18.808118649028923,98.97559378000697,urban,2024-01-04,0.03860391307871308
20,18.791111130814,98.97559377086888,urban,2024-01-04,0.038603913038978144
21,18.774102133565243,98.97559378912425,urban,2024-01-04,0.038619651426064674
22,18.75709067921216,98.97559378001435,urban,2024-01-04,0.04120941109157749
23,18.740078723392486,98.97559377995805,urban,2024-01-04,0.04178076237440707
24,18.723065253201693,98.97559377995931,urban,2024-01-04,0.04175014135886918
25,18.816623633573617,98.99115280259166,urban,2024-01-04,0.03860391278491395
26,18.799616630104307,98.99115281170437,urban,2024-01-04,0.038603913038961844
27,18.782607636523494,98.9911528025845,urban,2024-01-04,0.038661646438723614
28,18.765598139329224,98.99115280251972,urban,2024-01-04,0.04090527404067086
29,18.791111125802086,99.00671258026475,urban,2024-01-04,0.038629648113748055
30,18.774102141283294,99.00671259850732,urban,2024-01-04,0.0405372742595395
1,18.74007870120448,98.91335808785006,urban,2024-01-05,NA
2,18.76559811840203,98.92891589958906,urban,2024-01-05,NA
3,18.7485846663651,98.9289158995633,urban,2024-01-05,NA
4,18.731571228912202,98.92891589956444,urban,2024-01-05,NA
5,18.791111128265864,98.94447493992463,urban,2024-01-05,NA
6,18.77410214222722,98.94447494902433,urban,2024-01-05,NA
7,18.757090678745303,98.94447493990828,urban,2024-01-05,NA
8,18.74007871834797,98.94447493987954,urban,2024-01-05,NA
9,18.723065258432655,98.94447493075144,urban,2024-01-05,NA
10,18.83362866444315,98.96003473115987,urban,2024-01-05,0.03999883031925696
11,18.816623631248998,98.96003473117173,urban,2024-01-05,0.04123296970917975
12,18.799616617653914,98.96003474023692,urban,2024-01-05,NA
13,18.7826076136698,98.96003473112485,urban,2024-01-05,NA
14,18.76559810565482,98.96003473107459,urban,2024-01-05,NA
15,18.748584661185397,98.96003473109663,urban,2024-01-05,NA
16,18.731571231481407,98.96003473112006,urban,2024-01-05,NA
17,18.84213017229777,98.97559378002752,urban,2024-01-05,0.039998829773773004
18,18.82512516247161,98.9755937800094,urban,2024-01-05,0.0407558950267564
19,18.808118649028923,98.97559378000697,urban,2024-01-05,0.041256375233906274
20,18.791111130814,98.97559377086888,urban,2024-01-05,0.04125637481369845
21,18.774102133565243,98.97559378912425,urban,2024-01-05,0.04125637759942272
22,18.75709067921216,98.97559378001435,urban,2024-01-05,NA
23,18.740078723392486,98.97559377995805,urban,2024-01-05,NA
24,18.723065253201693,98.97559377995931,urban,2024-01-05,NA
25,18.816623633573617,98.99115280259166,urban,2024-01-05,0.04116919461833196
26,18.799616630104307,98.99115281170437,urban,2024-01-05,0.041256375586295795
27,18.782607636523494,98.9911528025845,urban,2024-01-05,0.04125637546312135
28,18.765598139329224,98.99115280251972,urban,2024-01-05,NA
29,18.791111125802086,99.00671258026475,urban,2024-01-05,0.041256375588470305
30,18.774102141283294,99.00671259850732,urban,2024-01-05,0.04125637513560656
1,18.74007870120448,98.91335808785006,urban,2024-01-06,NA
2,18.76559811840203,98.92891589958906,urban,2024-01-06,NA
3,18.7485846663651,98.9289158995633,urban,2024-01-06,NA
4,18.731571228912202,98.92891589956444,urban,2024-01-06,NA
5,18.791111128265864,98.94447493992463,urban,2024-01-06,NA
6,18.77410214222722,98.94447494902433,urban,2024-01-06,NA
7,18.757090678745303,98.94447493990828,urban,2024-01-06,NA
8,18.74007871834797,98.94447493987954,urban,2024-01-06,NA
9,18.723065258432655,98.94447493075144,urban,2024-01-06,NA
10,18.83362866444315,98.96003473115987,urban,2024-01-06,NA
11,18.816623631248998,98.96003473117173,urban,2024-01-06,NA
12,18.799616617653914,98.96003474023692,urban,2024-01-06,NA
13,18.7826076136698,98.96003473112485,urban,2024-01-06,NA
14,18.76559810565482,98.96003473107459,urban,2024-01-06,NA
15,18.748584661185397,98.96003473109663,urban,2024-01-06,NA
16,18.731571231481407,98.96003473112006,urban,2024-01-06,NA
17,18.84213017229777,98.97559378002752,urban,2024-01-06,NA
18,18.82512516247161,98.9755937800094,urban,2024-01-06,NA
19,18.808118649028923,98.97559378000697,urban,2024-01-06,NA
20,18.791111130814,98.97559377086888,urban,2024-01-06,NA
21,18.774102133565243,98.97559378912425,urban,2024-01-06,NA
22,18.75709067921216,98.97559378001435,urban,2024-01-06,NA
23,18.740078723392486,98.97559377995805,urban,2024-01-06,NA
24,18.723065253201693,98.97559377995931,urban,2024-01-06,NA
25,18.816623633573617,98.99115280259166,urban,2024-01-06,NA
26,18.799616630104307,98.99115281170437,urban,2024-01-06,NA
27,18.782607636523494,98.9911528025845,urban,2024-01-06,NA
28,18.765598139329224,98.99115280251972,urban,2024-01-06,NA
29,18.791111125802086,99.00671258026475,urban,2024-01-06,NA
30,18.774102141283294,99.00671259850732,urban,2024-01-06,NA
1,18.74007870120448,98.91335808785006,urban,2024-01-07,0.04282399514170117
2,18.76559811840203,98.92891589958906,urban,2024-01-07,0.04169693216680461
3,18.7485846663651,98.9289158995633,urban,2024-01-07,0.04204601072273185
4,18.731571228912202,98.92891589956444,urban,2024-01-07,0.044303513853966886
5,18.791111128265864,98.94447493992463,urban,2024-01-07,0.04081414742511933
6,18.77410214222722,98.94447494902433,urban,2024-01-07,0.04169693216681431
7,18.757090678745303,98.94447493990828,urban,2024-01-07,0.04215864768457442
8,18.74007871834797,98.94447493987954,urban,2024-01-07,0.043359546924924997
9,18.723065258432655,98.94447493075144,urban,2024-01-07,0.044418912380931416
10,18.83362866444315,98.96003473115987,urban,2024-01-07,0.03775351564052049
11,18.816623631248998,98.96003473117173,urban,2024-01-07,0.037556677329424415
12,18.799616617653914,98.96003474023692,urban,2024-01-07,0.039417525117993076
13,18.7826076136698,98.96003473112485,urban,2024-01-07,0.041696932166814187
14,18.76559810565482,98.96003473107459,urban,2024-01-07,0.04169693216681375
15,18.748584661185397,98.96003473109663,urban,2024-01-07,0.043369152294048675
16,18.731571231481407,98.96003473112006,urban,2024-01-07,0.044369226857992
17,18.84213017229777,98.97559378002752,urban,2024-01-07,0.04340271419657269
18,18.82512516247161,98.9755937800094,urban,2024-01-07,0.042731554832818666
19,18.808118649028923,98.97559378000697,urban,2024-01-07,0.04159280069319062
20,18.791111130814,98.97559377086888,urban,2024-01-07,0.04267141080649362
21,18.774102133565243,98.97559378912425,urban,2024-01-07,0.042270685550802975
22,18.75709067921216,98.97559378001435,urban,2024-01-07,0.04291813031158986
23,18.740078723392486,98.97559377995805,urban,2024-01-07,0.04421218053546609
24,18.723065253201693,98.97559377995931,urban,2024-01-07,0.044421472988570826
25,18.816623633573617,98.99115280259166,urban,2024-01-07,0.04368588795976308
26,18.799616630104307,98.99115281170437,urban,2024-01-07,0.04405998015093152
27,18.782607636523494,98.9911528025845,urban,2024-01-07,0.044122445426912835
28,18.765598139329224,98.99115280251972,urban,2024-01-07,0.04413557426057515
29,18.791111125802086,99.00671258026475,urban,2024-01-07,0.04421484470367398
30,18.774102141283294,99.00671259850732,urban,2024-01-07,0.04421484470366614
1,18.74007870120448,98.91335808785006,urban,2024-01-08,0.04607523842209847
2,18.76559811840203,98.92891589958906,urban,2024-01-08,0.04177413629044763
3,18.7485846663651,98.9289158995633,urban,2024-01-08,0.04439376454109328
4,18.731571228912202,98.92891589956444,urban,2024-01-08,0.04562758597241915
5,18.791111128265864,98.94447493992463,urban,2024-01-08,0.04150355979800916
6,18.77410214222722,98.94447494902433,urban,2024-01-08,0.04150355979800753
7,18.757090678745303,98.94447493990828,urban,2024-01-08,0.04308384734633829
8,18.74007871834797,98.94447493987954,urban,2024-01-08,0.045237254763189405
9,18.723065258432655,98.94447493075144,urban,2024-01-08,0.045260243093638894
10,18.83362866444315,98.96003473115987,urban,2024-01-08,0.041397508643347604
11,18.816623631248998,98.96003473117173,urban,2024-01-08,0.04140087902695422
12,18.799616617653914,98.96003474023692,urban,2024-01-08,0.04150355979799138
13,18.7826076136698,98.96003473112485,urban,2024-01-08,0.041503559797985444
14,18.76559810565482,98.96003473107459,urban,2024-01-08,0.04226759272737412
15,18.748584661185397,98.96003473109663,urban,2024-01-08,0.04525706544516637
16,18.731571231481407,98.96003473112006,urban,2024-01-08,0.04525706544517297
17,18.84213017229777,98.97559378002752,urban,2024-01-08,0.04434987899795509
18,18.82512516247161,98.9755937800094,urban,2024-01-08,0.042253832969787145
19,18.808118649028923,98.97559378000697,urban,2024-01-08,0.041515903911118035
20,18.791111130814,98.97559377086888,urban,2024-01-08,0.04150550589471278
21,18.774102133565243,98.97559378912425,urban,2024-01-08,0.041504124453774896
22,18.75709067921216,98.97559378001435,urban,2024-01-08,0.044776255393258184
23,18.740078723392486,98.97559377995805,urban,2024-01-08,0.04525706544519227
24,18.723065253201693,98.97559377995931,urban,2024-01-08,0.04529833741783469
25,18.816623633573617,98.99115280259166,urban,2024-01-08,0.04592579887080003
26,18.799616630104307,98.99115281170437,urban,2024-01-08,0.044731615299751684
27,18.782607636523494,98.9911528025845,urban,2024-01-08,0.043591042072747686
28,18.765598139329224,98.99115280251972,urban,2024-01-08,0.044485218250279054
29,18.791111125802086,99.00671258026475,urban,2024-01-08,0.04714518121345744
30,18.774102141283294,99.00671259850732,urban,2024-01-08,0.047291530795788954
1,18.74007870120448,98.91335808785006,urban,2024-01-09,0.038935985818928535
2,18.76559811840203,98.92891589958906,urban,2024-01-09,0.042086025351241035
3,18.7485846663651,98.9289158995633,urban,2024-01-09,0.041894930145949756
4,18.731571228912202,98.92891589956444,urban,2024-01-09,0.04239058975446525
5,18.791111128265864,98.94447493992463,urban,2024-01-09,0.04227773907919052
6,18.77410214222722,98.94447494902433,urban,2024-01-09,0.04227039590477915
7,18.757090678745303,98.94447493990828,urban,2024-01-09,0.04233270073053188
8,18.74007871834797,98.94447493987954,urban,2024-01-09,0.043986887919587686
9,18.723065258432655,98.94447493075144,urban,2024-01-09,0.04425412764409242
10,18.83362866444315,98.96003473115987,urban,2024-01-09,0.04338189959526543
11,18.816623631248998,98.96003473117173,urban,2024-01-09,0.04321049855747109
12,18.799616617653914,98.96003474023692,urban,2024-01-09,0.04230721379273734
13,18.7826076136698,98.96003473112485,urban,2024-01-09,0.04227039590478017
14,18.76559810565482,98.96003473107459,urban,2024-01-09,0.04227039590478285
15,18.748584661185397,98.96003473109663,urban,2024-01-09,0.04379834121147191
16,18.731571231481407,98.96003473112006,urban,2024-01-09,0.044283129274851354
17,18.84213017229777,98.97559378002752,urban,2024-01-09,0.04338189959526821
18,18.82512516247161,98.9755937800094,urban,2024-01-09,0.043322656327606505
19,18.808118649028923,98.97559378000697,urban,2024-01-09,0.04248973534559286
20,18.791111130814,98.97559377086888,urban,2024-01-09,0.04227039590478144
21,18.774102133565243,98.97559378912425,urban,2024-01-09,0.042270395904793395
22,18.75709067921216,98.97559378001435,urban,2024-01-09,0.043133671300558146
23,18.740078723392486,98.97559377995805,urban,2024-01-09,0.04426899811934384
24,18.723065253201693,98.97559377995931,urban,2024-01-09,0.0442831292748379
25,18.816623633573617,98.99115280259166,urban,2024-01-09,0.042620695206402874
26,18.799616630104307,98.99115281170437,urban,2024-01-09,0.0422703959047822
27,18.782607636523494,98.9911528025845,urban,2024-01-09,0.04227937005909046
28,18.765598139329224,98.99115280251972,urban,2024-01-09,0.04291702879299816
29,18.791111125802086,99.00671258026475,urban,2024-01-09,0.04229815482164512
30,18.774102141283294,99.00671259850732,urban,2024-01-09,0.04291026957459891
1,18.74007870120448,98.91335808785006,urban,2024-01-10,0.03936465867028127
2,18.76559811840203,98.92891589958906,urban,2024-01-10,0.03934255614878051
3,18.7485846663651,98.9289158995633,urban,2024-01-10,0.03934799115593035
4,18.731571228912202,98.92891589956444,urban,2024-01-10,0.04037357816006603
5,18.791111128265864,98.94447493992463,urban,2024-01-10,0.03921291273749194
6,18.77410214222722,98.94447494902433,urban,2024-01-10,0.0393425561487684
7,18.757090678745303,98.94447493990828,urban,2024-01-10,0.03934397377291353
8,18.74007871834797,98.94447493987954,urban,2024-01-10,0.04023642995165484
9,18.723065258432655,98.94447493075144,urban,2024-01-10,0.040824284338510174
10,18.83362866444315,98.96003473115987,urban,2024-01-10,0.03750420734285823
11,18.816623631248998,98.96003473117173,urban,2024-01-10,0.03767587056843054
12,18.799616617653914,98.96003474023692,urban,2024-01-10,0.03913325223722964
13,18.7826076136698,98.96003473112485,urban,2024-01-10,0.03934255614875998
14,18.76559810565482,98.96003473107459,urban,2024-01-10,0.039342688295529324
15,18.748584661185397,98.96003473109663,urban,2024-01-10,0.04017083189502283
16,18.731571231481407,98.96003473112006,urban,2024-01-10,0.04082258012106725
17,18.84213017229777,98.97559378002752,urban,2024-01-10,0.03750420734288248
18,18.82512516247161,98.9755937800094,urban,2024-01-10,0.03760165759254018
19,18.808118649028923,98.97559378000697,urban,2024-01-10,0.03897043511561396
20,18.791111130814,98.97559377086888,urban,2024-01-10,0.039342556148788274
21,18.774102133565243,98.97559378912425,urban,2024-01-10,0.03934255614878593
22,18.75709067921216,98.97559378001435,urban,2024-01-10,0.03990559231135959
23,18.740078723392486,98.97559377995805,urban,2024-01-10,0.04081413420202001
24,18.723065253201693,98.97559377995931,urban,2024-01-10,0.04082604497673026
25,18.816623633573617,98.99115280259166,urban,2024-01-10,0.038623101776972805
26,18.799616630104307,98.99115281170437,urban,2024-01-10,0.039342556148765334
27,18.782607636523494,98.9911528025845,urban,2024-01-10,0.03934255624881768
28,18.765598139329224,98.99115280251972,urban,2024-01-10,0.039654773147348096
29,18.791111125802086,99.00671258026475,urban,2024-01-10,0.03934255614877598
30,18.774102141283294,99.00671259850732,urban,2024-01-10,0.039542304621353705
1,18.74007870120448,98.91335808785006,urban,2024-01-11,0.03928870657879204
2,18.76559811840203,98.92891589958906,urban,2024-01-11,0.0363961532711966
3,18.7485846663651,98.9289158995633,urban,2024-01-11,0.03919907370047745
4,18.731571228912202,98.92891589956444,urban,2024-01-11,0.03930145129561201
5,18.791111128265864,98.94447493992463,urban,2024-01-11,0.036384557630238755
6,18.77410214222722,98.94447494902433,urban,2024-01-11,0.03639615327119269
7,18.757090678745303,98.94447493990828,urban,2024-01-11,0.03771257951594254
8,18.74007871834797,98.94447493987954,urban,2024-01-11,0.03929740878294633
9,18.723065258432655,98.94447493075144,urban,2024-01-11,0.03930145129560973
10,18.83362866444315,98.96003473115987,urban,2024-01-11,0.036143563687796684
11,18.816623631248998,98.96003473117173,urban,2024-01-11,0.03614356368779684
12,18.799616617653914,98.96003474023692,urban,2024-01-11,0.036291685463391656
13,18.7826076136698,98.96003473112485,urban,2024-01-11,0.03639615327119308
14,18.76559810565482,98.96003473107459,urban,2024-01-11,0.036399662793420336
15,18.748584661185397,98.96003473109663,urban,2024-01-11,0.03929497860506183
16,18.731571231481407,98.96003473112006,urban,2024-01-11,0.039301451295609
17,18.84213017229777,98.97559378002752,urban,2024-01-11,0.0361684502971887
18,18.82512516247161,98.9755937800094,urban,2024-01-11,0.036143563687809195
19,18.808118649028923,98.97559378000697,urban,2024-01-11,0.03616691358690396
20,18.791111130814,98.97559377086888,urban,2024-01-11,0.03639095382901922
21,18.774102133565243,98.97559378912425,urban,2024-01-11,0.03639615327120663
22,18.75709067921216,98.97559378001435,urban,2024-01-11,0.03779616775493741
23,18.740078723392486,98.97559377995805,urban,2024-01-11,0.03930145129562609
24,18.723065253201693,98.97559377995931,urban,2024-01-11,0.039301451295621265
25,18.816623633573617,98.99115280259166,urban,2024-01-11,0.03614356368779105
26,18.799616630104307,98.99115281170437,urban,2024-01-11,0.03630108759381615
27,18.782607636523494,98.9911528025845,urban,2024-01-11,0.03639615327118906
28,18.765598139329224,98.99115280251972,urban,2024-01-11,0.03648141844941396
29,18.791111125802086,99.00671258026475,urban,2024-01-11,0.03639518824508285
30,18.774102141283294,99.00671259850732,urban,2024-01-11,0.03639615327120588
1,18.74007870120448,98.91335808785006,urban,2024-01-12,0.035428354773963354
2,18.76559811840203,98.92891589958906,urban,2024-01-12,0.03597863259697786
3,18.7485846663651,98.9289158995633,urban,2024-01-12,0.034190890627408835
4,18.731571228912202,98.92891589956444,urban,2024-01-12,0.034592513830773476
5,18.791111128265864,98.94447493992463,urban,2024-01-12,0.035960264791834416
6,18.77410214222722,98.94447494902433,urban,2024-01-12,0.036018397659061833
7,18.757090678745303,98.94447493990828,urban,2024-01-12,0.03488137013358719
8,18.74007871834797,98.94447493987954,urban,2024-01-12,0.03304268497251316
9,18.723065258432655,98.94447493075144,urban,2024-01-12,0.03301796562170244
10,18.83362866444315,98.96003473115987,urban,2024-01-12,0.034989316016443055
11,18.816623631248998,98.96003473117173,urban,2024-01-12,0.03501775421977811
12,18.799616617653914,98.96003474023692,urban,2024-01-12,0.035649395124778445
13,18.7826076136698,98.96003473112485,urban,2024-01-12,0.036018397659064
14,18.76559810565482,98.96003473107459,urban,2024-01-12,0.035990153251105036
15,18.748584661185397,98.96003473109663,urban,2024-01-12,0.03307343375114778
16,18.731571231481407,98.96003473112006,urban,2024-01-12,0.03301694989204946
17,18.84213017229777,98.97559378002752,urban,2024-01-12,0.034991013519822436
18,18.82512516247161,98.9755937800094,urban,2024-01-12,0.035021179890491846
19,18.808118649028923,98.97559378000697,urban,2024-01-12,0.035274814710057396
20,18.791111130814,98.97559377086888,urban,2024-01-12,0.03601839765906227
21,18.774102133565243,98.97559378912425,urban,2024-01-12,0.036018397659054034
22,18.75709067921216,98.97559378001435,urban,2024-01-12,0.034359835733911256
23,18.740078723392486,98.97559377995805,urban,2024-01-12,0.03301694989203777
24,18.723065253201693,98.97559377995931,urban,2024-01-12,0.03301694989203592
25,18.816623633573617,98.99115280259166,urban,2024-01-12,0.035642825952719545
26,18.799616630104307,98.99115281170437,urban,2024-01-12,0.03598601271317689
27,18.782607636523494,98.9911528025845,urban,2024-01-12,0.03606296742622327
28,18.765598139329224,98.99115280251972,urban,2024-01-12,0.035477172322091376
29,18.791111125802086,99.00671258026475,urban,2024-01-12,0.03677734605951121
30,18.774102141283294,99.00671259850732,urban,2024-01-12,0.03664106354862707
1,18.74007870120448,98.91335808785006,urban,2024-01-13,0.03321623429656984
2,18.76559811840203,98.92891589958906,urban,2024-01-13,0.03301603940821444
3,18.7485846663651,98.9289158995633,urban,2024-01-13,0.033104584549376495
4,18.731571228912202,98.92891589956444,urban,2024-01-13,0.0330169431070378
5,18.791111128265864,98.94447493992463,urban,2024-01-13,0.031380130042290386
6,18.77410214222722,98.94447494902433,urban,2024-01-13,0.032784124402701856
7,18.757090678745303,98.94447493990828,urban,2024-01-13,0.032840107336590214
8,18.74007871834797,98.94447493987954,urban,2024-01-13,0.03287145902421605
9,18.723065258432655,98.94447493075144,urban,2024-01-13,0.03371549013052423
10,18.83362866444315,98.96003473115987,urban,2024-01-13,0.03148364253157379
11,18.816623631248998,98.96003473117173,urban,2024-01-13,0.03125605494957364
12,18.799616617653914,98.96003474023692,urban,2024-01-13,0.03128553835270998
13,18.7826076136698,98.96003473112485,urban,2024-01-13,0.03242999649759671
14,18.76559810565482,98.96003473107459,urban,2024-01-13,0.03283829987049393
15,18.748584661185397,98.96003473109663,urban,2024-01-13,0.03295363920884224
16,18.731571231481407,98.96003473112006,urban,2024-01-13,0.033537440665610534
17,18.84213017229777,98.97559378002752,urban,2024-01-13,0.03220478377963382
18,18.82512516247161,98.9755937800094,urban,2024-01-13,0.03172881152096144
19,18.808118649028923,98.97559378000697,urban,2024-01-13,0.03152067022480356
20,18.791111130814,98.97559377086888,urban,2024-01-13,0.032100209969574175
21,18.774102133565243,98.97559378912425,urban,2024-01-13,0.03283791634520379
22,18.75709067921216,98.97559378001435,urban,2024-01-13,0.032838206026620104
23,18.740078723392486,98.97559377995805,urban,2024-01-13,0.0336552601887467
24,18.723065253201693,98.97559377995931,urban,2024-01-13,0.03423153710437564
25,18.816623633573617,98.99115280259166,urban,2024-01-13,0.03236633505416872
26,18.799616630104307,98.99115281170437,urban,2024-01-13,0.0323156060002526
27,18.782607636523494,98.9911528025845,urban,2024-01-13,0.0325796819618407
28,18.765598139329224,98.99115280251972,urban,2024-01-13,0.0326736659720616
29,18.791111125802086,99.00671258026475,urban,2024-01-13,0.032484462163880214
30,18.774102141283294,99.00671259850732,urban,2024-01-13,0.03250565752385507
1,18.74007870120448,98.91335808785006,urban,2024-01-14,0.03847980272185852
2,18.76559811840203,98.92891589958906,urban,2024-01-14,0.03575580357941465
3,18.7485846663651,98.9289158995633,urban,2024-01-14,0.038503095396139345
4,18.731571228912202,98.92891589956444,urban,2024-01-14,0.03851154074070743
5,18.791111128265864,98.94447493992463,urban,2024-01-14,0.04018108092772495
6,18.77410214222722,98.94447494902433,urban,2024-01-14,0.03874127220752588
7,18.757090678745303,98.94447493990828,urban,2024-01-14,0.03892966727579114
8,18.74007871834797,98.94447493987954,urban,2024-01-14,0.03889163961603689
9,18.723065258432655,98.94447493075144,urban,2024-01-14,0.03870371376229275
10,18.83362866444315,98.96003473115987,urban,2024-01-14,0.043400904693089784
11,18.816623631248998,98.96003473117173,urban,2024-01-14,0.041640609140757255
12,18.799616617653914,98.96003474023692,urban,2024-01-14,0.04147937148807761
13,18.7826076136698,98.96003473112485,urban,2024-01-14,0.04148543060744881
14,18.76559810565482,98.96003473107459,urban,2024-01-14,0.041748814315205225
15,18.748584661185397,98.96003473109663,urban,2024-01-14,0.041665909135028455
16,18.731571231481407,98.96003473112006,urban,2024-01-14,0.04105563644903601
17,18.84213017229777,98.97559378002752,urban,2024-01-14,0.043513006455624496
18,18.82512516247161,98.9755937800094,urban,2024-01-14,0.04178454306227573
19,18.808118649028923,98.97559378000697,urban,2024-01-14,0.041479371488101185
20,18.791111130814,98.97559377086888,urban,2024-01-14,0.0414812715349092
21,18.774102133565243,98.97559378912425,urban,2024-01-14,0.04169026712973857
22,18.75709067921216,98.97559378001435,urban,2024-01-14,0.04186203703284647
23,18.740078723392486,98.97559377995805,urban,2024-01-14,0.04186226328702867
24,18.723065253201693,98.97559377995931,urban,2024-01-14,0.04317539278643341
25,18.816623633573617,98.99115280259166,urban,2024-01-14,0.041479371488086995
26,18.799616630104307,98.99115281170437,urban,2024-01-14,0.041479524718666325
27,18.782607636523494,98.9911528025845,urban,2024-01-14,0.04163398347656143
28,18.765598139329224,98.99115280251972,urban,2024-01-14,0.041862037032840624
29,18.791111125802086,99.00671258026475,urban,2024-01-14,0.04156872784399149
30,18.774102141283294,99.00671259850732,urban,2024-01-14,0.041859569939120066
1,18.74007870120448,98.91335808785006,urban,2024-01-15,0.043538777242672654
2,18.76559811840203,98.92891589958906,urban,2024-01-15,NA
3,18.7485846663651,98.9289158995633,urban,2024-01-15,0.04353916969514115
4,18.731571228912202,98.92891589956444,urban,2024-01-15,0.04353917019499685
5,18.791111128265864,98.94447493992463,urban,2024-01-15,NA
6,18.77410214222722,98.94447494902433,urban,2024-01-15,NA
7,18.757090678745303,98.94447493990828,urban,2024-01-15,0.043539170463980585
8,18.74007871834797,98.94447493987954,urban,2024-01-15,0.04353917018790965
9,18.723065258432655,98.94447493075144,urban,2024-01-15,0.04353917017578838
10,18.83362866444315,98.96003473115987,urban,2024-01-15,NA
11,18.816623631248998,98.96003473117173,urban,2024-01-15,NA
12,18.799616617653914,98.96003474023692,urban,2024-01-15,NA
13,18.7826076136698,98.96003473112485,urban,2024-01-15,NA
14,18.76559810565482,98.96003473107459,urban,2024-01-15,0.04353917148861203
15,18.748584661185397,98.96003473109663,urban,2024-01-15,0.043539170113335524
16,18.731571231481407,98.96003473112006,urban,2024-01-15,0.04353917017579974
17,18.84213017229777,98.97559378002752,urban,2024-01-15,NA
18,18.82512516247161,98.9755937800094,urban,2024-01-15,NA
19,18.808118649028923,98.97559378000697,urban,2024-01-15,NA
20,18.791111130814,98.97559377086888,urban,2024-01-15,NA
21,18.774102133565243,98.97559378912425,urban,2024-01-15,0.043539170004414963
22,18.75709067921216,98.97559378001435,urban,2024-01-15,0.043539170854548226
23,18.740078723392486,98.97559377995805,urban,2024-01-15,0.04353917017576554
24,18.723065253201693,98.97559377995931,urban,2024-01-15,0.04319163673923013
25,18.816623633573617,98.99115280259166,urban,2024-01-15,NA
26,18.799616630104307,98.99115281170437,urban,2024-01-15,NA
27,18.782607636523494,98.9911528025845,urban,2024-01-15,0.043539170744795914
28,18.765598139329224,98.99115280251972,urban,2024-01-15,0.04353916974362638
29,18.791111125802086,99.00671258026475,urban,2024-01-15,0.043539170724154655
30,18.774102141283294,99.00671259850732,urban,2024-01-15,0.04353917004518884
1,18.74007870120448,98.91335808785006,urban,2024-01-16,0.03833656971030168
2,18.76559811840203,98.92891589958906,urban,2024-01-16,0.037129237299351615
3,18.7485846663651,98.9289158995633,urban,2024-01-16,0.03743608125493557
4,18.731571228912202,98.92891589956444,urban,2024-01-16,0.03935756965627836
5,18.791111128265864,98.94447493992463,urban,2024-01-16,0.038632213705743684
6,18.77410214222722,98.94447494902433,urban,2024-01-16,0.03814110904932551
7,18.757090678745303,98.94447493990828,urban,2024-01-16,0.03807799183970471
8,18.74007871834797,98.94447493987954,urban,2024-01-16,0.03916436095607755
9,18.723065258432655,98.94447493075144,urban,2024-01-16,0.03979859387339162
10,18.83362866444315,98.96003473115987,urban,2024-01-16,0.04003136834693106
11,18.816623631248998,98.96003473117173,urban,2024-01-16,0.040047928690910055
12,18.799616617653914,98.96003474023692,urban,2024-01-16,0.0395983619247257
13,18.7826076136698,98.96003473112485,urban,2024-01-16,0.038141109049321054
14,18.76559810565482,98.96003473107459,urban,2024-01-16,0.03814110904931617
15,18.748584661185397,98.96003473109663,urban,2024-01-16,0.03849129043792635
16,18.731571231481407,98.96003473112006,urban,2024-01-16,0.03986137867815449
17,18.84213017229777,98.97559378002752,urban,2024-01-16,0.0399852809117812
18,18.82512516247161,98.9755937800094,urban,2024-01-16,0.04004792869090552
19,18.808118649028923,98.97559378000697,urban,2024-01-16,0.03998838260598169
20,18.791111130814,98.97559377086888,urban,2024-01-16,0.038627532066818834
21,18.774102133565243,98.97559378912425,urban,2024-01-16,0.03814110904933194
22,18.75709067921216,98.97559378001435,urban,2024-01-16,0.03814110904931903
23,18.740078723392486,98.97559377995805,urban,2024-01-16,0.03927167956367597
24,18.723065253201693,98.97559377995931,urban,2024-01-16,0.03990777954457684
25,18.816623633573617,98.99115280259166,urban,2024-01-16,0.04004792869090834
26,18.799616630104307,98.99115281170437,urban,2024-01-16,0.03959089394484294
27,18.782607636523494,98.9911528025845,urban,2024-01-16,0.03814110904931884
28,18.765598139329224,98.99115280251972,urban,2024-01-16,0.038141109049315364
29,18.791111125802086,99.00671258026475,urban,2024-01-16,0.03862162848185022
30,18.774102141283294,99.00671259850732,urban,2024-01-16,0.038141109049310215
1,18.74007870120448,98.91335808785006,urban,2024-01-17,NA
2,18.76559811840203,98.92891589958906,urban,2024-01-17,NA
3,18.7485846663651,98.9289158995633,urban,2024-01-17,NA
4,18.731571228912202,98.92891589956444,urban,2024-01-17,NA
5,18.791111128265864,98.94447493992463,urban,2024-01-17,NA
6,18.77410214222722,98.94447494902433,urban,2024-01-17,NA
7,18.757090678745303,98.94447493990828,urban,2024-01-17,NA
8,18.74007871834797,98.94447493987954,urban,2024-01-17,NA
9,18.723065258432655,98.94447493075144,urban,2024-01-17,NA
10,18.83362866444315,98.96003473115987,urban,2024-01-17,NA
11,18.816623631248998,98.96003473117173,urban,2024-01-17,NA
12,18.799616617653914,98.96003474023692,urban,2024-01-17,NA
13,18.7826076136698,98.96003473112485,urban,2024-01-17,NA
14,18.76559810565482,98.96003473107459,urban,2024-01-17,NA
15,18.748584661185397,98.96003473109663,urban,2024-01-17,NA
16,18.731571231481407,98.96003473112006,urban,2024-01-17,NA
17,18.84213017229777,98.97559378002752,urban,2024-01-17,NA
18,18.82512516247161,98.9755937800094,urban,2024-01-17,NA
19,18.808118649028923,98.97559378000697,urban,2024-01-17,NA
20,18.791111130814,98.97559377086888,urban,2024-01-17,NA
21,18.774102133565243,98.97559378912425,urban,2024-01-17,NA
22,18.75709067921216,98.97559378001435,urban,2024-01-17,NA
23,18.740078723392486,98.97559377995805,urban,2024-01-17,NA
24,18.723065253201693,98.97559377995931,urban,2024-01-17,NA
25,18.816623633573617,98.99115280259166,urban,2024-01-17,NA
26,18.799616630104307,98.99115281170437,urban,2024-01-17,NA
27,18.782607636523494,98.9911528025845,urban,2024-01-17,NA
28,18.765598139329224,98.99115280251972,urban,2024-01-17,NA
29,18.791111125802086,99.00671258026475,urban,2024-01-17,NA
30,18.774102141283294,99.00671259850732,urban,2024-01-17,NA
1,18.74007870120448,98.91335808785006,urban,2024-01-18,0.03835133445954731
2,18.76559811840203,98.92891589958906,urban,2024-01-18,0.03855549052479239
3,18.7485846663651,98.9289158995633,urban,2024-01-18,0.03835133445730665
4,18.731571228912202,98.92891589956444,urban,2024-01-18,0.038351334631456055
5,18.791111128265864,98.94447493992463,urban,2024-01-18,0.03853344620234884
6,18.77410214222722,98.94447494902433,urban,2024-01-18,0.03855549124744776
7,18.757090678745303,98.94447493990828,urban,2024-01-18,0.03864986073731606
8,18.74007871834797,98.94447493987954,urban,2024-01-18,0.038626960811736784
9,18.723065258432655,98.94447493075144,urban,2024-01-18,0.03852587315322543
10,18.83362866444315,98.96003473115987,urban,2024-01-18,NA
11,18.816623631248998,98.96003473117173,urban,2024-01-18,0.038555491294312155
12,18.799616617653914,98.96003474023692,urban,2024-01-18,0.038555491419699384
13,18.7826076136698,98.96003473112485,urban,2024-01-18,0.03855549171567771
14,18.76559810565482,98.96003473107459,urban,2024-01-18,0.038575837411369225
15,18.748584661185397,98.96003473109663,urban,2024-01-18,0.03911860849456005
16,18.731571231481407,98.96003473112006,urban,2024-01-18,0.03912770375610782
17,18.84213017229777,98.97559378002752,urban,2024-01-18,NA
18,18.82512516247161,98.9755937800094,urban,2024-01-18,NA
19,18.808118649028923,98.97559378000697,urban,2024-01-18,0.03855549082178952
20,18.791111130814,98.97559377086888,urban,2024-01-18,0.0385554917156801
21,18.774102133565243,98.97559378912425,urban,2024-01-18,0.03855549171567988
22,18.75709067921216,98.97559378001435,urban,2024-01-18,0.03888286619547834
23,18.740078723392486,98.97559377995805,urban,2024-01-18,0.03912770375610451
24,18.723065253201693,98.97559377995931,urban,2024-01-18,0.03912770375610327
25,18.816623633573617,98.99115280259166,urban,2024-01-18,0.04011586950065542
26,18.799616630104307,98.99115281170437,urban,2024-01-18,0.038557300066732816
27,18.782607636523494,98.9911528025845,urban,2024-01-18,0.038555491715668355
28,18.765598139329224,98.99115280251972,urban,2024-01-18,0.03871454683366136
29,18.791111125802086,99.00671258026475,urban,2024-01-18,0.03874869418429329
30,18.774102141283294,99.00671259850732,urban,2024-01-18,0.03864716399512669
1,18.74007870120448,98.91335808785006,urban,2024-01-19,0.03266670154008315
2,18.76559811840203,98.92891589958906,urban,2024-01-19,0.032666700815798214
3,18.7485846663651,98.9289158995633,urban,2024-01-19,0.03266670136028799
4,18.731571228912202,98.92891589956444,urban,2024-01-19,0.0326667018298454
5,18.791111128265864,98.94447493992463,urban,2024-01-19,NA
6,18.77410214222722,98.94447494902433,urban,2024-01-19,NA
7,18.757090678745303,98.94447493990828,urban,2024-01-19,0.0326667012070876
8,18.74007871834797,98.94447493987954,urban,2024-01-19,0.03266670158381899
9,18.723065258432655,98.94447493075144,urban,2024-01-19,0.032666701688595666
10,18.83362866444315,98.96003473115987,urban,2024-01-19,NA
11,18.816623631248998,98.96003473117173,urban,2024-01-19,NA
12,18.799616617653914,98.96003474023692,urban,2024-01-19,NA
13,18.7826076136698,98.96003473112485,urban,2024-01-19,NA
14,18.76559810565482,98.96003473107459,urban,2024-01-19,NA
15,18.748584661185397,98.96003473109663,urban,2024-01-19,0.03266670078453563
16,18.731571231481407,98.96003473112006,urban,2024-01-19,0.03266670190520268
17,18.84213017229777,98.97559378002752,urban,2024-01-19,NA
18,18.82512516247161,98.9755937800094,urban,2024-01-19,NA
19,18.808118649028923,98.97559378000697,urban,2024-01-19,NA
20,18.791111130814,98.97559377086888,urban,2024-01-19,NA
21,18.774102133565243,98.97559378912425,urban,2024-01-19,NA
22,18.75709067921216,98.97559378001435,urban,2024-01-19,NA
23,18.740078723392486,98.97559377995805,urban,2024-01-19,NA
24,18.723065253201693,98.97559377995931,urban,2024-01-19,0.032666702963260685
25,18.816623633573617,98.99115280259166,urban,2024-01-19,NA
26,18.799616630104307,98.99115281170437,urban,2024-01-19,NA
27,18.782607636523494,98.9911528025845,urban,2024-01-19,NA
28,18.765598139329224,98.99115280251972,urban,2024-01-19,NA
29,18.791111125802086,99.00671258026475,urban,2024-01-19,NA
30,18.774102141283294,99.00671259850732,urban,2024-01-19,NA
1,18.74007870120448,98.91335808785006,urban,2024-01-20,0.03411235856524633
2,18.76559811840203,98.92891589958906,urban,2024-01-20,0.035755005168333166
3,18.7485846663651,98.9289158995633,urban,2024-01-20,0.03515258921104303
4,18.731571228912202,98.92891589956444,urban,2024-01-20,0.034751694999766
5,18.791111128265864,98.94447493992463,urban,2024-01-20,0.03654885047351726
6,18.77410214222722,98.94447494902433,urban,2024-01-20,0.03644295035001623
7,18.757090678745303,98.94447493990828,urban,2024-01-20,0.0364212729036847
8,18.74007871834797,98.94447493987954,urban,2024-01-20,0.036400133568117
9,18.723065258432655,98.94447493075144,urban,2024-01-20,0.0359183082022892
10,18.83362866444315,98.96003473115987,urban,2024-01-20,0.036773015204102165
11,18.816623631248998,98.96003473117173,urban,2024-01-20,0.036555089056488216
12,18.799616617653914,98.96003474023692,urban,2024-01-20,0.03655209053575609
13,18.7826076136698,98.96003473112485,urban,2024-01-20,0.03645443654201058
14,18.76559810565482,98.96003473107459,urban,2024-01-20,0.036421272903675875
15,18.748584661185397,98.96003473109663,urban,2024-01-20,0.036421272903681995
16,18.731571231481407,98.96003473112006,urban,2024-01-20,0.03616009103764343
17,18.84213017229777,98.97559378002752,urban,2024-01-20,0.03665968904546543
18,18.82512516247161,98.9755937800094,urban,2024-01-20,0.03655508905649742
19,18.808118649028923,98.97559378000697,urban,2024-01-20,0.03655228462180266
20,18.791111130814,98.97559377086888,urban,2024-01-20,0.03646399300388946
21,18.774102133565243,98.97559378912425,urban,2024-01-20,0.03642127290368058
22,18.75709067921216,98.97559378001435,urban,2024-01-20,0.036416907733760474
23,18.740078723392486,98.97559377995805,urban,2024-01-20,0.036226407350837965
24,18.723065253201693,98.97559377995931,urban,2024-01-20,0.035733440076969374
25,18.816623633573617,98.99115280259166,urban,2024-01-20,0.036555066608036056
26,18.799616630104307,98.99115281170437,urban,2024-01-20,0.03650366685219587
27,18.782607636523494,98.9911528025845,urban,2024-01-20,0.036421272903676964
28,18.765598139329224,98.99115280251972,urban,2024-01-20,0.03642127290368008
29,18.791111125802086,99.00671258026475,urban,2024-01-20,0.036423138511279166
30,18.774102141283294,99.00671259850732,urban,2024-01-20,0.03642127290367616
1,18.74007870120448,98.91335808785006,urban,2024-01-21,0.034483183179416094
2,18.76559811840203,98.92891589958906,urban,2024-01-21,0.03500580787659373
3,18.7485846663651,98.9289158995633,urban,2024-01-21,0.03496745696318386
4,18.731571228912202,98.92891589956444,urban,2024-01-21,0.033863477351844
5,18.791111128265864,98.94447493992463,urban,2024-01-21,0.03318809682796202
6,18.77410214222722,98.94447494902433,urban,2024-01-21,0.035005807876581856
7,18.757090678745303,98.94447493990828,urban,2024-01-21,0.03500580787657673
8,18.74007871834797,98.94447493987954,urban,2024-01-21,0.0345015100538991
9,18.723065258432655,98.94447493075144,urban,2024-01-21,0.033810019493098906
10,18.83362866444315,98.96003473115987,urban,2024-01-21,0.03388310461591054
11,18.816623631248998,98.96003473117173,urban,2024-01-21,0.03253593648497465
12,18.799616617653914,98.96003474023692,urban,2024-01-21,0.03142391601583858
13,18.7826076136698,98.96003473112485,urban,2024-01-21,0.034823346332742346
14,18.76559810565482,98.96003473107459,urban,2024-01-21,0.03500580787659406
15,18.748584661185397,98.96003473109663,urban,2024-01-21,0.03498176183671779
16,18.731571231481407,98.96003473112006,urban,2024-01-21,0.03386370743770507
17,18.84213017229777,98.97559378002752,urban,2024-01-21,0.0361324373185635
18,18.82512516247161,98.9755937800094,urban,2024-01-21,0.03596743762843328
19,18.808118649028923,98.97559378000697,urban,2024-01-21,0.03481984055883078
20,18.791111130814,98.97559377086888,urban,2024-01-21,0.0349836772018253
21,18.774102133565243,98.97559378912425,urban,2024-01-21,0.035540964351557014
22,18.75709067921216,98.97559378001435,urban,2024-01-21,0.03532107764056832
23,18.740078723392486,98.97559377995805,urban,2024-01-21,0.03465281175234784
24,18.723065253201693,98.97559377995931,urban,2024-01-21,0.033823438345173346
25,18.816623633573617,98.99115280259166,urban,2024-01-21,0.037581432610748325
26,18.799616630104307,98.99115281170437,urban,2024-01-21,0.03755167646978822
27,18.782607636523494,98.9911528025845,urban,2024-01-21,0.03690491294014358
28,18.765598139329224,98.99115280251972,urban,2024-01-21,0.03678679623415159
29,18.791111125802086,99.00671258026475,urban,2024-01-21,0.037225577114637164
30,18.774102141283294,99.00671259850732,urban,2024-01-21,0.036925498396152036
1,18.74007870120448,98.91335808785006,urban,2024-01-22,0.041286076811412706
2,18.76559811840203,98.92891589958906,urban,2024-01-22,0.04076573252678464
3,18.7485846663651,98.9289158995633,urban,2024-01-22,0.0407657325267789
4,18.731571228912202,98.92891589956444,urban,2024-01-22,0.04316054315532007
5,18.791111128265864,98.94447493992463,urban,2024-01-22,0.041107877881927525
6,18.77410214222722,98.94447494902433,urban,2024-01-22,0.041309119884255
7,18.757090678745303,98.94447493990828,urban,2024-01-22,0.04104527626399061
8,18.74007871834797,98.94447493987954,urban,2024-01-22,0.04149974327545094
9,18.723065258432655,98.94447493075144,urban,2024-01-22,0.04449529168335619
10,18.83362866444315,98.96003473115987,urban,2024-01-22,0.04353055608754693
11,18.816623631248998,98.96003473117173,urban,2024-01-22,0.04454960239463284
12,18.799616617653914,98.96003474023692,urban,2024-01-22,0.04420371327194807
13,18.7826076136698,98.96003473112485,urban,2024-01-22,0.04257109989959255
14,18.76559810565482,98.96003473107459,urban,2024-01-22,0.04213629532425733
15,18.748584661185397,98.96003473109663,urban,2024-01-22,0.04190388090584772
16,18.731571231481407,98.96003473112006,urban,2024-01-22,0.04336149394622856
17,18.84213017229777,98.97559378002752,urban,2024-01-22,0.042982523436333867
18,18.82512516247161,98.9755937800094,urban,2024-01-22,0.04433767864281461
19,18.808118649028923,98.97559378000697,urban,2024-01-22,0.04455001279711359
20,18.791111130814,98.97559377086888,urban,2024-01-22,0.04388727530955224
21,18.774102133565243,98.97559378912425,urban,2024-01-22,0.04267792031170249
22,18.75709067921216,98.97559378001435,urban,2024-01-22,0.04267791331637295
23,18.740078723392486,98.97559377995805,urban,2024-01-22,0.04283515682540187
24,18.723065253201693,98.97559377995931,urban,2024-01-22,0.043383440800124705
25,18.816623633573617,98.99115280259166,urban,2024-01-22,0.04455001279711652
26,18.799616630104307,98.99115281170437,urban,2024-01-22,0.04449425946543681
27,18.782607636523494,98.9911528025845,urban,2024-01-22,0.04298981107639298
28,18.765598139329224,98.99115280251972,urban,2024-01-22,0.04267792031168395
29,18.791111125802086,99.00671258026475,urban,2024-01-22,0.043740133730638994
30,18.774102141283294,99.00671259850732,urban,2024-01-22,0.04267792031169871
1,18.74007870120448,98.91335808785006,urban,2024-01-23,0.0401193148678945
2,18.76559811840203,98.92891589958906,urban,2024-01-23,0.040684221810282
3,18.7485846663651,98.9289158995633,urban,2024-01-23,0.041846543550485685
4,18.731571228912202,98.92891589956444,urban,2024-01-23,0.041833692858991266
5,18.791111128265864,98.94447493992463,urban,2024-01-23,0.0378214009106239
6,18.77410214222722,98.94447494902433,urban,2024-01-23,0.039220358995166155
7,18.757090678745303,98.94447493990828,urban,2024-01-23,0.04184654355050057
8,18.74007871834797,98.94447493987954,urban,2024-01-23,0.04184654355050033
9,18.723065258432655,98.94447493075144,urban,2024-01-23,0.041992591363892766
10,18.83362866444315,98.96003473115987,urban,2024-01-23,0.038285284068962505
11,18.816623631248998,98.96003473117173,urban,2024-01-23,0.03851681919545019
12,18.799616617653914,98.96003474023692,urban,2024-01-23,0.03806130137901091
13,18.7826076136698,98.96003473112485,urban,2024-01-23,0.038080260911417814
14,18.76559810565482,98.96003473107459,urban,2024-01-23,0.04162796985679033
15,18.748584661185397,98.96003473109663,urban,2024-01-23,0.0418465435504845
16,18.731571231481407,98.96003473112006,urban,2024-01-23,0.04184692768978821
17,18.84213017229777,98.97559378002752,urban,2024-01-23,0.04318189327626112
18,18.82512516247161,98.9755937800094,urban,2024-01-23,0.04266989020147444
19,18.808118649028923,98.97559378000697,urban,2024-01-23,0.0423253155138016
20,18.791111130814,98.97559377086888,urban,2024-01-23,0.04073368770670395
21,18.774102133565243,98.97559378912425,urban,2024-01-23,0.04096798165746195
22,18.75709067921216,98.97559378001435,urban,2024-01-23,0.04184986268469361
23,18.740078723392486,98.97559377995805,urban,2024-01-23,0.04185229331778943
24,18.723065253201693,98.97559377995931,urban,2024-01-23,0.04211605453332468
25,18.816623633573617,98.99115280259166,urban,2024-01-23,0.0426592142259107
26,18.799616630104307,98.99115281170437,urban,2024-01-23,0.042545342953204786
27,18.782607636523494,98.9911528025845,urban,2024-01-23,0.042706480711549165
28,18.765598139329224,98.99115280251972,urban,2024-01-23,0.04449915560324774
29,18.791111125802086,99.00671258026475,urban,2024-01-23,0.04271289669371367
30,18.774102141283294,99.00671259850732,urban,2024-01-23,0.0444778910440088
1,18.74007870120448,98.91335808785006,urban,2024-01-24,0.046200029551668596
2,18.76559811840203,98.92891589958906,urban,2024-01-24,NA
3,18.7485846663651,98.9289158995633,urban,2024-01-24,NA
4,18.731571228912202,98.92891589956444,urban,2024-01-24,0.046200029293140356
5,18.791111128265864,98.94447493992463,urban,2024-01-24,0.042867046356304665
6,18.77410214222722,98.94447494902433,urban,2024-01-24,0.04286704451265419
7,18.757090678745303,98.94447493990828,urban,2024-01-24,NA
8,18.74007871834797,98.94447493987954,urban,2024-01-24,0.046200028513591326
9,18.723065258432655,98.94447493075144,urban,2024-01-24,0.046200030574282284
10,18.83362866444315,98.96003473115987,urban,2024-01-24,0.04275133393289593
11,18.816623631248998,98.96003473117173,urban,2024-01-24,0.04286704584956168
12,18.799616617653914,98.96003474023692,urban,2024-01-24,0.04286704590882177
13,18.7826076136698,98.96003473112485,urban,2024-01-24,0.042867046909345285
14,18.76559810565482,98.96003473107459,urban,2024-01-24,NA
15,18.748584661185397,98.96003473109663,urban,2024-01-24,NA
16,18.731571231481407,98.96003473112006,urban,2024-01-24,NA
17,18.84213017229777,98.97559378002752,urban,2024-01-24,0.04501783553139987
18,18.82512516247161,98.9755937800094,urban,2024-01-24,0.04406772939394586
19,18.808118649028923,98.97559378000697,urban,2024-01-24,0.04318050025732587
20,18.791111130814,98.97559377086888,urban,2024-01-24,0.04297963992252399
21,18.774102133565243,98.97559378912425,urban,2024-01-24,0.04906464925793228
22,18.75709067921216,98.97559378001435,urban,2024-01-24,0.04906464909922556
23,18.740078723392486,98.97559377995805,urban,2024-01-24,NA
24,18.723065253201693,98.97559377995931,urban,2024-01-24,NA
25,18.816623633573617,98.99115280259166,urban,2024-01-24,0.047279915931495914
26,18.799616630104307,98.99115281170437,urban,2024-01-24,0.04799395024881634
27,18.782607636523494,98.9911528025845,urban,2024-01-24,0.049064648170747155
28,18.765598139329224,98.99115280251972,urban,2024-01-24,0.04906464883628211
29,18.791111125802086,99.00671258026475,urban,2024-01-24,0.049053791101151635
30,18.774102141283294,99.00671259850732,urban,2024-01-24,0.04906464740633489
1,18.74007870120448,98.91335808785006,urban,2024-01-25,0.05368252560053421
2,18.76559811840203,98.92891589958906,urban,2024-01-25,0.06456300000278667
3,18.7485846663651,98.9289158995633,urban,2024-01-25,0.06007013408495348
4,18.731571228912202,98.92891589956444,urban,2024-01-25,0.057224324110144026
5,18.791111128265864,98.94447493992463,urban,2024-01-25,0.06836435921697644
6,18.77410214222722,98.94447494902433,urban,2024-01-25,0.06616132558109465
7,18.757090678745303,98.94447493990828,urban,2024-01-25,0.06395282596348946
8,18.74007871834797,98.94447493987954,urban,2024-01-25,0.0639430383838422
9,18.723065258432655,98.94447493075144,urban,2024-01-25,0.06353851197414434
10,18.83362866444315,98.96003473115987,urban,2024-01-25,0.06783378121824227
11,18.816623631248998,98.96003473117173,urban,2024-01-25,0.0685365498066142
12,18.799616617653914,98.96003474023692,urban,2024-01-25,0.06846195376059705
13,18.7826076136698,98.96003473112485,urban,2024-01-25,0.06687705432274939
14,18.76559810565482,98.96003473107459,urban,2024-01-25,0.06397398422368715
15,18.748584661185397,98.96003473109663,urban,2024-01-25,0.06395282596351551
16,18.731571231481407,98.96003473112006,urban,2024-01-25,0.06399163618225764
17,18.84213017229777,98.97559378002752,urban,2024-01-25,0.0675971481842924
18,18.82512516247161,98.9755937800094,urban,2024-01-25,0.06853654980658672
19,18.808118649028923,98.97559378000697,urban,2024-01-25,0.06848168501734263
20,18.791111130814,98.97559377086888,urban,2024-01-25,0.06570881278712068
21,18.774102133565243,98.97559378912425,urban,2024-01-25,0.06411971654086122
22,18.75709067921216,98.97559378001435,urban,2024-01-25,0.06395282596348693
23,18.740078723392486,98.97559377995805,urban,2024-01-25,0.06397931650643825
24,18.723065253201693,98.97559377995931,urban,2024-01-25,0.06406097026168084
25,18.816623633573617,98.99115280259166,urban,2024-01-25,0.06852499582830912
26,18.799616630104307,98.99115281170437,urban,2024-01-25,0.06633046660767618
27,18.782607636523494,98.9911528025845,urban,2024-01-25,0.06395282596348265
28,18.765598139329224,98.99115280251972,urban,2024-01-25,0.06395282596350123
29,18.791111125802086,99.00671258026475,urban,2024-01-25,0.06395920907662864
30,18.774102141283294,99.00671259850732,urban,2024-01-25,0.06395282596351395
1,18.74007870120448,98.91335808785006,urban,2024-01-26,0.04557653223991194
2,18.76559811840203,98.92891589958906,urban,2024-01-26,0.04557653134810229
3,18.7485846663651,98.9289158995633,urban,2024-01-26,0.04557653179625204
4,18.731571228912202,98.92891589956444,urban,2024-01-26,0.044769229986929886
5,18.791111128265864,98.94447493992463,urban,2024-01-26,0.04557653211256928
6,18.77410214222722,98.94447494902433,urban,2024-01-26,0.045576531617820853
7,18.757090678745303,98.94447493990828,urban,2024-01-26,0.04557653144001416
8,18.74007871834797,98.94447493987954,urban,2024-01-26,0.04564942989898787
9,18.723065258432655,98.94447493075144,urban,2024-01-26,0.04596281453106694
10,18.83362866444315,98.96003473115987,urban,2024-01-26,NA
11,18.816623631248998,98.96003473117173,urban,2024-01-26,0.04557653266149988
12,18.799616617653914,98.96003474023692,urban,2024-01-26,0.04557653219498933
13,18.7826076136698,98.96003473112485,urban,2024-01-26,0.04557653144002044
14,18.76559810565482,98.96003473107459,urban,2024-01-26,0.04557653144002301
15,18.748584661185397,98.96003473109663,urban,2024-01-26,0.045628906301506865
16,18.731571231481407,98.96003473112006,urban,2024-01-26,0.04597985254065917
17,18.84213017229777,98.97559378002752,urban,2024-01-26,NA
18,18.82512516247161,98.9755937800094,urban,2024-01-26,NA
19,18.808118649028923,98.97559378000697,urban,2024-01-26,0.045576531045350976
20,18.791111130814,98.97559377086888,urban,2024-01-26,0.045576531443818104
21,18.774102133565243,98.97559378912425,urban,2024-01-26,0.045576531440015874
22,18.75709067921216,98.97559378001435,urban,2024-01-26,0.045578705298856693
23,18.740078723392486,98.97559377995805,urban,2024-01-26,0.04594797344358405
24,18.723065253201693,98.97559377995931,urban,2024-01-26,0.0460050590336279
25,18.816623633573617,98.99115280259166,urban,2024-01-26,0.045576531402896026
26,18.799616630104307,98.99115281170437,urban,2024-01-26,0.0455765312337862
27,18.782607636523494,98.9911528025845,urban,2024-01-26,0.045576531440014126
28,18.765598139329224,98.99115280251972,urban,2024-01-26,0.045576727213671134
29,18.791111125802086,99.00671258026475,urban,2024-01-26,0.04557653144002401
30,18.774102141283294,99.00671259850732,urban,2024-01-26,0.04557653182063466
1,18.74007870120448,98.91335808785006,urban,2024-01-27,NA
2,18.76559811840203,98.92891589958906,urban,2024-01-27,NA
3,18.7485846663651,98.9289158995633,urban,2024-01-27,NA
4,18.731571228912202,98.92891589956444,urban,2024-01-27,NA
5,18.791111128265864,98.94447493992463,urban,2024-01-27,NA
6,18.77410214222722,98.94447494902433,urban,2024-01-27,NA
7,18.757090678745303,98.94447493990828,urban,2024-01-27,NA
8,18.74007871834797,98.94447493987954,urban,2024-01-27,NA
9,18.723065258432655,98.94447493075144,urban,2024-01-27,NA
10,18.83362866444315,98.96003473115987,urban,2024-01-27,0.03992355987429259
11,18.816623631248998,98.96003473117173,urban,2024-01-27,0.03992355994058126
12,18.799616617653914,98.96003474023692,urban,2024-01-27,0.03992356051450617
13,18.7826076136698,98.96003473112485,urban,2024-01-27,NA
14,18.76559810565482,98.96003473107459,urban,2024-01-27,NA
15,18.748584661185397,98.96003473109663,urban,2024-01-27,NA
16,18.731571231481407,98.96003473112006,urban,2024-01-27,NA
17,18.84213017229777,98.97559378002752,urban,2024-01-27,0.0399235598742979
18,18.82512516247161,98.9755937800094,urban,2024-01-27,0.03992355987429737
19,18.808118649028923,98.97559378000697,urban,2024-01-27,0.039923559904343105
20,18.791111130814,98.97559377086888,urban,2024-01-27,NA
21,18.774102133565243,98.97559378912425,urban,2024-01-27,NA
22,18.75709067921216,98.97559378001435,urban,2024-01-27,NA
23,18.740078723392486,98.97559377995805,urban,2024-01-27,NA
24,18.723065253201693,98.97559377995931,urban,2024-01-27,NA
25,18.816623633573617,98.99115280259166,urban,2024-01-27,0.039923559764849646
26,18.799616630104307,98.99115281170437,urban,2024-01-27,0.03992355876185929
27,18.782607636523494,98.9911528025845,urban,2024-01-27,NA
28,18.765598139329224,98.99115280251972,urban,2024-01-27,NA
29,18.791111125802086,99.00671258026475,urban,2024-01-27,NA
30,18.774102141283294,99.00671259850732,urban,2024-01-27,NA
1,18.74007870120448,98.91335808785006,urban,2024-01-28,NA
2,18.76559811840203,98.92891589958906,urban,2024-01-28,0.047638762751619476
3,18.7485846663651,98.9289158995633,urban,2024-01-28,0.04701926203948784
4,18.731571228912202,98.92891589956444,urban,2024-01-28,0.04701926197376853
5,18.791111128265864,98.94447493992463,urban,2024-01-28,0.05180771276355487
6,18.77410214222722,98.94447494902433,urban,2024-01-28,0.05069594176360117
7,18.757090678745303,98.94447493990828,urban,2024-01-28,0.047019261937424096
8,18.74007871834797,98.94447493987954,urban,2024-01-28,0.04701926165038024
9,18.723065258432655,98.94447493075144,urban,2024-01-28,0.04756512424379977
10,18.83362866444315,98.96003473115987,urban,2024-01-28,0.04646559059619271
11,18.816623631248998,98.96003473117173,urban,2024-01-28,0.04909743976688219
12,18.799616617653914,98.96003474023692,urban,2024-01-28,0.05180771276353901
13,18.7826076136698,98.96003473112485,urban,2024-01-28,0.051684844641143
14,18.76559810565482,98.96003473107459,urban,2024-01-28,0.04791510711954403
15,18.748584661185397,98.96003473109663,urban,2024-01-28,0.04701926186679468
16,18.731571231481407,98.96003473112006,urban,2024-01-28,0.04701926186679664
17,18.84213017229777,98.97559378002752,urban,2024-01-28,0.04646559059619963
18,18.82512516247161,98.9755937800094,urban,2024-01-28,0.04714316482651621
19,18.808118649028923,98.97559378000697,urban,2024-01-28,0.05152167625320604
20,18.791111130814,98.97559377086888,urban,2024-01-28,0.051807712763546614
21,18.774102133565243,98.97559378912425,urban,2024-01-28,0.049748166249869635
22,18.75709067921216,98.97559378001435,urban,2024-01-28,0.047019261866812274
23,18.740078723392486,98.97559377995805,urban,2024-01-28,0.04701926186681909
24,18.723065253201693,98.97559377995931,urban,2024-01-28,0.04800262626672132
25,18.816623633573617,98.99115280259166,urban,2024-01-28,0.05013702223050236
26,18.799616630104307,98.99115281170437,urban,2024-01-28,0.051807712763561414
27,18.782607636523494,98.9911528025845,urban,2024-01-28,0.051613883153771675
28,18.765598139329224,98.99115280251972,urban,2024-01-28,0.047170505768562056
29,18.791111125802086,99.00671258026475,urban,2024-01-28,0.051591180938878954
30,18.774102141283294,99.00671259850732,urban,2024-01-28,0.04909624275212261
1,18.74007870120448,98.91335808785006,urban,2024-01-29,0.04775793141859494
2,18.76559811840203,98.92891589958906,urban,2024-01-29,0.044777668203713296
3,18.7485846663651,98.9289158995633,urban,2024-01-29,0.046874644989338105
4,18.731571228912202,98.92891589956444,urban,2024-01-29,0.04850461267245612
5,18.791111128265864,98.94447493992463,urban,2024-01-29,0.047781832516212104
6,18.77410214222722,98.94447494902433,urban,2024-01-29,0.047643527110911965
7,18.757090678745303,98.94447493990828,urban,2024-01-29,0.04774631767592753
8,18.74007871834797,98.94447493987954,urban,2024-01-29,0.04899323285799538
9,18.723065258432655,98.94447493075144,urban,2024-01-29,0.0486704018635295
10,18.83362866444315,98.96003473115987,urban,2024-01-29,0.04370131716131694
11,18.816623631248998,98.96003473117173,urban,2024-01-29,0.04435274970561127
12,18.799616617653914,98.96003474023692,urban,2024-01-29,0.04772583868396154
13,18.7826076136698,98.96003473112485,urban,2024-01-29,0.04778198221720813
14,18.76559810565482,98.96003473107459,urban,2024-01-29,0.047801783224978155
15,18.748584661185397,98.96003473109663,urban,2024-01-29,0.04956217345332054
16,18.731571231481407,98.96003473112006,urban,2024-01-29,0.049730623529520464
17,18.84213017229777,98.97559378002752,urban,2024-01-29,0.043794091393991916
18,18.82512516247161,98.9755937800094,urban,2024-01-29,0.04400576870020443
19,18.808118649028923,98.97559378000697,urban,2024-01-29,0.047135475437604504
20,18.791111130814,98.97559377086888,urban,2024-01-29,0.047781832516200495
21,18.774102133565243,98.97559378912425,urban,2024-01-29,0.04806121851929834
22,18.75709067921216,98.97559378001435,urban,2024-01-29,0.04896645269519913
23,18.740078723392486,98.97559377995805,urban,2024-01-29,0.049741510301833596
24,18.723065253201693,98.97559377995931,urban,2024-01-29,0.0496963332444948
25,18.816623633573617,98.99115280259166,urban,2024-01-29,0.04682778641423367
26,18.799616630104307,98.99115281170437,urban,2024-01-29,0.047522862468747824
27,18.782607636523494,98.9911528025845,urban,2024-01-29,0.04774254104641189
28,18.765598139329224,98.99115280251972,urban,2024-01-29,0.04909818873251575
29,18.791111125802086,99.00671258026475,urban,2024-01-29,0.046787119923111346
30,18.774102141283294,99.00671259850732,urban,2024-01-29,0.04789772866844616
1,18.74007870120448,98.91335808785006,urban,2024-01-30,NA
2,18.76559811840203,98.92891589958906,urban,2024-01-30,0.03889511177531284
3,18.7485846663651,98.9289158995633,urban,2024-01-30,NA
4,18.731571228912202,98.92891589956444,urban,2024-01-30,NA
5,18.791111128265864,98.94447493992463,urban,2024-01-30,0.03889511189962288
6,18.77410214222722,98.94447494902433,urban,2024-01-30,0.038895110984037605
7,18.757090678745303,98.94447493990828,urban,2024-01-30,NA
8,18.74007871834797,98.94447493987954,urban,2024-01-30,NA
9,18.723065258432655,98.94447493075144,urban,2024-01-30,NA
10,18.83362866444315,98.96003473115987,urban,2024-01-30,0.038895110411609445
11,18.816623631248998,98.96003473117173,urban,2024-01-30,0.03889511054101822
12,18.799616617653914,98.96003474023692,urban,2024-01-30,0.03889511226715137
13,18.7826076136698,98.96003473112485,urban,2024-01-30,0.03889511181553524
14,18.76559810565482,98.96003473107459,urban,2024-01-30,NA
15,18.748584661185397,98.96003473109663,urban,2024-01-30,NA
16,18.731571231481407,98.96003473112006,urban,2024-01-30,NA
17,18.84213017229777,98.97559378002752,urban,2024-01-30,NA
18,18.82512516247161,98.9755937800094,urban,2024-01-30,NA
19,18.808118649028923,98.97559378000697,urban,2024-01-30,NA
20,18.791111130814,98.97559377086888,urban,2024-01-30,NA
21,18.774102133565243,98.97559378912425,urban,2024-01-30,NA
22,18.75709067921216,98.97559378001435,urban,2024-01-30,NA
23,18.740078723392486,98.97559377995805,urban,2024-01-30,NA
24,18.723065253201693,98.97559377995931,urban,2024-01-30,NA
25,18.816623633573617,98.99115280259166,urban,2024-01-30,NA
26,18.799616630104307,98.99115281170437,urban,2024-01-30,NA
27,18.782607636523494,98.9911528025845,urban,2024-01-30,NA
28,18.765598139329224,98.99115280251972,urban,2024-01-30,NA
29,18.791111125802086,99.00671258026475,urban,2024-01-30,NA
30,18.774102141283294,99.00671259850732,urban,2024-01-30,NA
1,18.74007870120448,98.91335808785006,urban,2024-01-31,0.04107505012789562
2,18.76559811840203,98.92891589958906,urban,2024-01-31,NA
3,18.7485846663651,98.9289158995633,urban,2024-01-31,NA
4,18.731571228912202,98.92891589956444,urban,2024-01-31,0.040889988874690954
5,18.791111128265864,98.94447493992463,urban,2024-01-31,NA
6,18.77410214222722,98.94447494902433,urban,2024-01-31,NA
7,18.757090678745303,98.94447493990828,urban,2024-01-31,NA
8,18.74007871834797,98.94447493987954,urban,2024-01-31,0.040889989458031344
9,18.723065258432655,98.94447493075144,urban,2024-01-31,0.0408899890271069
10,18.83362866444315,98.96003473115987,urban,2024-01-31,NA
11,18.816623631248998,98.96003473117173,urban,2024-01-31,NA
12,18.799616617653914,98.96003474023692,urban,2024-01-31,NA
13,18.7826076136698,98.96003473112485,urban,2024-01-31,NA
14,18.76559810565482,98.96003473107459,urban,2024-01-31,NA
15,18.748584661185397,98.96003473109663,urban,2024-01-31,NA
16,18.731571231481407,98.96003473112006,urban,2024-01-31,0.040889989392424136
17,18.84213017229777,98.97559378002752,urban,2024-01-31,NA
18,18.82512516247161,98.9755937800094,urban,2024-01-31,NA
19,18.808118649028923,98.97559378000697,urban,2024-01-31,NA
20,18.791111130814,98.97559377086888,urban,2024-01-31,NA
21,18.774102133565243,98.97559378912425,urban,2024-01-31,NA
22,18.75709067921216,98.97559378001435,urban,2024-01-31,NA
23,18.740078723392486,98.97559377995805,urban,2024-01-31,0.04088998945250753
24,18.723065253201693,98.97559377995931,urban,2024-01-31,0.04088998957161693
25,18.816623633573617,98.99115280259166,urban,2024-01-31,NA
26,18.799616630104307,98.99115281170437,urban,2024-01-31,NA
27,18.782607636523494,98.9911528025845,urban,2024-01-31,NA
28,18.765598139329224,98.99115280251972,urban,2024-01-31,NA
29,18.791111125802086,99.00671258026475,urban,2024-01-31,NA
30,18.774102141283294,99.00671259850732,urban,2024-01-31,NA
1,18.74007870120448,98.91335808785006,urban,2024-02-01,0.039418842815959615
2,18.76559811840203,98.92891589958906,urban,2024-02-01,0.03459099680187433
3,18.7485846663651,98.9289158995633,urban,2024-02-01,0.038059337027628724
4,18.731571228912202,98.92891589956444,urban,2024-02-01,0.039540670812148404
5,18.791111128265864,98.94447493992463,urban,2024-02-01,0.03469620828416768
6,18.77410214222722,98.94447494902433,urban,2024-02-01,0.03459099640217107
7,18.757090678745303,98.94447493990828,urban,2024-02-01,0.03570330147095393
8,18.74007871834797,98.94447493987954,urban,2024-02-01,0.039422266390933956
9,18.723065258432655,98.94447493075144,urban,2024-02-01,0.03954067105030062
10,18.83362866444315,98.96003473115987,urban,2024-02-01,0.03713694214819978
11,18.816623631248998,98.96003473117173,urban,2024-02-01,0.037136942148202214
12,18.799616617653914,98.96003474023692,urban,2024-02-01,0.03713694173005003
13,18.7826076136698,98.96003473112485,urban,2024-02-01,NA
14,18.76559810565482,98.96003473107459,urban,2024-02-01,0.034590995670801934
15,18.748584661185397,98.96003473109663,urban,2024-02-01,0.038354655071879906
16,18.731571231481407,98.96003473112006,urban,2024-02-01,0.03954067106853951
17,18.84213017229777,98.97559378002752,urban,2024-02-01,0.03713125545756356
18,18.82512516247161,98.9755937800094,urban,2024-02-01,0.03713694214821752
19,18.808118649028923,98.97559378000697,urban,2024-02-01,0.03713694222171845
20,18.791111130814,98.97559377086888,urban,2024-02-01,0.03713694290809891
21,18.774102133565243,98.97559378912425,urban,2024-02-01,NA
22,18.75709067921216,98.97559378001435,urban,2024-02-01,NA
23,18.740078723392486,98.97559377995805,urban,2024-02-01,NA
24,18.723065253201693,98.97559377995931,urban,2024-02-01,NA
25,18.816623633573617,98.99115280259166,urban,2024-02-01,0.0371369421482133
26,18.799616630104307,98.99115281170437,urban,2024-02-01,0.037136942556040685
27,18.782607636523494,98.9911528025845,urban,2024-02-01,NA
28,18.765598139329224,98.99115280251972,urban,2024-02-01,NA
29,18.791111125802086,99.00671258026475,urban,2024-02-01,0.03713694246764729
30,18.774102141283294,99.00671259850732,urban,2024-02-01,NA
1,18.74007870120448,98.91335808785006,urban,2024-02-02,0.03305078297854509
2,18.76559811840203,98.92891589958906,urban,2024-02-02,0.03304998195237834
3,18.7485846663651,98.9289158995633,urban,2024-02-02,0.033050782978521806
4,18.731571228912202,98.92891589956444,urban,2024-02-02,0.033077000944722115
5,18.791111128265864,98.94447493992463,urban,2024-02-02,0.032234247415910314
6,18.77410214222722,98.94447494902433,urban,2024-02-02,0.032718012832536295
7,18.757090678745303,98.94447493990828,urban,2024-02-02,0.03305078297853299
8,18.74007871834797,98.94447493987954,urban,2024-02-02,0.03305078297853451
9,18.723065258432655,98.94447493075144,urban,2024-02-02,0.03373115003111423
10,18.83362866444315,98.96003473115987,urban,2024-02-02,0.03347044217080186
11,18.816623631248998,98.96003473117173,urban,2024-02-02,0.03252465701140583
12,18.799616617653914,98.96003474023692,urban,2024-02-02,0.032230343669657366
13,18.7826076136698,98.96003473112485,urban,2024-02-02,0.032363661367947216
14,18.76559810565482,98.96003473107459,urban,2024-02-02,0.03305078297853932
15,18.748584661185397,98.96003473109663,urban,2024-02-02,0.033050782978535205
16,18.731571231481407,98.96003473112006,urban,2024-02-02,0.03319239191281702
17,18.84213017229777,98.97559378002752,urban,2024-02-02,0.03351324817388283
18,18.82512516247161,98.9755937800094,urban,2024-02-02,0.0331153116249833
19,18.808118649028923,98.97559378000697,urban,2024-02-02,0.03227456255000702
20,18.791111130814,98.97559377086888,urban,2024-02-02,0.03224590710273801
21,18.774102133565243,98.97559378912425,urban,2024-02-02,0.032807984968464314
22,18.75709067921216,98.97559378001435,urban,2024-02-02,0.03305078319391091
23,18.740078723392486,98.97559377995805,urban,2024-02-02,0.03305078297853384
24,18.723065253201693,98.97559377995931,urban,2024-02-02,0.03395683745593376
25,18.816623633573617,98.99115280259166,urban,2024-02-02,0.03388980250849263
26,18.799616630104307,98.99115281170437,urban,2024-02-02,0.03363451462222959
27,18.782607636523494,98.9911528025845,urban,2024-02-02,0.0333718383528109
28,18.765598139329224,98.99115280251972,urban,2024-02-02,0.03346876220738879
29,18.791111125802086,99.00671258026475,urban,2024-02-02,0.03409875380459492
30,18.774102141283294,99.00671259850732,urban,2024-02-02,0.03434130840919595
1,18.74007870120448,98.91335808785006,urban,2024-02-03,0.03752062281616339
2,18.76559811840203,98.92891589958906,urban,2024-02-03,NA
3,18.7485846663651,98.9289158995633,urban,2024-02-03,0.0375363676129759
4,18.731571228912202,98.92891589956444,urban,2024-02-03,0.03753636779435403
5,18.791111128265864,98.94447493992463,urban,2024-02-03,0.0369923684714906
6,18.77410214222722,98.94447494902433,urban,2024-02-03,0.038860312783196724
7,18.757090678745303,98.94447493990828,urban,2024-02-03,0.037536368568627375
8,18.74007871834797,98.94447493987954,urban,2024-02-03,0.03753636781931806
9,18.723065258432655,98.94447493075144,urban,2024-02-03,0.03753636777401468
10,18.83362866444315,98.96003473115987,urban,2024-02-03,0.04089239612220799
11,18.816623631248998,98.96003473117173,urban,2024-02-03,0.04078555442822329
12,18.799616617653914,98.96003474023692,urban,2024-02-03,0.0393291131493449
13,18.7826076136698,98.96003473112485,urban,2024-02-03,0.03886031347866728
14,18.76559810565482,98.96003473107459,urban,2024-02-03,0.038847657115465076
15,18.748584661185397,98.96003473109663,urban,2024-02-03,0.03759030409305407
16,18.731571231481407,98.96003473112006,urban,2024-02-03,0.03756176707462441
17,18.84213017229777,98.97559378002752,urban,2024-02-03,0.04089239612222079
18,18.82512516247161,98.9755937800094,urban,2024-02-03,0.040892396122227
19,18.808118649028923,98.97559378000697,urban,2024-02-03,0.040236164045758124
20,18.791111130814,98.97559377086888,urban,2024-02-03,0.0388603135943396
21,18.774102133565243,98.97559378912425,urban,2024-02-03,0.03886031360978119
22,18.75709067921216,98.97559378001435,urban,2024-02-03,0.03824769648784106
23,18.740078723392486,98.97559377995805,urban,2024-02-03,0.037813472925600757
24,18.723065253201693,98.97559377995931,urban,2024-02-03,0.03778286132870537
25,18.816623633573617,98.99115280259166,urban,2024-02-03,0.040781256704074106
26,18.799616630104307,98.99115281170437,urban,2024-02-03,0.0391969177949117
27,18.782607636523494,98.9911528025845,urban,2024-02-03,0.03886031359433247
28,18.765598139329224,98.99115280251972,urban,2024-02-03,0.0386448691234561
29,18.791111125802086,99.00671258026475,urban,2024-02-03,0.03886031359435009
30,18.774102141283294,99.00671259850732,urban,2024-02-03,0.0388603135445432
1,18.74007870120448,98.91335808785006,urban,2024-02-04,0.03896718044316911
2,18.76559811840203,98.92891589958906,urban,2024-02-04,0.03958491608499774
3,18.7485846663651,98.9289158995633,urban,2024-02-04,0.03928977835748953
4,18.731571228912202,98.92891589956444,urban,2024-02-04,0.037420198743480425
5,18.791111128265864,98.94447493992463,urban,2024-02-04,0.039580314473774574
6,18.77410214222722,98.94447494902433,urban,2024-02-04,0.03958491601070938
7,18.757090678745303,98.94447493990828,urban,2024-02-04,0.039566814128843324
8,18.74007871834797,98.94447493987954,urban,2024-02-04,0.0376844356068483
9,18.723065258432655,98.94447493075144,urban,2024-02-04,0.03732129186392315
10,18.83362866444315,98.96003473115987,urban,2024-02-04,0.039152316278750196
11,18.816623631248998,98.96003473117173,urban,2024-02-04,0.03918076407098097
12,18.799616617653914,98.96003474023692,urban,2024-02-04,0.039501062207900464
13,18.7826076136698,98.96003473112485,urban,2024-02-04,0.039584915559083625
14,18.76559810565482,98.96003473107459,urban,2024-02-04,0.03958491589839388
15,18.748584661185397,98.96003473109663,urban,2024-02-04,0.038375624396384624
16,18.731571231481407,98.96003473112006,urban,2024-02-04,0.0373235325781778
17,18.84213017229777,98.97559378002752,urban,2024-02-04,NA
18,18.82512516247161,98.9755937800094,urban,2024-02-04,NA
19,18.808118649028923,98.97559378000697,urban,2024-02-04,0.03938192957120495
20,18.791111130814,98.97559377086888,urban,2024-02-04,0.03958491561156678
21,18.774102133565243,98.97559378912425,urban,2024-02-04,0.0395849158671528
22,18.75709067921216,98.97559378001435,urban,2024-02-04,0.03905546717360425
23,18.740078723392486,98.97559377995805,urban,2024-02-04,0.03734970453624574
24,18.723065253201693,98.97559377995931,urban,2024-02-04,0.037321292166068415
25,18.816623633573617,98.99115280259166,urban,2024-02-04,NA
26,18.799616630104307,98.99115281170437,urban,2024-02-04,NA
27,18.782607636523494,98.9911528025845,urban,2024-02-04,NA
28,18.765598139329224,98.99115280251972,urban,2024-02-04,NA
29,18.791111125802086,99.00671258026475,urban,2024-02-04,NA
30,18.774102141283294,99.00671259850732,urban,2024-02-04,NA
1,18.74007870120448,98.91335808785006,urban,2024-02-05,0.03582425415515338
2,18.76559811840203,98.92891589958906,urban,2024-02-05,0.03582425415516703
3,18.7485846663651,98.9289158995633,urban,2024-02-05,0.035824254155162334
4,18.731571228912202,98.92891589956444,urban,2024-02-05,0.03582425449370786
5,18.791111128265864,98.94447493992463,urban,2024-02-05,0.03785168512069185
6,18.77410214222722,98.94447494902433,urban,2024-02-05,0.03645431243630997
7,18.757090678745303,98.94447493990828,urban,2024-02-05,0.036049438476758164
8,18.74007871834797,98.94447493987954,urban,2024-02-05,0.03592194911989286
9,18.723065258432655,98.94447493075144,urban,2024-02-05,0.03582848775353829
10,18.83362866444315,98.96003473115987,urban,2024-02-05,0.039423651993277166
11,18.816623631248998,98.96003473117173,urban,2024-02-05,0.03942309933388753
12,18.799616617653914,98.96003474023692,urban,2024-02-05,0.039240825950624066
13,18.7826076136698,98.96003473112485,urban,2024-02-05,0.03904628058281722
14,18.76559810565482,98.96003473107459,urban,2024-02-05,0.03862520809255554
15,18.748584661185397,98.96003473109663,urban,2024-02-05,0.03745878903002907
16,18.731571231481407,98.96003473112006,urban,2024-02-05,0.036773918234081646
17,18.84213017229777,98.97559378002752,urban,2024-02-05,0.039423651993270345
18,18.82512516247161,98.9755937800094,urban,2024-02-05,0.039423649291076696
19,18.808118649028923,98.97559378000697,urban,2024-02-05,0.03926694865359069
20,18.791111130814,98.97559377086888,urban,2024-02-05,0.039056231160028466
21,18.774102133565243,98.97559378912425,urban,2024-02-05,0.039056107401846035
22,18.75709067921216,98.97559378001435,urban,2024-02-05,0.03801445097591998
23,18.740078723392486,98.97559377995805,urban,2024-02-05,0.037114142181416475
24,18.723065253201693,98.97559377995931,urban,2024-02-05,0.037007272204472294
25,18.816623633573617,98.99115280259166,urban,2024-02-05,0.03934367261403097
26,18.799616630104307,98.99115281170437,urban,2024-02-05,0.039058583575330735
27,18.782607636523494,98.9911528025845,urban,2024-02-05,0.03905610740185709
28,18.765598139329224,98.99115280251972,urban,2024-02-05,0.038298641681674774
29,18.791111125802086,99.00671258026475,urban,2024-02-05,0.03905610740184124
30,18.774102141283294,99.00671259850732,urban,2024-02-05,0.0388343591636383
1,18.74007870120448,98.91335808785006,urban,2024-02-06,0.03857632353901716
2,18.76559811840203,98.92891589958906,urban,2024-02-06,0.037512688792679
3,18.7485846663651,98.9289158995633,urban,2024-02-06,0.038576323539023
4,18.731571228912202,98.92891589956444,urban,2024-02-06,0.03857632353902848
5,18.791111128265864,98.94447493992463,urban,2024-02-06,0.037117872387168724
6,18.77410214222722,98.94447494902433,urban,2024-02-06,0.03711787238716894
7,18.757090678745303,98.94447493990828,urban,2024-02-06,0.038185761200878805
8,18.74007871834797,98.94447493987954,urban,2024-02-06,0.0385763235390142
9,18.723065258432655,98.94447493075144,urban,2024-02-06,0.03857632353901585
10,18.83362866444315,98.96003473115987,urban,2024-02-06,0.03595243766902896
11,18.816623631248998,98.96003473117173,urban,2024-02-06,0.035992283080524066
12,18.799616617653914,98.96003474023692,urban,2024-02-06,0.036835890387267735
13,18.7826076136698,98.96003473112485,urban,2024-02-06,0.03711787238715911
14,18.76559810565482,98.96003473107459,urban,2024-02-06,0.037492526678625474
15,18.748584661185397,98.96003473109663,urban,2024-02-06,0.038576323539005246
16,18.731571231481407,98.96003473112006,urban,2024-02-06,0.03857632353900871
17,18.84213017229777,98.97559378002752,urban,2024-02-06,0.03595703946035208
18,18.82512516247161,98.9755937800094,urban,2024-02-06,0.035954361427072506
19,18.808118649028923,98.97559378000697,urban,2024-02-06,0.03629030186743439
20,18.791111130814,98.97559377086888,urban,2024-02-06,0.03711787238717804
21,18.774102133565243,98.97559378912425,urban,2024-02-06,0.03711787238717867
22,18.75709067921216,98.97559378001435,urban,2024-02-06,0.03816694433823645
23,18.740078723392486,98.97559377995805,urban,2024-02-06,0.03857632353904052
24,18.723065253201693,98.97559377995931,urban,2024-02-06,0.03857632353903202
25,18.816623633573617,98.99115280259166,urban,2024-02-06,0.03742047906498844
26,18.799616630104307,98.99115281170437,urban,2024-02-06,0.03776588646565648
27,18.782607636523494,98.9911528025845,urban,2024-02-06,0.037689354938100654
28,18.765598139329224,98.99115280251972,urban,2024-02-06,0.03773107710096337
29,18.791111125802086,99.00671258026475,urban,2024-02-06,0.04014318347592958
30,18.774102141283294,99.00671259850732,urban,2024-02-06,0.0398477225281537
1,18.74007870120448,98.91335808785006,urban,2024-02-07,0.042921517044310846
2,18.76559811840203,98.92891589958906,urban,2024-02-07,0.04251647032006631
3,18.7485846663651,98.9289158995633,urban,2024-02-07,0.0429215170442968
4,18.731571228912202,98.92891589956444,urban,2024-02-07,0.042233644901343674
5,18.791111128265864,98.94447493992463,urban,2024-02-07,0.03791835904122219
6,18.77410214222722,98.94447494902433,urban,2024-02-07,0.040381413914692174
7,18.757090678745303,98.94447493990828,urban,2024-02-07,0.04292151704430969
8,18.74007871834797,98.94447493987954,urban,2024-02-07,0.04292150859078062
9,18.723065258432655,98.94447493075144,urban,2024-02-07,0.04110535288279059
10,18.83362866444315,98.96003473115987,urban,2024-02-07,0.04041105839721024
11,18.816623631248998,98.96003473117173,urban,2024-02-07,0.039571571231267234
12,18.799616617653914,98.96003474023692,urban,2024-02-07,0.03880546338590188
13,18.7826076136698,98.96003473112485,urban,2024-02-07,0.038242069960868104
14,18.76559810565482,98.96003473107459,urban,2024-02-07,0.042843348179509286
15,18.748584661185397,98.96003473109663,urban,2024-02-07,0.04292151704429814
16,18.731571231481407,98.96003473112006,urban,2024-02-07,0.04212326608669442
17,18.84213017229777,98.97559378002752,urban,2024-02-07,0.045209399444988314
18,18.82512516247161,98.9755937800094,urban,2024-02-07,0.04282198687056893
19,18.808118649028923,98.97559378000697,urban,2024-02-07,0.04135563616377619
20,18.791111130814,98.97559377086888,urban,2024-02-07,0.040786132548524964
21,18.774102133565243,98.97559378912425,urban,2024-02-07,0.04169285893852634
22,18.75709067921216,98.97559378001435,urban,2024-02-07,0.043012252334276815
23,18.740078723392486,98.97559377995805,urban,2024-02-07,0.04290329194206155
24,18.723065253201693,98.97559377995931,urban,2024-02-07,0.040999201250782526
25,18.816623633573617,98.99115280259166,urban,2024-02-07,0.043292067628699284
26,18.799616630104307,98.99115281170437,urban,2024-02-07,0.04329027235506815
27,18.782607636523494,98.9911528025845,urban,2024-02-07,0.0432512721736175
28,18.765598139329224,98.99115280251972,urban,2024-02-07,0.04340422227506774
29,18.791111125802086,99.00671258026475,urban,2024-02-07,0.043291101472182014
30,18.774102141283294,99.00671259850732,urban,2024-02-07,0.04337614344125341
1,18.74007870120448,98.91335808785006,urban,2024-02-08,0.039054650858759137
2,18.76559811840203,98.92891589958906,urban,2024-02-08,0.03905465023991844
3,18.7485846663651,98.9289158995633,urban,2024-02-08,0.03905465018816601
4,18.731571228912202,98.92891589956444,urban,2024-02-08,0.03905465120308666
5,18.791111128265864,98.94447493992463,urban,2024-02-08,0.03956924088550831
6,18.77410214222722,98.94447494902433,urban,2024-02-08,0.03905465042906068
7,18.757090678745303,98.94447493990828,urban,2024-02-08,0.039054650588479664
8,18.74007871834797,98.94447493987954,urban,2024-02-08,0.03905465072141124
9,18.723065258432655,98.94447493075144,urban,2024-02-08,0.0390546513621699
10,18.83362866444315,98.96003473115987,urban,2024-02-08,0.03980849441398726
11,18.816623631248998,98.96003473117173,urban,2024-02-08,0.039786059409391034
12,18.799616617653914,98.96003474023692,urban,2024-02-08,0.039786059653318114
13,18.7826076136698,98.96003473112485,urban,2024-02-08,NA
14,18.76559810565482,98.96003473107459,urban,2024-02-08,NA
15,18.748584661185397,98.96003473109663,urban,2024-02-08,NA
16,18.731571231481407,98.96003473112006,urban,2024-02-08,NA
17,18.84213017229777,98.97559378002752,urban,2024-02-08,0.03982208710419849
18,18.82512516247161,98.9755937800094,urban,2024-02-08,0.03978611196288128
19,18.808118649028923,98.97559378000697,urban,2024-02-08,0.03978605931326674
20,18.791111130814,98.97559377086888,urban,2024-02-08,0.03978605967514586
21,18.774102133565243,98.97559378912425,urban,2024-02-08,NA
22,18.75709067921216,98.97559378001435,urban,2024-02-08,NA
23,18.740078723392486,98.97559377995805,urban,2024-02-08,NA
24,18.723065253201693,98.97559377995931,urban,2024-02-08,NA
25,18.816623633573617,98.99115280259166,urban,2024-02-08,0.04038531513087199
26,18.799616630104307,98.99115281170437,urban,2024-02-08,0.0399177658869804
27,18.782607636523494,98.9911528025845,urban,2024-02-08,NA
28,18.765598139329224,98.99115280251972,urban,2024-02-08,NA
29,18.791111125802086,99.00671258026475,urban,2024-02-08,0.03978606114367434
30,18.774102141283294,99.00671259850732,urban,2024-02-08,NA
1,18.74007870120448,98.91335808785006,urban,2024-02-09,0.03812881167546433
2,18.76559811840203,98.92891589958906,urban,2024-02-09,NA
3,18.7485846663651,98.9289158995633,urban,2024-02-09,0.038128812449072236
4,18.731571228912202,98.92891589956444,urban,2024-02-09,0.03812881186604923
5,18.791111128265864,98.94447493992463,urban,2024-02-09,0.039355001559386565
6,18.77410214222722,98.94447494902433,urban,2024-02-09,0.0393550036145014
7,18.757090678745303,98.94447493990828,urban,2024-02-09,0.038289499553865396
8,18.74007871834797,98.94447493987954,urban,2024-02-09,0.03814518739360181
9,18.723065258432655,98.94447493075144,urban,2024-02-09,0.0381273383190837
10,18.83362866444315,98.96003473115987,urban,2024-02-09,0.03591183194001872
11,18.816623631248998,98.96003473117173,urban,2024-02-09,0.037840983592776774
12,18.799616617653914,98.96003474023692,urban,2024-02-09,0.03935500234365592
13,18.7826076136698,98.96003473112485,urban,2024-02-09,0.0393550023546927
14,18.76559810565482,98.96003473107459,urban,2024-02-09,0.039315643732286784
15,18.748584661185397,98.96003473109663,urban,2024-02-09,0.03898165228571177
16,18.731571231481407,98.96003473112006,urban,2024-02-09,0.038706670311460724
17,18.84213017229777,98.97559378002752,urban,2024-02-09,0.03591183200479239
18,18.82512516247161,98.9755937800094,urban,2024-02-09,0.036989938700368125
19,18.808118649028923,98.97559378000697,urban,2024-02-09,0.0393544045306001
20,18.791111130814,98.97559377086888,urban,2024-02-09,0.03935500234365488
21,18.774102133565243,98.97559378912425,urban,2024-02-09,0.03935438722318034
22,18.75709067921216,98.97559378001435,urban,2024-02-09,0.03933845181158473
23,18.740078723392486,98.97559377995805,urban,2024-02-09,0.0393366401157973
24,18.723065253201693,98.97559377995931,urban,2024-02-09,0.039104672422139615
25,18.816623633573617,98.99115280259166,urban,2024-02-09,0.03904148564886617
26,18.799616630104307,98.99115281170437,urban,2024-02-09,0.039355002343662
27,18.782607636523494,98.9911528025845,urban,2024-02-09,0.03935468511011742
28,18.765598139329224,98.99115280251972,urban,2024-02-09,0.039342636830693
29,18.791111125802086,99.00671258026475,urban,2024-02-09,0.03935500234364985
30,18.774102141283294,99.00671259850732,urban,2024-02-09,0.039348595877159345
1,18.74007870120448,98.91335808785006,urban,2024-02-10,0.04688451261002915
2,18.76559811840203,98.92891589958906,urban,2024-02-10,0.044552538543951
3,18.7485846663651,98.9289158995633,urban,2024-02-10,0.04657085504822132
4,18.731571228912202,98.92891589956444,urban,2024-02-10,0.04711957275865781
5,18.791111128265864,98.94447493992463,urban,2024-02-10,0.04510641440441899
6,18.77410214222722,98.94447494902433,urban,2024-02-10,0.04456714749163578
7,18.757090678745303,98.94447493990828,urban,2024-02-10,0.04582252996420591
8,18.74007871834797,98.94447493987954,urban,2024-02-10,0.047113111198788485
9,18.723065258432655,98.94447493075144,urban,2024-02-10,0.04711957275867339
10,18.83362866444315,98.96003473115987,urban,2024-02-10,0.05187968812499761
11,18.816623631248998,98.96003473117173,urban,2024-02-10,0.05226049499977292
12,18.799616617653914,98.96003474023692,urban,2024-02-10,0.05212151321184912
13,18.7826076136698,98.96003473112485,urban,2024-02-10,0.05015633499015067
14,18.76559810565482,98.96003473107459,urban,2024-02-10,0.04832624493035845
15,18.748584661185397,98.96003473109663,urban,2024-02-10,0.047696869141651166
16,18.731571231481407,98.96003473112006,urban,2024-02-10,0.047324175819375376
17,18.84213017229777,98.97559378002752,urban,2024-02-10,0.0518461710730701
18,18.82512516247161,98.9755937800094,urban,2024-02-10,0.05292159308469641
19,18.808118649028923,98.97559378000697,urban,2024-02-10,0.053414706343576625
20,18.791111130814,98.97559377086888,urban,2024-02-10,0.05348901823162306
21,18.774102133565243,98.97559378912425,urban,2024-02-10,0.05350571633628072
22,18.75709067921216,98.97559378001435,urban,2024-02-10,0.05365039750586394
23,18.740078723392486,98.97559377995805,urban,2024-02-10,0.052633940115864586
24,18.723065253201693,98.97559377995931,urban,2024-02-10,0.0516369105057908
25,18.816623633573617,98.99115280259166,urban,2024-02-10,0.05348826329564053
26,18.799616630104307,98.99115281170437,urban,2024-02-10,0.05348901823163624
27,18.782607636523494,98.9911528025845,urban,2024-02-10,0.053538642381471144
28,18.765598139329224,98.99115280251972,urban,2024-02-10,0.05379063079855353
29,18.791111125802086,99.00671258026475,urban,2024-02-10,0.05351255276508321
30,18.774102141283294,99.00671259850732,urban,2024-02-10,0.05377068044312963
1,18.74007870120448,98.91335808785006,urban,2024-02-11,0.04437919661772084
2,18.76559811840203,98.92891589958906,urban,2024-02-11,0.044129024089227586
3,18.7485846663651,98.9289158995633,urban,2024-02-11,0.04437958821655794
4,18.731571228912202,98.92891589956444,urban,2024-02-11,0.04437958821654853
5,18.791111128265864,98.94447493992463,urban,2024-02-11,0.04527851407377708
6,18.77410214222722,98.94447494902433,urban,2024-02-11,0.04430575499733904
7,18.757090678745303,98.94447493990828,urban,2024-02-11,0.04437958810040488
8,18.74007871834797,98.94447493987954,urban,2024-02-11,0.044379588216540256
9,18.723065258432655,98.94447493075144,urban,2024-02-11,0.04453238552240575
10,18.83362866444315,98.96003473115987,urban,2024-02-11,0.04875864320090373
11,18.816623631248998,98.96003473117173,urban,2024-02-11,0.048691396858151166
12,18.799616617653914,98.96003474023692,urban,2024-02-11,0.04868693571174012
13,18.7826076136698,98.96003473112485,urban,2024-02-11,0.048256967728791074
14,18.76559810565482,98.96003473107459,urban,2024-02-11,0.04437958798931753
15,18.748584661185397,98.96003473109663,urban,2024-02-11,0.0443795884723051
16,18.731571231481407,98.96003473112006,urban,2024-02-11,0.044724651826505556
17,18.84213017229777,98.97559378002752,urban,2024-02-11,0.04877022853593566
18,18.82512516247161,98.9755937800094,urban,2024-02-11,0.04868752509356446
19,18.808118649028923,98.97559378000697,urban,2024-02-11,0.04868752506948534
20,18.791111130814,98.97559377086888,urban,2024-02-11,0.04868752515761793
21,18.774102133565243,98.97559378912425,urban,2024-02-11,0.04868752581057705
22,18.75709067921216,98.97559378001435,urban,2024-02-11,0.044379588384478676
23,18.740078723392486,98.97559377995805,urban,2024-02-11,0.0478553607342679
24,18.723065253201693,98.97559377995931,urban,2024-02-11,0.04796623879188274
25,18.816623633573617,98.99115280259166,urban,2024-02-11,0.04868752510669215
26,18.799616630104307,98.99115281170437,urban,2024-02-11,0.0486875251981077
27,18.782607636523494,98.9911528025845,urban,2024-02-11,0.048687527106245784
28,18.765598139329224,98.99115280251972,urban,2024-02-11,NA
29,18.791111125802086,99.00671258026475,urban,2024-02-11,0.048687524530036955
30,18.774102141283294,99.00671259850732,urban,2024-02-11,NA
1,18.74007870120448,98.91335808785006,urban,2024-02-12,0.05093103031038458
2,18.76559811840203,98.92891589958906,urban,2024-02-12,0.05147948503777492
3,18.7485846663651,98.9289158995633,urban,2024-02-12,0.05101332508521952
4,18.731571228912202,98.92891589956444,urban,2024-02-12,0.05092320591211605
5,18.791111128265864,98.94447493992463,urban,2024-02-12,0.05173842236398659
6,18.77410214222722,98.94447494902433,urban,2024-02-12,0.05173842236398676
7,18.757090678745303,98.94447493990828,urban,2024-02-12,0.051160968309129834
8,18.74007871834797,98.94447493987954,urban,2024-02-12,0.05093014599742699
9,18.723065258432655,98.94447493075144,urban,2024-02-12,0.05092320591211308
10,18.83362866444315,98.96003473115987,urban,2024-02-12,NA
11,18.816623631248998,98.96003473117173,urban,2024-02-12,0.05173842213540822
12,18.799616617653914,98.96003474023692,urban,2024-02-12,0.05173842228116514
13,18.7826076136698,98.96003473112485,urban,2024-02-12,0.05173842236401873
14,18.76559810565482,98.96003473107459,urban,2024-02-12,0.05145553212229119
15,18.748584661185397,98.96003473109663,urban,2024-02-12,0.05100106325294593
16,18.731571231481407,98.96003473112006,urban,2024-02-12,0.05092320591211749
17,18.84213017229777,98.97559378002752,urban,2024-02-12,NA
18,18.82512516247161,98.9755937800094,urban,2024-02-12,NA
19,18.808118649028923,98.97559378000697,urban,2024-02-12,0.05173842266934574
20,18.791111130814,98.97559377086888,urban,2024-02-12,0.05173842236398122
21,18.774102133565243,98.97559378912425,urban,2024-02-12,0.05173842236397897
22,18.75709067921216,98.97559378001435,urban,2024-02-12,0.05111849718814922
23,18.740078723392486,98.97559377995805,urban,2024-02-12,0.05092889583845053
24,18.723065253201693,98.97559377995931,urban,2024-02-12,0.050929109514255264
25,18.816623633573617,98.99115280259166,urban,2024-02-12,0.05173842324740166
26,18.799616630104307,98.99115281170437,urban,2024-02-12,0.051738422678182544
27,18.782607636523494,98.9911528025845,urban,2024-02-12,0.05173842236399028
28,18.765598139329224,98.99115280251972,urban,2024-02-12,0.05142660036321932
29,18.791111125802086,99.00671258026475,urban,2024-02-12,0.05173842236400484
30,18.774102141283294,99.00671259850732,urban,2024-02-12,0.051738422364001384
1,18.74007870120448,98.91335808785006,urban,2024-02-13,NA
2,18.76559811840203,98.92891589958906,urban,2024-02-13,NA
3,18.7485846663651,98.9289158995633,urban,2024-02-13,NA
4,18.731571228912202,98.92891589956444,urban,2024-02-13,0.04689817212195484
5,18.791111128265864,98.94447493992463,urban,2024-02-13,0.041755516476768846
6,18.77410214222722,98.94447494902433,urban,2024-02-13,0.0417541636847332
7,18.757090678745303,98.94447493990828,urban,2024-02-13,NA
8,18.74007871834797,98.94447493987954,urban,2024-02-13,NA
9,18.723065258432655,98.94447493075144,urban,2024-02-13,0.04689817216658612
10,18.83362866444315,98.96003473115987,urban,2024-02-13,0.046502350013009244
11,18.816623631248998,98.96003473117173,urban,2024-02-13,0.04416705361084204
12,18.799616617653914,98.96003474023692,urban,2024-02-13,0.043438530531428265
13,18.7826076136698,98.96003473112485,urban,2024-02-13,0.042886796686896544
14,18.76559810565482,98.96003473107459,urban,2024-02-13,0.0434686899888623
15,18.748584661185397,98.96003473109663,urban,2024-02-13,0.043468692475398064
16,18.731571231481407,98.96003473112006,urban,2024-02-13,0.0464673758949575
17,18.84213017229777,98.97559378002752,urban,2024-02-13,0.04718423262237561
18,18.82512516247161,98.9755937800094,urban,2024-02-13,0.045600897320844304
19,18.808118649028923,98.97559378000697,urban,2024-02-13,0.044546138495197306
20,18.791111130814,98.97559377086888,urban,2024-02-13,0.04449155854578597
21,18.774102133565243,98.97559378912425,urban,2024-02-13,0.0436120412288695
22,18.75709067921216,98.97559378001435,urban,2024-02-13,0.043468691339475805
23,18.740078723392486,98.97559377995805,urban,2024-02-13,0.043468691869627055
24,18.723065253201693,98.97559377995931,urban,2024-02-13,0.04400340496076459
25,18.816623633573617,98.99115280259166,urban,2024-02-13,0.04461601403470323
26,18.799616630104307,98.99115281170437,urban,2024-02-13,0.04454613840956888
27,18.782607636523494,98.9911528025845,urban,2024-02-13,0.0439914844953587
28,18.765598139329224,98.99115280251972,urban,2024-02-13,0.04346869140863839
29,18.791111125802086,99.00671258026475,urban,2024-02-13,0.04446178321392171
30,18.774102141283294,99.00671259850732,urban,2024-02-13,0.04347413559994427
1,18.74007870120448,98.91335808785006,urban,2024-02-14,0.04282648446174136
2,18.76559811840203,98.92891589958906,urban,2024-02-14,NA
3,18.7485846663651,98.9289158995633,urban,2024-02-14,NA
4,18.731571228912202,98.92891589956444,urban,2024-02-14,0.04203315365651976
5,18.791111128265864,98.94447493992463,urban,2024-02-14,NA
6,18.77410214222722,98.94447494902433,urban,2024-02-14,NA
7,18.757090678745303,98.94447493990828,urban,2024-02-14,NA
8,18.74007871834797,98.94447493987954,urban,2024-02-14,NA
9,18.723065258432655,98.94447493075144,urban,2024-02-14,NA
10,18.83362866444315,98.96003473115987,urban,2024-02-14,0.038678692144791256
11,18.816623631248998,98.96003473117173,urban,2024-02-14,0.038185865150256584
12,18.799616617653914,98.96003474023692,urban,2024-02-14,0.03783298823174264
13,18.7826076136698,98.96003473112485,urban,2024-02-14,NA
14,18.76559810565482,98.96003473107459,urban,2024-02-14,NA
15,18.748584661185397,98.96003473109663,urban,2024-02-14,NA
16,18.731571231481407,98.96003473112006,urban,2024-02-14,NA
17,18.84213017229777,98.97559378002752,urban,2024-02-14,0.04339242976510051
18,18.82512516247161,98.9755937800094,urban,2024-02-14,0.0432880733988141
19,18.808118649028923,98.97559378000697,urban,2024-02-14,0.04156656368088544
20,18.791111130814,98.97559377086888,urban,2024-02-14,NA
21,18.774102133565243,98.97559378912425,urban,2024-02-14,NA
22,18.75709067921216,98.97559378001435,urban,2024-02-14,NA
23,18.740078723392486,98.97559377995805,urban,2024-02-14,NA
24,18.723065253201693,98.97559377995931,urban,2024-02-14,NA
25,18.816623633573617,98.99115280259166,urban,2024-02-14,0.043492391015400575
26,18.799616630104307,98.99115281170437,urban,2024-02-14,NA
27,18.782607636523494,98.9911528025845,urban,2024-02-14,NA
28,18.765598139329224,98.99115280251972,urban,2024-02-14,NA
29,18.791111125802086,99.00671258026475,urban,2024-02-14,NA
30,18.774102141283294,99.00671259850732,urban,2024-02-14,NA
1,18.74007870120448,98.91335808785006,urban,2024-02-15,0.043642124344739505
2,18.76559811840203,98.92891589958906,urban,2024-02-15,0.04362261295318009
3,18.7485846663651,98.9289158995633,urban,2024-02-15,0.04362261295317952
4,18.731571228912202,98.92891589956444,urban,2024-02-15,0.04413850914685269
5,18.791111128265864,98.94447493992463,urban,2024-02-15,0.042509472631088466
6,18.77410214222722,98.94447494902433,urban,2024-02-15,0.04362261295319419
7,18.757090678745303,98.94447493990828,urban,2024-02-15,0.04362261295320243
8,18.74007871834797,98.94447493987954,urban,2024-02-15,0.04386243452750418
9,18.723065258432655,98.94447493075144,urban,2024-02-15,0.044519384619288296
10,18.83362866444315,98.96003473115987,urban,2024-02-15,0.04056024585319163
11,18.816623631248998,98.96003473117173,urban,2024-02-15,0.040543250739569846
12,18.799616617653914,98.96003474023692,urban,2024-02-15,0.04180695233132862
13,18.7826076136698,98.96003473112485,urban,2024-02-15,0.043622612953181636
14,18.76559810565482,98.96003473107459,urban,2024-02-15,0.04362261295318084
15,18.748584661185397,98.96003473109663,urban,2024-02-15,0.043721493941672435
16,18.731571231481407,98.96003473112006,urban,2024-02-15,0.044504853023993825
17,18.84213017229777,98.97559378002752,urban,2024-02-15,0.04136623985762082
18,18.82512516247161,98.9755937800094,urban,2024-02-15,0.04057300001576175
19,18.808118649028923,98.97559378000697,urban,2024-02-15,0.04137136198638721
20,18.791111130814,98.97559377086888,urban,2024-02-15,0.04361611491431908
21,18.774102133565243,98.97559378912425,urban,2024-02-15,0.0436226129531849
22,18.75709067921216,98.97559378001435,urban,2024-02-15,0.04364232186391324
23,18.740078723392486,98.97559377995805,urban,2024-02-15,0.04442068404613607
24,18.723065253201693,98.97559377995931,urban,2024-02-15,0.04455184191466028
25,18.816623633573617,98.99115280259166,urban,2024-02-15,0.044255987567563965
26,18.799616630104307,98.99115281170437,urban,2024-02-15,0.04428559077059511
27,18.782607636523494,98.9911528025845,urban,2024-02-15,0.04396425695064135
28,18.765598139329224,98.99115280251972,urban,2024-02-15,0.04377490358214628
29,18.791111125802086,99.00671258026475,urban,2024-02-15,0.046035425065051185
30,18.774102141283294,99.00671259850732,urban,2024-02-15,0.045763223534399815
1,18.74007870120448,98.91335808785006,urban,2024-02-16,NA
2,18.76559811840203,98.92891589958906,urban,2024-02-16,NA
3,18.7485846663651,98.9289158995633,urban,2024-02-16,NA
4,18.731571228912202,98.92891589956444,urban,2024-02-16,NA
5,18.791111128265864,98.94447493992463,urban,2024-02-16,0.04887339891975873
6,18.77410214222722,98.94447494902433,urban,2024-02-16,0.04887339974428143
7,18.757090678745303,98.94447493990828,urban,2024-02-16,0.04858159226053221
8,18.74007871834797,98.94447493987954,urban,2024-02-16,0.04832537067345482
9,18.723065258432655,98.94447493075144,urban,2024-02-16,NA
10,18.83362866444315,98.96003473115987,urban,2024-02-16,0.04680047453012039
11,18.816623631248998,98.96003473117173,urban,2024-02-16,0.04707249169009061
12,18.799616617653914,98.96003474023692,urban,2024-02-16,0.04871807328592491
13,18.7826076136698,98.96003473112485,urban,2024-02-16,0.048873398721629616
14,18.76559810565482,98.96003473107459,urban,2024-02-16,0.04876492172042662
15,18.748584661185397,98.96003473109663,urban,2024-02-16,0.048325371589819956
16,18.731571231481407,98.96003473112006,urban,2024-02-16,0.04832537133315617
17,18.84213017229777,98.97559378002752,urban,2024-02-16,0.046792703714029604
18,18.82512516247161,98.9755937800094,urban,2024-02-16,0.04782031646234523
19,18.808118649028923,98.97559378000697,urban,2024-02-16,0.04865145086710713
20,18.791111130814,98.97559377086888,urban,2024-02-16,0.048873398452994224
21,18.774102133565243,98.97559378912425,urban,2024-02-16,0.04881224964073662
22,18.75709067921216,98.97559378001435,urban,2024-02-16,0.048342413493418966
23,18.740078723392486,98.97559377995805,urban,2024-02-16,0.04832537105174832
24,18.723065253201693,98.97559377995931,urban,2024-02-16,0.04848037589846387
25,18.816623633573617,98.99115280259166,urban,2024-02-16,0.04884595094802392
26,18.799616630104307,98.99115281170437,urban,2024-02-16,0.04887339845299881
27,18.782607636523494,98.9911528025845,urban,2024-02-16,0.04882212955456899
28,18.765598139329224,98.99115280251972,urban,2024-02-16,0.048366164124661465
29,18.791111125802086,99.00671258026475,urban,2024-02-16,0.04884275441522678
30,18.774102141283294,99.00671259850732,urban,2024-02-16,0.04840332810794424
1,18.74007870120448,98.91335808785006,urban,2024-02-17,NA
2,18.76559811840203,98.92891589958906,urban,2024-02-17,NA
3,18.7485846663651,98.9289158995633,urban,2024-02-17,NA
4,18.731571228912202,98.92891589956444,urban,2024-02-17,NA
5,18.791111128265864,98.94447493992463,urban,2024-02-17,NA
6,18.77410214222722,98.94447494902433,urban,2024-02-17,NA
7,18.757090678745303,98.94447493990828,urban,2024-02-17,NA
8,18.74007871834797,98.94447493987954,urban,2024-02-17,NA
9,18.723065258432655,98.94447493075144,urban,2024-02-17,NA
10,18.83362866444315,98.96003473115987,urban,2024-02-17,0.04885861150942767
11,18.816623631248998,98.96003473117173,urban,2024-02-17,NA
12,18.799616617653914,98.96003474023692,urban,2024-02-17,NA
13,18.7826076136698,98.96003473112485,urban,2024-02-17,NA
14,18.76559810565482,98.96003473107459,urban,2024-02-17,NA
15,18.748584661185397,98.96003473109663,urban,2024-02-17,NA
16,18.731571231481407,98.96003473112006,urban,2024-02-17,NA
17,18.84213017229777,98.97559378002752,urban,2024-02-17,0.048858613165284316
18,18.82512516247161,98.9755937800094,urban,2024-02-17,0.04900089026985927
19,18.808118649028923,98.97559378000697,urban,2024-02-17,0.050687574770691836
20,18.791111130814,98.97559377086888,urban,2024-02-17,0.05094362053378963
21,18.774102133565243,98.97559378912425,urban,2024-02-17,0.050943621585265164
22,18.75709067921216,98.97559378001435,urban,2024-02-17,0.05177259910241837
23,18.740078723392486,98.97559377995805,urban,2024-02-17,0.05208180713873826
24,18.723065253201693,98.97559377995931,urban,2024-02-17,0.052081809701157306
25,18.816623633573617,98.99115280259166,urban,2024-02-17,0.04985892320742576
26,18.799616630104307,98.99115281170437,urban,2024-02-17,0.050943620687290934
27,18.782607636523494,98.9911528025845,urban,2024-02-17,0.05094362027290219
28,18.765598139329224,98.99115280251972,urban,2024-02-17,0.05138910970717905
29,18.791111125802086,99.00671258026475,urban,2024-02-17,0.050943620502932115
30,18.774102141283294,99.00671259850732,urban,2024-02-17,0.05094362050294927
1,18.74007870120448,98.91335808785006,urban,2024-02-18,0.03853432635736472
2,18.76559811840203,98.92891589958906,urban,2024-02-18,0.03852463212903267
3,18.7485846663651,98.9289158995633,urban,2024-02-18,0.038525335296358924
4,18.731571228912202,98.92891589956444,urban,2024-02-18,0.03966288663652303
5,18.791111128265864,98.94447493992463,urban,2024-02-18,0.04038894915308029
6,18.77410214222722,98.94447494902433,urban,2024-02-18,0.040388947885423916
7,18.757090678745303,98.94447493990828,urban,2024-02-18,NA
8,18.74007871834797,98.94447493987954,urban,2024-02-18,0.038813431831749144
9,18.723065258432655,98.94447493075144,urban,2024-02-18,0.03919116786334568
10,18.83362866444315,98.96003473115987,urban,2024-02-18,0.039950974879600934
11,18.816623631248998,98.96003473117173,urban,2024-02-18,0.040388949215418725
12,18.799616617653914,98.96003474023692,urban,2024-02-18,0.040388949215433415
13,18.7826076136698,98.96003473112485,urban,2024-02-18,0.040388948425492524
14,18.76559810565482,98.96003473107459,urban,2024-02-18,NA
15,18.748584661185397,98.96003473109663,urban,2024-02-18,NA
16,18.731571231481407,98.96003473112006,urban,2024-02-18,0.038890631045394766
17,18.84213017229777,98.97559378002752,urban,2024-02-18,0.039781790260797575
18,18.82512516247161,98.9755937800094,urban,2024-02-18,0.04029246162926308
19,18.808118649028923,98.97559378000697,urban,2024-02-18,0.04038894921540688
20,18.791111130814,98.97559377086888,urban,2024-02-18,0.04038894914466101
21,18.774102133565243,98.97559378912425,urban,2024-02-18,0.040388947709893756
22,18.75709067921216,98.97559378001435,urban,2024-02-18,NA
23,18.740078723392486,98.97559377995805,urban,2024-02-18,0.03889062977366126
24,18.723065253201693,98.97559377995931,urban,2024-02-18,0.038890629979847276
25,18.816623633573617,98.99115280259166,urban,2024-02-18,0.040388949215414464
26,18.799616630104307,98.99115281170437,urban,2024-02-18,0.04038894921541853
27,18.782607636523494,98.9911528025845,urban,2024-02-18,0.04038894872566537
28,18.765598139329224,98.99115280251972,urban,2024-02-18,NA
29,18.791111125802086,99.00671258026475,urban,2024-02-18,0.040388949269439096
30,18.774102141283294,99.00671259850732,urban,2024-02-18,0.04038895039125316
1,18.74007870120448,98.91335808785006,urban,2024-02-19,0.03339772154049234
2,18.76559811840203,98.92891589958906,urban,2024-02-19,0.033120052752363974
3,18.7485846663651,98.9289158995633,urban,2024-02-19,0.03297812592788287
4,18.731571228912202,98.92891589956444,urban,2024-02-19,0.0350102575756941
5,18.791111128265864,98.94447493992463,urban,2024-02-19,0.036533057424916325
6,18.77410214222722,98.94447494902433,urban,2024-02-19,0.03559257172978042
7,18.757090678745303,98.94447493990828,urban,2024-02-19,0.03506549596432322
8,18.74007871834797,98.94447493987954,urban,2024-02-19,0.03550053543500274
9,18.723065258432655,98.94447493075144,urban,2024-02-19,0.03578055288917191
10,18.83362866444315,98.96003473115987,urban,2024-02-19,0.036685068915995336
11,18.816623631248998,98.96003473117173,urban,2024-02-19,0.03671824932099355
12,18.799616617653914,98.96003474023692,urban,2024-02-19,0.03655597370191674
13,18.7826076136698,98.96003473112485,urban,2024-02-19,0.03624071147621976
14,18.76559810565482,98.96003473107459,urban,2024-02-19,0.03606361149852717
15,18.748584661185397,98.96003473109663,urban,2024-02-19,0.036256333282386984
16,18.731571231481407,98.96003473112006,urban,2024-02-19,0.039591609786958526
17,18.84213017229777,98.97559378002752,urban,2024-02-19,0.03662843717735113
18,18.82512516247161,98.9755937800094,urban,2024-02-19,0.036718249320977496
19,18.808118649028923,98.97559378000697,urban,2024-02-19,0.03667205029134859
20,18.791111130814,98.97559377086888,urban,2024-02-19,0.03623987380248553
21,18.774102133565243,98.97559378912425,urban,2024-02-19,0.036079254001373566
22,18.75709067921216,98.97559378001435,urban,2024-02-19,0.03607925400137347
23,18.740078723392486,98.97559377995805,urban,2024-02-19,0.04010151141460035
24,18.723065253201693,98.97559377995931,urban,2024-02-19,0.041684405906682674
25,18.816623633573617,98.99115280259166,urban,2024-02-19,0.0367624693152839
26,18.799616630104307,98.99115281170437,urban,2024-02-19,0.036300417116543825
27,18.782607636523494,98.9911528025845,urban,2024-02-19,0.03608481467912074
28,18.765598139329224,98.99115280251972,urban,2024-02-19,0.036079254001371276
29,18.791111125802086,99.00671258026475,urban,2024-02-19,0.03645563057136612
30,18.774102141283294,99.00671259850732,urban,2024-02-19,0.03631197326043836
1,18.74007870120448,98.91335808785006,urban,2024-02-20,NA
2,18.76559811840203,98.92891589958906,urban,2024-02-20,NA
3,18.7485846663651,98.9289158995633,urban,2024-02-20,NA
4,18.731571228912202,98.92891589956444,urban,2024-02-20,0.044162058660463265
5,18.791111128265864,98.94447493992463,urban,2024-02-20,NA
6,18.77410214222722,98.94447494902433,urban,2024-02-20,NA
7,18.757090678745303,98.94447493990828,urban,2024-02-20,NA
8,18.74007871834797,98.94447493987954,urban,2024-02-20,0.04104968085576324
9,18.723065258432655,98.94447493075144,urban,2024-02-20,0.04165486372685635
10,18.83362866444315,98.96003473115987,urban,2024-02-20,NA
11,18.816623631248998,98.96003473117173,urban,2024-02-20,NA
12,18.799616617653914,98.96003474023692,urban,2024-02-20,NA
13,18.7826076136698,98.96003473112485,urban,2024-02-20,NA
14,18.76559810565482,98.96003473107459,urban,2024-02-20,NA
15,18.748584661185397,98.96003473109663,urban,2024-02-20,0.040160760591033906
16,18.731571231481407,98.96003473112006,urban,2024-02-20,0.04016076009831989
17,18.84213017229777,98.97559378002752,urban,2024-02-20,NA
18,18.82512516247161,98.9755937800094,urban,2024-02-20,NA
19,18.808118649028923,98.97559378000697,urban,2024-02-20,NA
20,18.791111130814,98.97559377086888,urban,2024-02-20,NA
21,18.774102133565243,98.97559378912425,urban,2024-02-20,NA
22,18.75709067921216,98.97559378001435,urban,2024-02-20,NA
23,18.740078723392486,98.97559377995805,urban,2024-02-20,0.04016075994932818
24,18.723065253201693,98.97559377995931,urban,2024-02-20,0.04016076028347922
25,18.816623633573617,98.99115280259166,urban,2024-02-20,NA
26,18.799616630104307,98.99115281170437,urban,2024-02-20,NA
27,18.782607636523494,98.9911528025845,urban,2024-02-20,NA
28,18.765598139329224,98.99115280251972,urban,2024-02-20,0.04016075993893445
29,18.791111125802086,99.00671258026475,urban,2024-02-20,NA
30,18.774102141283294,99.00671259850732,urban,2024-02-20,NA
1,18.74007870120448,98.91335808785006,urban,2024-02-21,0.03824307397009114
2,18.76559811840203,98.92891589958906,urban,2024-02-21,0.038236275246635615
3,18.7485846663651,98.9289158995633,urban,2024-02-21,0.038243073970069486
4,18.731571228912202,98.92891589956444,urban,2024-02-21,0.03785111975573659
5,18.791111128265864,98.94447493992463,urban,2024-02-21,0.03712292995755853
6,18.77410214222722,98.94447494902433,urban,2024-02-21,0.03824307397008472
7,18.757090678745303,98.94447493990828,urban,2024-02-21,0.03824307397009058
8,18.74007871834797,98.94447493987954,urban,2024-02-21,0.03808053932986538
9,18.723065258432655,98.94447493075144,urban,2024-02-21,0.03716666093399369
10,18.83362866444315,98.96003473115987,urban,2024-02-21,0.03594765649925658
11,18.816623631248998,98.96003473117173,urban,2024-02-21,0.03597385436295866
12,18.799616617653914,98.96003474023692,urban,2024-02-21,0.03684710026196908
13,18.7826076136698,98.96003473112485,urban,2024-02-21,0.03824307397007524
14,18.76559810565482,98.96003473107459,urban,2024-02-21,0.038243073970073656
15,18.748584661185397,98.96003473109663,urban,2024-02-21,0.0381576602761926
16,18.731571231481407,98.96003473112006,urban,2024-02-21,0.03718084790140996
17,18.84213017229777,98.97559378002752,urban,2024-02-21,0.036162974593518686
18,18.82512516247161,98.9755937800094,urban,2024-02-21,0.03597840733567133
19,18.808118649028923,98.97559378000697,urban,2024-02-21,0.036678099502971094
20,18.791111130814,98.97559377086888,urban,2024-02-21,0.03823927057491078
21,18.774102133565243,98.97559378912425,urban,2024-02-21,0.03824307397007755
22,18.75709067921216,98.97559378001435,urban,2024-02-21,0.0382130490111641
23,18.740078723392486,98.97559377995805,urban,2024-02-21,0.037261425617225535
24,18.723065253201693,98.97559377995931,urban,2024-02-21,0.037080854177480645
25,18.816623633573617,98.99115280259166,urban,2024-02-21,0.037708609681063356
26,18.799616630104307,98.99115281170437,urban,2024-02-21,0.03821204365786018
27,18.782607636523494,98.9911528025845,urban,2024-02-21,0.03824723378258081
28,18.765598139329224,98.99115280251972,urban,2024-02-21,0.038235244115467325
29,18.791111125802086,99.00671258026475,urban,2024-02-21,0.038318289286667195
30,18.774102141283294,99.00671259850732,urban,2024-02-21,0.038308347417587804
1,18.74007870120448,98.91335808785006,urban,2024-02-22,0.04101688786630655
2,18.76559811840203,98.92891589958906,urban,2024-02-22,0.04060550406574671
3,18.7485846663651,98.9289158995633,urban,2024-02-22,0.04060550406574636
4,18.731571228912202,98.92891589956444,urban,2024-02-22,0.04212954733001343
5,18.791111128265864,98.94447493992463,urban,2024-02-22,0.037858788131512985
6,18.77410214222722,98.94447494902433,urban,2024-02-22,0.04060550406574387
7,18.757090678745303,98.94447493990828,urban,2024-02-22,0.0406055040657446
8,18.74007871834797,98.94447493987954,urban,2024-02-22,0.0409948185442951
9,18.723065258432655,98.94447493075144,urban,2024-02-22,0.04295663490241929
10,18.83362866444315,98.96003473115987,urban,2024-02-22,0.03653907297903803
11,18.816623631248998,98.96003473117173,urban,2024-02-22,0.03720362856985188
12,18.799616617653914,98.96003474023692,urban,2024-02-22,0.037243739912008376
13,18.7826076136698,98.96003473112485,urban,2024-02-22,0.03952667837300809
14,18.76559810565482,98.96003473107459,urban,2024-02-22,0.04060550406576209
15,18.748584661185397,98.96003473109663,urban,2024-02-22,0.04060550406576024
16,18.731571231481407,98.96003473112006,urban,2024-02-22,0.04209233388208189
17,18.84213017229777,98.97559378002752,urban,2024-02-22,0.03638651321377599
18,18.82512516247161,98.9755937800094,urban,2024-02-22,0.03701538138167775
19,18.808118649028923,98.97559378000697,urban,2024-02-22,0.03720362856983498
20,18.791111130814,98.97559377086888,urban,2024-02-22,0.03780387977966345
21,18.774102133565243,98.97559378912425,urban,2024-02-22,0.04060550406574547
22,18.75709067921216,98.97559378001435,urban,2024-02-22,0.04060550406574585
23,18.740078723392486,98.97559377995805,urban,2024-02-22,0.04096717545553536
24,18.723065253201693,98.97559377995931,urban,2024-02-22,0.04295031043160406
25,18.816623633573617,98.99115280259166,urban,2024-02-22,0.037203628569846235
26,18.799616630104307,98.99115281170437,urban,2024-02-22,0.03723890153417455
27,18.782607636523494,98.9911528025845,urban,2024-02-22,0.039486665423682704
28,18.765598139329224,98.99115280251972,urban,2024-02-22,0.04060550406575995
29,18.791111125802086,99.00671258026475,urban,2024-02-22,0.037761143401355696
30,18.774102141283294,99.00671259850732,urban,2024-02-22,0.040605504065741836
1,18.74007870120448,98.91335808785006,urban,2024-02-23,0.041637074803702386
2,18.76559811840203,98.92891589958906,urban,2024-02-23,0.041258476674546574
3,18.7485846663651,98.9289158995633,urban,2024-02-23,0.04125847667455241
4,18.731571228912202,98.92891589956444,urban,2024-02-23,0.042293240683829024
5,18.791111128265864,98.94447493992463,urban,2024-02-23,0.04004947433684742
6,18.77410214222722,98.94447494902433,urban,2024-02-23,0.041258476674564906
7,18.757090678745303,98.94447493990828,urban,2024-02-23,0.04125847667456507
8,18.74007871834797,98.94447493987954,urban,2024-02-23,0.04170059652059349
9,18.723065258432655,98.94447493075144,urban,2024-02-23,0.042393272508066425
10,18.83362866444315,98.96003473115987,urban,2024-02-23,0.038947326127758364
11,18.816623631248998,98.96003473117173,urban,2024-02-23,0.03827134147285441
12,18.799616617653914,98.96003474023692,urban,2024-02-23,0.03844819782628742
13,18.7826076136698,98.96003473112485,urban,2024-02-23,0.041253444809888844
14,18.76559810565482,98.96003473107459,urban,2024-02-23,0.04125847667454508
15,18.748584661185397,98.96003473109663,urban,2024-02-23,0.041290178300864115
16,18.731571231481407,98.96003473112006,urban,2024-02-23,0.04234400166120024
17,18.84213017229777,98.97559378002752,urban,2024-02-23,0.04042871367260713
18,18.82512516247161,98.9755937800094,urban,2024-02-23,0.03827134139364577
19,18.808118649028923,98.97559378000697,urban,2024-02-23,0.03829527239071047
20,18.791111130814,98.97559377086888,urban,2024-02-23,0.04023110318368303
21,18.774102133565243,98.97559378912425,urban,2024-02-23,0.04125847667456162
22,18.75709067921216,98.97559378001435,urban,2024-02-23,0.04125847667456126
23,18.740078723392486,98.97559377995805,urban,2024-02-23,0.04178590846340931
24,18.723065253201693,98.97559377995931,urban,2024-02-23,0.04239407554269422
25,18.816623633573617,98.99115280259166,urban,2024-02-23,0.038271341472862694
26,18.799616630104307,98.99115281170437,urban,2024-02-23,0.03866628991968452
27,18.782607636523494,98.9911528025845,urban,2024-02-23,0.04125847667456339
28,18.765598139329224,98.99115280251972,urban,2024-02-23,0.04125847667454526
29,18.791111125802086,99.00671258026475,urban,2024-02-23,0.040348881737110515
30,18.774102141283294,99.00671259850732,urban,2024-02-23,0.04125847667456183
1,18.74007870120448,98.91335808785006,urban,2024-02-24,0.04077603762685888
2,18.76559811840203,98.92891589958906,urban,2024-02-24,NA
3,18.7485846663651,98.9289158995633,urban,2024-02-24,NA
4,18.731571228912202,98.92891589956444,urban,2024-02-24,0.03557886462018154
5,18.791111128265864,98.94447493992463,urban,2024-02-24,NA
6,18.77410214222722,98.94447494902433,urban,2024-02-24,NA
7,18.757090678745303,98.94447493990828,urban,2024-02-24,NA
8,18.74007871834797,98.94447493987954,urban,2024-02-24,NA
9,18.723065258432655,98.94447493075144,urban,2024-02-24,0.03557886536245083
10,18.83362866444315,98.96003473115987,urban,2024-02-24,0.036768614928842064
11,18.816623631248998,98.96003473117173,urban,2024-02-24,0.0367686148372327
12,18.799616617653914,98.96003474023692,urban,2024-02-24,NA
13,18.7826076136698,98.96003473112485,urban,2024-02-24,0.036802713127077905
14,18.76559810565482,98.96003473107459,urban,2024-02-24,0.0368027122954636
15,18.748584661185397,98.96003473109663,urban,2024-02-24,0.03680271247664171
16,18.731571231481407,98.96003473112006,urban,2024-02-24,0.03557886546626648
17,18.84213017229777,98.97559378002752,urban,2024-02-24,NA
18,18.82512516247161,98.9755937800094,urban,2024-02-24,NA
19,18.808118649028923,98.97559378000697,urban,2024-02-24,NA
20,18.791111130814,98.97559377086888,urban,2024-02-24,0.03680271201567491
21,18.774102133565243,98.97559378912425,urban,2024-02-24,0.03680271326045211
22,18.75709067921216,98.97559378001435,urban,2024-02-24,0.03680271207878301
23,18.740078723392486,98.97559377995805,urban,2024-02-24,0.03652741971914358
24,18.723065253201693,98.97559377995931,urban,2024-02-24,0.035622838268678535
25,18.816623633573617,98.99115280259166,urban,2024-02-24,NA
26,18.799616630104307,98.99115281170437,urban,2024-02-24,0.03680271359545542
27,18.782607636523494,98.9911528025845,urban,2024-02-24,0.0368027131298197
28,18.765598139329224,98.99115280251972,urban,2024-02-24,0.036802712827913024
29,18.791111125802086,99.00671258026475,urban,2024-02-24,0.036802713528687137
30,18.774102141283294,99.00671259850732,urban,2024-02-24,0.03680271282794644
1,18.74007870120448,98.91335808785006,urban,2024-02-25,0.044428341307902026
2,18.76559811840203,98.92891589958906,urban,2024-02-25,0.04444868556975584
3,18.7485846663651,98.9289158995633,urban,2024-02-25,0.04443173859890613
4,18.731571228912202,98.92891589956444,urban,2024-02-25,0.04362345029028123
5,18.791111128265864,98.94447493992463,urban,2024-02-25,NA
6,18.77410214222722,98.94447494902433,urban,2024-02-25,NA
7,18.757090678745303,98.94447493990828,urban,2024-02-25,NA
8,18.74007871834797,98.94447493987954,urban,2024-02-25,NA
9,18.723065258432655,98.94447493075144,urban,2024-02-25,NA
10,18.83362866444315,98.96003473115987,urban,2024-02-25,NA
11,18.816623631248998,98.96003473117173,urban,2024-02-25,NA
12,18.799616617653914,98.96003474023692,urban,2024-02-25,NA
13,18.7826076136698,98.96003473112485,urban,2024-02-25,NA
14,18.76559810565482,98.96003473107459,urban,2024-02-25,NA
15,18.748584661185397,98.96003473109663,urban,2024-02-25,NA
16,18.731571231481407,98.96003473112006,urban,2024-02-25,NA
17,18.84213017229777,98.97559378002752,urban,2024-02-25,0.041734428527775286
18,18.82512516247161,98.9755937800094,urban,2024-02-25,NA
19,18.808118649028923,98.97559378000697,urban,2024-02-25,0.03815220605235499
20,18.791111130814,98.97559377086888,urban,2024-02-25,0.03815220696858322
21,18.774102133565243,98.97559378912425,urban,2024-02-25,0.03815220536835128
22,18.75709067921216,98.97559378001435,urban,2024-02-25,0.03856591485804567
23,18.740078723392486,98.97559377995805,urban,2024-02-25,NA
24,18.723065253201693,98.97559377995931,urban,2024-02-25,NA
25,18.816623633573617,98.99115280259166,urban,2024-02-25,0.03815220702642016
26,18.799616630104307,98.99115281170437,urban,2024-02-25,0.03815220679734452
27,18.782607636523494,98.9911528025845,urban,2024-02-25,0.03815220687335819
28,18.765598139329224,98.99115280251972,urban,2024-02-25,0.03853927704814413
29,18.791111125802086,99.00671258026475,urban,2024-02-25,0.03815220668912223
30,18.774102141283294,99.00671259850732,urban,2024-02-25,0.0381529318542131
1,18.74007870120448,98.91335808785006,urban,2024-02-26,0.05189453386371729
2,18.76559811840203,98.92891589958906,urban,2024-02-26,NA
3,18.7485846663651,98.9289158995633,urban,2024-02-26,0.05189453403267628
4,18.731571228912202,98.92891589956444,urban,2024-02-26,0.051894534287835616
5,18.791111128265864,98.94447493992463,urban,2024-02-26,NA
6,18.77410214222722,98.94447494902433,urban,2024-02-26,NA
7,18.757090678745303,98.94447493990828,urban,2024-02-26,0.051894534315445
8,18.74007871834797,98.94447493987954,urban,2024-02-26,0.051894533877327925
9,18.723065258432655,98.94447493075144,urban,2024-02-26,0.05189453437924649
10,18.83362866444315,98.96003473115987,urban,2024-02-26,NA
11,18.816623631248998,98.96003473117173,urban,2024-02-26,NA
12,18.799616617653914,98.96003474023692,urban,2024-02-26,NA
13,18.7826076136698,98.96003473112485,urban,2024-02-26,NA
14,18.76559810565482,98.96003473107459,urban,2024-02-26,NA
15,18.748584661185397,98.96003473109663,urban,2024-02-26,0.05189453377713959
16,18.731571231481407,98.96003473112006,urban,2024-02-26,0.051894534325077006
17,18.84213017229777,98.97559378002752,urban,2024-02-26,NA
18,18.82512516247161,98.9755937800094,urban,2024-02-26,0.05472635290564789
19,18.808118649028923,98.97559378000697,urban,2024-02-26,0.054726353246967
20,18.791111130814,98.97559377086888,urban,2024-02-26,0.054726354756036676
21,18.774102133565243,98.97559378912425,urban,2024-02-26,0.05472635354397599
22,18.75709067921216,98.97559378001435,urban,2024-02-26,0.051899457730952205
23,18.740078723392486,98.97559377995805,urban,2024-02-26,0.05189479234449472
24,18.723065253201693,98.97559377995931,urban,2024-02-26,0.051894534379237765
25,18.816623633573617,98.99115280259166,urban,2024-02-26,0.05472635479937333
26,18.799616630104307,98.99115281170437,urban,2024-02-26,0.05472635484418748
27,18.782607636523494,98.9911528025845,urban,2024-02-26,0.054726354361897885
28,18.765598139329224,98.99115280251972,urban,2024-02-26,0.05480782606326813
29,18.791111125802086,99.00671258026475,urban,2024-02-26,0.054741035901130185
30,18.774102141283294,99.00671259850732,urban,2024-02-26,0.05512252507930436
1,18.74007870120448,98.91335808785006,urban,2024-02-27,NA
2,18.76559811840203,98.92891589958906,urban,2024-02-27,NA
3,18.7485846663651,98.9289158995633,urban,2024-02-27,NA
4,18.731571228912202,98.92891589956444,urban,2024-02-27,NA
5,18.791111128265864,98.94447493992463,urban,2024-02-27,NA
6,18.77410214222722,98.94447494902433,urban,2024-02-27,NA
7,18.757090678745303,98.94447493990828,urban,2024-02-27,NA
8,18.74007871834797,98.94447493987954,urban,2024-02-27,NA
9,18.723065258432655,98.94447493075144,urban,2024-02-27,NA
10,18.83362866444315,98.96003473115987,urban,2024-02-27,0.05361880384286691
11,18.816623631248998,98.96003473117173,urban,2024-02-27,0.055032434497255416
12,18.799616617653914,98.96003474023692,urban,2024-02-27,0.055338397633956427
13,18.7826076136698,98.96003473112485,urban,2024-02-27,0.055220173073784455
14,18.76559810565482,98.96003473107459,urban,2024-02-27,0.05401900369276775
15,18.748584661185397,98.96003473109663,urban,2024-02-27,NA
16,18.731571231481407,98.96003473112006,urban,2024-02-27,NA
17,18.84213017229777,98.97559378002752,urban,2024-02-27,0.05350569950361638
18,18.82512516247161,98.9755937800094,urban,2024-02-27,0.054657137112002735
19,18.808118649028923,98.97559378000697,urban,2024-02-27,0.05533839808609177
20,18.791111130814,98.97559377086888,urban,2024-02-27,0.055307312915261427
21,18.774102133565243,98.97559378912425,urban,2024-02-27,0.054666840428090675
22,18.75709067921216,98.97559378001435,urban,2024-02-27,0.05303760181113951
23,18.740078723392486,98.97559377995805,urban,2024-02-27,0.05303760138241481
24,18.723065253201693,98.97559377995931,urban,2024-02-27,0.053103052000489245
25,18.816623633573617,98.99115280259166,urban,2024-02-27,0.055337138646674416
26,18.799616630104307,98.99115281170437,urban,2024-02-27,0.055320584252210175
27,18.782607636523494,98.9911528025845,urban,2024-02-27,0.05395190139292088
28,18.765598139329224,98.99115280251972,urban,2024-02-27,0.05313481588171532
29,18.791111125802086,99.00671258026475,urban,2024-02-27,0.054092351980104536
30,18.774102141283294,99.00671259850732,urban,2024-02-27,0.05303760245442762
1,18.74007870120448,98.91335808785006,urban,2024-02-28,0.05604346331826523
2,18.76559811840203,98.92891589958906,urban,2024-02-28,0.06188932806254075
3,18.7485846663651,98.9289158995633,urban,2024-02-28,0.0618893278147804
4,18.731571228912202,98.92891589956444,urban,2024-02-28,NA
5,18.791111128265864,98.94447493992463,urban,2024-02-28,0.06188932806252222
6,18.77410214222722,98.94447494902433,urban,2024-02-28,0.061889328062547155
7,18.757090678745303,98.94447493990828,urban,2024-02-28,0.061889328221593515
8,18.74007871834797,98.94447493987954,urban,2024-02-28,0.06188932871033941
9,18.723065258432655,98.94447493075144,urban,2024-02-28,NA
10,18.83362866444315,98.96003473115987,urban,2024-02-28,0.05933767184615083
11,18.816623631248998,98.96003473117173,urban,2024-02-28,0.05946801164150248
12,18.799616617653914,98.96003474023692,urban,2024-02-28,0.06142213611244161
13,18.7826076136698,98.96003473112485,urban,2024-02-28,0.06188932806253636
14,18.76559810565482,98.96003473107459,urban,2024-02-28,0.06188932806253417
15,18.748584661185397,98.96003473109663,urban,2024-02-28,0.06188932756246782
16,18.731571231481407,98.96003473112006,urban,2024-02-28,NA
17,18.84213017229777,98.97559378002752,urban,2024-02-28,0.059361073219874015
18,18.82512516247161,98.9755937800094,urban,2024-02-28,0.05933767184614176
19,18.808118649028923,98.97559378000697,urban,2024-02-28,0.06039518957421292
20,18.791111130814,98.97559377086888,urban,2024-02-28,0.06188932806252516
21,18.774102133565243,98.97559378912425,urban,2024-02-28,0.061889328062524555
22,18.75709067921216,98.97559378001435,urban,2024-02-28,0.06188932765504893
23,18.740078723392486,98.97559377995805,urban,2024-02-28,0.06188932719678951
24,18.723065253201693,98.97559377995931,urban,2024-02-28,NA
25,18.816623633573617,98.99115280259166,urban,2024-02-28,0.05948499401261541
26,18.799616630104307,98.99115281170437,urban,2024-02-28,0.061486867211775084
27,18.782607636523494,98.9911528025845,urban,2024-02-28,0.06188932806253833
28,18.765598139329224,98.99115280251972,urban,2024-02-28,0.06188932806253341
29,18.791111125802086,99.00671258026475,urban,2024-02-28,0.061889328062533576
30,18.774102141283294,99.00671259850732,urban,2024-02-28,0.061889328062542014
1,18.74007870120448,98.91335808785006,urban,2024-02-29,NA
2,18.76559811840203,98.92891589958906,urban,2024-02-29,NA
3,18.7485846663651,98.9289158995633,urban,2024-02-29,NA
4,18.731571228912202,98.92891589956444,urban,2024-02-29,NA
5,18.791111128265864,98.94447493992463,urban,2024-02-29,NA
6,18.77410214222722,98.94447494902433,urban,2024-02-29,NA
7,18.757090678745303,98.94447493990828,urban,2024-02-29,NA
8,18.74007871834797,98.94447493987954,urban,2024-02-29,NA
9,18.723065258432655,98.94447493075144,urban,2024-02-29,NA
10,18.83362866444315,98.96003473115987,urban,2024-02-29,0.04842397642000734
11,18.816623631248998,98.96003473117173,urban,2024-02-29,0.04806680061020376
12,18.799616617653914,98.96003474023692,urban,2024-02-29,0.04699535685309078
13,18.7826076136698,98.96003473112485,urban,2024-02-29,0.04680920001930651
14,18.76559810565482,98.96003473107459,urban,2024-02-29,0.04561074985794402
15,18.748584661185397,98.96003473109663,urban,2024-02-29,0.044678264388841274
16,18.731571231481407,98.96003473112006,urban,2024-02-29,NA
17,18.84213017229777,98.97559378002752,urban,2024-02-29,0.04904910286319833
18,18.82512516247161,98.9755937800094,urban,2024-02-29,0.04900416771543327
19,18.808118649028923,98.97559378000697,urban,2024-02-29,0.047416279998814675
20,18.791111130814,98.97559377086888,urban,2024-02-29,0.04680920012704384
21,18.774102133565243,98.97559378912425,urban,2024-02-29,0.04671579855420936
22,18.75709067921216,98.97559378001435,urban,2024-02-29,0.044678263798625543
23,18.740078723392486,98.97559377995805,urban,2024-02-29,0.04467826428995453
24,18.723065253201693,98.97559377995931,urban,2024-02-29,0.04460709191221492
25,18.816623633573617,98.99115280259166,urban,2024-02-29,0.048436749347561966
26,18.799616630104307,98.99115281170437,urban,2024-02-29,0.04680920019745923
27,18.782607636523494,98.9911528025845,urban,2024-02-29,0.04678672603414582
28,18.765598139329224,98.99115280251972,urban,2024-02-29,0.045435104049700664
29,18.791111125802086,99.00671258026475,urban,2024-02-29,0.046809200197470986
30,18.774102141283294,99.00671259850732,urban,2024-02-29,0.046318641587495
1,18.74007870120448,98.91335808785006,urban,2024-03-01,0.05269207507436551
2,18.76559811840203,98.92891589958906,urban,2024-03-01,NA
3,18.7485846663651,98.9289158995633,urban,2024-03-01,0.053409812375395486
4,18.731571228912202,98.92891589956444,urban,2024-03-01,0.0509649973546975
5,18.791111128265864,98.94447493992463,urban,2024-03-01,NA
6,18.77410214222722,98.94447494902433,urban,2024-03-01,NA
7,18.757090678745303,98.94447493990828,urban,2024-03-01,NA
8,18.74007871834797,98.94447493987954,urban,2024-03-01,NA
9,18.723065258432655,98.94447493075144,urban,2024-03-01,NA
10,18.83362866444315,98.96003473115987,urban,2024-03-01,0.05160479578582039
11,18.816623631248998,98.96003473117173,urban,2024-03-01,0.051604797674419306
12,18.799616617653914,98.96003474023692,urban,2024-03-01,0.050854984752464756
13,18.7826076136698,98.96003473112485,urban,2024-03-01,0.05074086182035904
14,18.76559810565482,98.96003473107459,urban,2024-03-01,NA
15,18.748584661185397,98.96003473109663,urban,2024-03-01,NA
16,18.731571231481407,98.96003473112006,urban,2024-03-01,NA
17,18.84213017229777,98.97559378002752,urban,2024-03-01,0.05179251744931299
18,18.82512516247161,98.9755937800094,urban,2024-03-01,0.05160479644658855
19,18.808118649028923,98.97559378000697,urban,2024-03-01,0.05140018897936784
20,18.791111130814,98.97559377086888,urban,2024-03-01,0.0507408606814891
21,18.774102133565243,98.97559378912425,urban,2024-03-01,0.050740861121451694
22,18.75709067921216,98.97559378001435,urban,2024-03-01,0.05074086127278374
23,18.740078723392486,98.97559377995805,urban,2024-03-01,0.050740863310617626
24,18.723065253201693,98.97559377995931,urban,2024-03-01,NA
25,18.816623633573617,98.99115280259166,urban,2024-03-01,0.05154924274250939
26,18.799616630104307,98.99115281170437,urban,2024-03-01,0.050859553761507144
27,18.782607636523494,98.9911528025845,urban,2024-03-01,0.050740860501674416
28,18.765598139329224,98.99115280251972,urban,2024-03-01,0.05074086033781541
29,18.791111125802086,99.00671258026475,urban,2024-03-01,0.050740860402579656
30,18.774102141283294,99.00671259850732,urban,2024-03-01,0.05074086040258241
1,18.74007870120448,98.91335808785006,urban,2024-03-02,0.04710371792315872
2,18.76559811840203,98.92891589958906,urban,2024-03-02,0.04773152823290158
3,18.7485846663651,98.9289158995633,urban,2024-03-02,0.04710371792315747
4,18.731571228912202,98.92891589956444,urban,2024-03-02,0.04710371792315635
5,18.791111128265864,98.94447493992463,urban,2024-03-02,0.04871275194064244
6,18.77410214222722,98.94447494902433,urban,2024-03-02,0.048005178878605316
7,18.757090678745303,98.94447493990828,urban,2024-03-02,0.047103717923174776
8,18.74007871834797,98.94447493987954,urban,2024-03-02,0.047103717923177475
9,18.723065258432655,98.94447493075144,urban,2024-03-02,0.04681470952695878
10,18.83362866444315,98.96003473115987,urban,2024-03-02,0.04855606870444293
11,18.816623631248998,98.96003473117173,urban,2024-03-02,0.04871356487273653
12,18.799616617653914,98.96003474023692,urban,2024-03-02,0.048713564872733796
13,18.7826076136698,98.96003473112485,urban,2024-03-02,0.048246974070534826
14,18.76559810565482,98.96003473107459,urban,2024-03-02,0.04710371792315726
15,18.748584661185397,98.96003473109663,urban,2024-03-02,0.04710371792315774
16,18.731571231481407,98.96003473112006,urban,2024-03-02,0.047010755448421426
17,18.84213017229777,98.97559378002752,urban,2024-03-02,0.048585988722685276
18,18.82512516247161,98.9755937800094,urban,2024-03-02,0.04877300523522659
19,18.808118649028923,98.97559378000697,urban,2024-03-02,0.04874712923982553
20,18.791111130814,98.97559377086888,urban,2024-03-02,0.048490526626199605
21,18.774102133565243,98.97559378912425,urban,2024-03-02,0.04713593544596245
22,18.75709067921216,98.97559378001435,urban,2024-03-02,0.04710372382254505
23,18.740078723392486,98.97559377995805,urban,2024-03-02,0.0470867927890508
24,18.723065253201693,98.97559377995931,urban,2024-03-02,0.045591425133479066
25,18.816623633573617,98.99115280259166,urban,2024-03-02,0.04890766463118005
26,18.799616630104307,98.99115281170437,urban,2024-03-02,0.04882953589882568
27,18.782607636523494,98.9911528025845,urban,2024-03-02,0.047710412029466014
28,18.765598139329224,98.99115280251972,urban,2024-03-02,0.04735433252760397
29,18.791111125802086,99.00671258026475,urban,2024-03-02,0.0482029927432434
30,18.774102141283294,99.00671259850732,urban,2024-03-02,0.04784767329694654
1,18.74007870120448,98.91335808785006,urban,2024-03-03,0.05110000395285051
2,18.76559811840203,98.92891589958906,urban,2024-03-03,0.050545264086129936
3,18.7485846663651,98.9289158995633,urban,2024-03-03,0.0509385571671502
4,18.731571228912202,98.92891589956444,urban,2024-03-03,0.05162126757954583
5,18.791111128265864,98.94447493992463,urban,2024-03-03,0.05176360105817948
6,18.77410214222722,98.94447494902433,urban,2024-03-03,0.05054526396806059
7,18.757090678745303,98.94447493990828,urban,2024-03-03,0.051154161907505706
8,18.74007871834797,98.94447493987954,urban,2024-03-03,0.05162653322807344
9,18.723065258432655,98.94447493075144,urban,2024-03-03,0.05163368538562666
10,18.83362866444315,98.96003473115987,urban,2024-03-03,0.05178694041885615
11,18.816623631248998,98.96003473117173,urban,2024-03-03,0.051786939787020966
12,18.799616617653914,98.96003474023692,urban,2024-03-03,NA
13,18.7826076136698,98.96003473112485,urban,2024-03-03,NA
14,18.76559810565482,98.96003473107459,urban,2024-03-03,NA
15,18.748584661185397,98.96003473109663,urban,2024-03-03,NA
16,18.731571231481407,98.96003473112006,urban,2024-03-03,0.05163368617050242
17,18.84213017229777,98.97559378002752,urban,2024-03-03,0.05178694057868076
18,18.82512516247161,98.9755937800094,urban,2024-03-03,0.05178694137494907
19,18.808118649028923,98.97559378000697,urban,2024-03-03,0.05178693942488308
20,18.791111130814,98.97559377086888,urban,2024-03-03,NA
21,18.774102133565243,98.97559378912425,urban,2024-03-03,NA
22,18.75709067921216,98.97559378001435,urban,2024-03-03,NA
23,18.740078723392486,98.97559377995805,urban,2024-03-03,NA
24,18.723065253201693,98.97559377995931,urban,2024-03-03,NA
25,18.816623633573617,98.99115280259166,urban,2024-03-03,0.05178694047486841
26,18.799616630104307,98.99115281170437,urban,2024-03-03,NA
27,18.782607636523494,98.9911528025845,urban,2024-03-03,NA
28,18.765598139329224,98.99115280251972,urban,2024-03-03,NA
29,18.791111125802086,99.00671258026475,urban,2024-03-03,NA
30,18.774102141283294,99.00671259850732,urban,2024-03-03,NA
1,18.74007870120448,98.91335808785006,urban,2024-03-04,0.05100793763994976
2,18.76559811840203,98.92891589958906,urban,2024-03-04,0.05086217210967727
3,18.7485846663651,98.9289158995633,urban,2024-03-04,0.051007937639957486
4,18.731571228912202,98.92891589956444,urban,2024-03-04,0.051053140511766515
5,18.791111128265864,98.94447493992463,urban,2024-03-04,0.048697564750910326
6,18.77410214222722,98.94447494902433,urban,2024-03-04,0.04980404036445887
7,18.757090678745303,98.94447493990828,urban,2024-03-04,0.051007937639948805
8,18.74007871834797,98.94447493987954,urban,2024-03-04,0.05100793770256614
9,18.723065258432655,98.94447493075144,urban,2024-03-04,0.05111968924270929
10,18.83362866444315,98.96003473115987,urban,2024-03-04,0.047809275220232685
11,18.816623631248998,98.96003473117173,urban,2024-03-04,0.048958537816759934
12,18.799616617653914,98.96003474023692,urban,2024-03-04,0.048907116209005466
13,18.7826076136698,98.96003473112485,urban,2024-03-04,0.04889175946529464
14,18.76559810565482,98.96003473107459,urban,2024-03-04,0.05072940778821241
15,18.748584661185397,98.96003473109663,urban,2024-03-04,0.050920677173575055
16,18.731571231481407,98.96003473112006,urban,2024-03-04,0.051041274285972216
17,18.84213017229777,98.97559378002752,urban,2024-03-04,0.05146396575678048
18,18.82512516247161,98.9755937800094,urban,2024-03-04,0.05046765470954285
19,18.808118649028923,98.97559378000697,urban,2024-03-04,0.04987540274430909
20,18.791111130814,98.97559377086888,urban,2024-03-04,0.049867579612704445
21,18.774102133565243,98.97559378912425,urban,2024-03-04,0.048632565882664125
22,18.75709067921216,98.97559378001435,urban,2024-03-04,0.04791308386871059
23,18.740078723392486,98.97559377995805,urban,2024-03-04,0.04866830434633785
24,18.723065253201693,98.97559377995931,urban,2024-03-04,0.048928921502297495
25,18.816623633573617,98.99115280259166,urban,2024-03-04,0.050004826550277506
26,18.799616630104307,98.99115281170437,urban,2024-03-04,0.049898572266118
27,18.782607636523494,98.9911528025845,urban,2024-03-04,0.04977725890508539
28,18.765598139329224,98.99115280251972,urban,2024-03-04,0.04687644153645338
29,18.791111125802086,99.00671258026475,urban,2024-03-04,0.04989857226609424
30,18.774102141283294,99.00671259850732,urban,2024-03-04,0.04833484993803062
1,18.74007870120448,98.91335808785006,urban,2024-03-05,0.05712054649173061
2,18.76559811840203,98.92891589958906,urban,2024-03-05,NA
3,18.7485846663651,98.9289158995633,urban,2024-03-05,NA
4,18.731571228912202,98.92891589956444,urban,2024-03-05,NA
5,18.791111128265864,98.94447493992463,urban,2024-03-05,NA
6,18.77410214222722,98.94447494902433,urban,2024-03-05,NA
7,18.757090678745303,98.94447493990828,urban,2024-03-05,NA
8,18.74007871834797,98.94447493987954,urban,2024-03-05,NA
9,18.723065258432655,98.94447493075144,urban,2024-03-05,NA
10,18.83362866444315,98.96003473115987,urban,2024-03-05,0.050532355959923086
11,18.816623631248998,98.96003473117173,urban,2024-03-05,NA
12,18.799616617653914,98.96003474023692,urban,2024-03-05,NA
13,18.7826076136698,98.96003473112485,urban,2024-03-05,NA
14,18.76559810565482,98.96003473107459,urban,2024-03-05,NA
15,18.748584661185397,98.96003473109663,urban,2024-03-05,NA
16,18.731571231481407,98.96003473112006,urban,2024-03-05,NA
17,18.84213017229777,98.97559378002752,urban,2024-03-05,0.05053235670381665
18,18.82512516247161,98.9755937800094,urban,2024-03-05,NA
19,18.808118649028923,98.97559378000697,urban,2024-03-05,NA
20,18.791111130814,98.97559377086888,urban,2024-03-05,NA
21,18.774102133565243,98.97559378912425,urban,2024-03-05,NA
22,18.75709067921216,98.97559378001435,urban,2024-03-05,NA
23,18.740078723392486,98.97559377995805,urban,2024-03-05,NA
24,18.723065253201693,98.97559377995931,urban,2024-03-05,NA
25,18.816623633573617,98.99115280259166,urban,2024-03-05,NA
26,18.799616630104307,98.99115281170437,urban,2024-03-05,NA
27,18.782607636523494,98.9911528025845,urban,2024-03-05,NA
28,18.765598139329224,98.99115280251972,urban,2024-03-05,NA
29,18.791111125802086,99.00671258026475,urban,2024-03-05,0.05220105265017922
30,18.774102141283294,99.00671259850732,urban,2024-03-05,0.052022613993451615
1,18.74007870120448,98.91335808785006,urban,2024-03-06,0.06235706512658763
2,18.76559811840203,98.92891589958906,urban,2024-03-06,0.06156439680400608
3,18.7485846663651,98.9289158995633,urban,2024-03-06,0.06156910994287388
4,18.731571228912202,98.92891589956444,urban,2024-03-06,0.06161462415677254
5,18.791111128265864,98.94447493992463,urban,2024-03-06,0.0615643967651681
6,18.77410214222722,98.94447494902433,urban,2024-03-06,0.061564396763302644
7,18.757090678745303,98.94447493990828,urban,2024-03-06,0.06156439706685204
8,18.74007871834797,98.94447493987954,urban,2024-03-06,0.06156439706682571
9,18.723065258432655,98.94447493075144,urban,2024-03-06,0.061906417279038145
10,18.83362866444315,98.96003473115987,urban,2024-03-06,0.05551601286295169
11,18.816623631248998,98.96003473117173,urban,2024-03-06,0.05624562066650556
12,18.799616617653914,98.96003474023692,urban,2024-03-06,0.06371592873165102
13,18.7826076136698,98.96003473112485,urban,2024-03-06,0.061564396590082164
14,18.76559810565482,98.96003473107459,urban,2024-03-06,0.061564397066825045
15,18.748584661185397,98.96003473109663,urban,2024-03-06,0.06156439706682292
16,18.731571231481407,98.96003473112006,urban,2024-03-06,0.06161771837229707
17,18.84213017229777,98.97559378002752,urban,2024-03-06,0.06276975721630151
18,18.82512516247161,98.9755937800094,urban,2024-03-06,0.06294149249043017
19,18.808118649028923,98.97559378000697,urban,2024-03-06,0.0637159258436698
20,18.791111130814,98.97559377086888,urban,2024-03-06,0.06360361465134796
21,18.774102133565243,98.97559378912425,urban,2024-03-06,0.061959349161435744
22,18.75709067921216,98.97559378001435,urban,2024-03-06,0.06164602471384613
23,18.740078723392486,98.97559377995805,urban,2024-03-06,0.06157156710426389
24,18.723065253201693,98.97559377995931,urban,2024-03-06,0.062183799131709204
25,18.816623633573617,98.99115280259166,urban,2024-03-06,0.0637142377415446
26,18.799616630104307,98.99115281170437,urban,2024-03-06,0.06371545047160886
27,18.782607636523494,98.9911528025845,urban,2024-03-06,0.06346237173387559
28,18.765598139329224,98.99115280251972,urban,2024-03-06,0.06317513695434476
29,18.791111125802086,99.00671258026475,urban,2024-03-06,0.0636406525385982
30,18.774102141283294,99.00671259850732,urban,2024-03-06,0.06336084008215796
1,18.74007870120448,98.91335808785006,urban,2024-03-07,0.06724188138385136
2,18.76559811840203,98.92891589958906,urban,2024-03-07,0.07499666643489776
3,18.7485846663651,98.9289158995633,urban,2024-03-07,0.0686214978269931
4,18.731571228912202,98.92891589956444,urban,2024-03-07,0.06656273454425311
5,18.791111128265864,98.94447493992463,urban,2024-03-07,0.07623607665301
6,18.77410214222722,98.94447494902433,urban,2024-03-07,0.07615717931543244
7,18.757090678745303,98.94447493990828,urban,2024-03-07,0.06928029631870648
8,18.74007871834797,98.94447493987954,urban,2024-03-07,0.06660683451441068
9,18.723065258432655,98.94447493075144,urban,2024-03-07,0.0665402201014439
10,18.83362866444315,98.96003473115987,urban,2024-03-07,0.07317347090820508
11,18.816623631248998,98.96003473117173,urban,2024-03-07,0.07408212073297053
12,18.799616617653914,98.96003474023692,urban,2024-03-07,0.07631157775532621
13,18.7826076136698,98.96003473112485,urban,2024-03-07,0.0761663533913373
14,18.76559810565482,98.96003473107459,urban,2024-03-07,0.0709289169758205
15,18.748584661185397,98.96003473109663,urban,2024-03-07,0.06656274063294013
16,18.731571231481407,98.96003473112006,urban,2024-03-07,0.06656273454427497
17,18.84213017229777,98.97559378002752,urban,2024-03-07,0.08219180449621444
18,18.82512516247161,98.9755937800094,urban,2024-03-07,0.08094902072597462
19,18.808118649028923,98.97559378000697,urban,2024-03-07,0.079248173832019
20,18.791111130814,98.97559377086888,urban,2024-03-07,0.0782757312029177
21,18.774102133565243,98.97559378912425,urban,2024-03-07,0.0754399638494169
22,18.75709067921216,98.97559378001435,urban,2024-03-07,0.06818564364260049
23,18.740078723392486,98.97559377995805,urban,2024-03-07,0.06685873298892177
24,18.723065253201693,98.97559377995931,urban,2024-03-07,0.06620699966939803
25,18.816623633573617,98.99115280259166,urban,2024-03-07,0.08018034133795705
26,18.799616630104307,98.99115281170437,urban,2024-03-07,0.08011747427307747
27,18.782607636523494,98.9911528025845,urban,2024-03-07,0.0795811523204947
28,18.765598139329224,98.99115280251972,urban,2024-03-07,0.07704107833343352
29,18.791111125802086,99.00671258026475,urban,2024-03-07,0.07967634442741647
30,18.774102141283294,99.00671259850732,urban,2024-03-07,0.07796619745888007
1,18.74007870120448,98.91335808785006,urban,2024-03-08,NA
2,18.76559811840203,98.92891589958906,urban,2024-03-08,NA
3,18.7485846663651,98.9289158995633,urban,2024-03-08,NA
4,18.731571228912202,98.92891589956444,urban,2024-03-08,NA
5,18.791111128265864,98.94447493992463,urban,2024-03-08,0.07000437965729803
6,18.77410214222722,98.94447494902433,urban,2024-03-08,NA
7,18.757090678745303,98.94447493990828,urban,2024-03-08,NA
8,18.74007871834797,98.94447493987954,urban,2024-03-08,NA
9,18.723065258432655,98.94447493075144,urban,2024-03-08,NA
10,18.83362866444315,98.96003473115987,urban,2024-03-08,0.06810702384375805
11,18.816623631248998,98.96003473117173,urban,2024-03-08,0.06823678833324456
12,18.799616617653914,98.96003474023692,urban,2024-03-08,0.06970836273184301
13,18.7826076136698,98.96003473112485,urban,2024-03-08,0.07000438318935083
14,18.76559810565482,98.96003473107459,urban,2024-03-08,0.07000438314967333
15,18.748584661185397,98.96003473109663,urban,2024-03-08,0.07257432522453537
16,18.731571231481407,98.96003473112006,urban,2024-03-08,0.07324509304820243
17,18.84213017229777,98.97559378002752,urban,2024-03-08,0.06810702383519808
18,18.82512516247161,98.9755937800094,urban,2024-03-08,0.06820921031524041
19,18.808118649028923,98.97559378000697,urban,2024-03-08,0.06961577860076387
20,18.791111130814,98.97559377086888,urban,2024-03-08,0.0700043812973168
21,18.774102133565243,98.97559378912425,urban,2024-03-08,0.07000438130449463
22,18.75709067921216,98.97559378001435,urban,2024-03-08,0.07132649005827425
23,18.740078723392486,98.97559377995805,urban,2024-03-08,0.07321690327259507
24,18.723065253201693,98.97559377995931,urban,2024-03-08,0.0732450934338469
25,18.816623633573617,98.99115280259166,urban,2024-03-08,0.06944014663927243
26,18.799616630104307,98.99115281170437,urban,2024-03-08,0.07000438123941961
27,18.782607636523494,98.9911528025845,urban,2024-03-08,0.07000551230020884
28,18.765598139329224,98.99115280251972,urban,2024-03-08,0.07106652315150774
29,18.791111125802086,99.00671258026475,urban,2024-03-08,0.07000579176017416
30,18.774102141283294,99.00671259850732,urban,2024-03-08,0.07066813167110135
1,18.74007870120448,98.91335808785006,urban,2024-03-09,0.05040423572064065
2,18.76559811840203,98.92891589958906,urban,2024-03-09,0.04941270949125635
3,18.7485846663651,98.9289158995633,urban,2024-03-09,0.050404235720640636
4,18.731571228912202,98.92891589956444,urban,2024-03-09,0.050404235720646236
5,18.791111128265864,98.94447493992463,urban,2024-03-09,0.04924989491700921
6,18.77410214222722,98.94447494902433,urban,2024-03-09,0.049330355567874296
7,18.757090678745303,98.94447493990828,urban,2024-03-09,0.0498676960532447
8,18.74007871834797,98.94447493987954,urban,2024-03-09,0.05040423572063173
9,18.723065258432655,98.94447493075144,urban,2024-03-09,0.05051971702909117
10,18.83362866444315,98.96003473115987,urban,2024-03-09,0.04739779606463035
11,18.816623631248998,98.96003473117173,urban,2024-03-09,0.04758305025034912
12,18.799616617653914,98.96003474023692,urban,2024-03-09,0.04922685308700299
13,18.7826076136698,98.96003473112485,urban,2024-03-09,0.049255484955907106
14,18.76559810565482,98.96003473107459,urban,2024-03-09,0.049381003344813997
15,18.748584661185397,98.96003473109663,urban,2024-03-09,0.05040423572064941
16,18.731571231481407,98.96003473112006,urban,2024-03-09,0.05040423572065111
17,18.84213017229777,98.97559378002752,urban,2024-03-09,0.04739783433560392
18,18.82512516247161,98.9755937800094,urban,2024-03-09,0.047397796064616624
19,18.808118649028923,98.97559378000697,urban,2024-03-09,0.04864456128561272
20,18.791111130814,98.97559377086888,urban,2024-03-09,0.04924989491702079
21,18.774102133565243,98.97559378912425,urban,2024-03-09,0.049317509339843996
22,18.75709067921216,98.97559378001435,urban,2024-03-09,0.04985499656272879
23,18.740078723392486,98.97559377995805,urban,2024-03-09,0.05040423572064318
24,18.723065253201693,98.97559377995931,urban,2024-03-09,0.05051117934749014
25,18.816623633573617,98.99115280259166,urban,2024-03-09,0.048265712669863084
26,18.799616630104307,98.99115281170437,urban,2024-03-09,0.04923618060184518
27,18.782607636523494,98.9911528025845,urban,2024-03-09,0.049254460384744986
28,18.765598139329224,98.99115280251972,urban,2024-03-09,0.04935685482369678
29,18.791111125802086,99.00671258026475,urban,2024-03-09,0.04945784300787403
30,18.774102141283294,99.00671259850732,urban,2024-03-09,0.049408343762338346
1,18.74007870120448,98.91335808785006,urban,2024-03-10,0.05604387819766628
2,18.76559811840203,98.92891589958906,urban,2024-03-10,0.056043877613867484
3,18.7485846663651,98.9289158995633,urban,2024-03-10,0.056043878197671544
4,18.731571228912202,98.92891589956444,urban,2024-03-10,0.05649898693011961
5,18.791111128265864,98.94447493992463,urban,2024-03-10,NA
6,18.77410214222722,98.94447494902433,urban,2024-03-10,0.05604387639840861
7,18.757090678745303,98.94447493990828,urban,2024-03-10,0.05604387819768413
8,18.74007871834797,98.94447493987954,urban,2024-03-10,0.05604387819768138
9,18.723065258432655,98.94447493075144,urban,2024-03-10,0.05784544928894057
10,18.83362866444315,98.96003473115987,urban,2024-03-10,0.04473260026175432
11,18.816623631248998,98.96003473117173,urban,2024-03-10,0.046040049728282455
12,18.799616617653914,98.96003474023692,urban,2024-03-10,0.058256333969812
13,18.7826076136698,98.96003473112485,urban,2024-03-10,0.05727006028986515
14,18.76559810565482,98.96003473107459,urban,2024-03-10,0.056043878226629575
15,18.748584661185397,98.96003473109663,urban,2024-03-10,0.0560438781976946
16,18.731571231481407,98.96003473112006,urban,2024-03-10,0.05660710930492747
17,18.84213017229777,98.97559378002752,urban,2024-03-10,0.05588318362893875
18,18.82512516247161,98.9755937800094,urban,2024-03-10,0.05625923647024894
19,18.808118649028923,98.97559378000697,urban,2024-03-10,0.05825633536395099
20,18.791111130814,98.97559377086888,urban,2024-03-10,0.05825633536336213
21,18.774102133565243,98.97559378912425,urban,2024-03-10,0.05772291514624266
22,18.75709067921216,98.97559378001435,urban,2024-03-10,0.0569907070209754
23,18.740078723392486,98.97559377995805,urban,2024-03-10,0.056328349382310634
24,18.723065253201693,98.97559377995931,urban,2024-03-10,0.05803359603134587
25,18.816623633573617,98.99115280259166,urban,2024-03-10,0.05799161249236054
26,18.799616630104307,98.99115281170437,urban,2024-03-10,0.0582563355565162
27,18.782607636523494,98.9911528025845,urban,2024-03-10,0.05830443379385475
28,18.765598139329224,98.99115280251972,urban,2024-03-10,0.05962909712721771
29,18.791111125802086,99.00671258026475,urban,2024-03-10,0.05825633555649867
30,18.774102141283294,99.00671259850732,urban,2024-03-10,0.058939774279805776
1,18.74007870120448,98.91335808785006,urban,2024-03-11,0.05439863687828178
2,18.76559811840203,98.92891589958906,urban,2024-03-11,0.05243995708307052
3,18.7485846663651,98.9289158995633,urban,2024-03-11,0.052950364351996924
4,18.731571228912202,98.92891589956444,urban,2024-03-11,0.05326654095675362
5,18.791111128265864,98.94447493992463,urban,2024-03-11,0.05317379096470786
6,18.77410214222722,98.94447494902433,urban,2024-03-11,0.0519242475721462
7,18.757090678745303,98.94447493990828,urban,2024-03-11,0.05185408239335361
8,18.74007871834797,98.94447493987954,urban,2024-03-11,0.05192133896354574
9,18.723065258432655,98.94447493075144,urban,2024-03-11,0.05009847537640093
10,18.83362866444315,98.96003473115987,urban,2024-03-11,0.05382026649795239
11,18.816623631248998,98.96003473117173,urban,2024-03-11,0.053240236800886576
12,18.799616617653914,98.96003474023692,urban,2024-03-11,0.05323031132465987
13,18.7826076136698,98.96003473112485,urban,2024-03-11,0.052403149583954756
14,18.76559810565482,98.96003473107459,urban,2024-03-11,0.051776800304640075
15,18.748584661185397,98.96003473109663,urban,2024-03-11,0.05177680030464148
16,18.731571231481407,98.96003473112006,urban,2024-03-11,0.05076849155609042
17,18.84213017229777,98.97559378002752,urban,2024-03-11,0.05414789233152274
18,18.82512516247161,98.9755937800094,urban,2024-03-11,0.05332103814163277
19,18.808118649028923,98.97559378000697,urban,2024-03-11,0.053232643753580916
20,18.791111130814,98.97559377086888,urban,2024-03-11,0.05298833347803521
21,18.774102133565243,98.97559378912425,urban,2024-03-11,0.05177713013546018
22,18.75709067921216,98.97559378001435,urban,2024-03-11,0.05177680030465892
23,18.740078723392486,98.97559377995805,urban,2024-03-11,0.051631017416538076
24,18.723065253201693,98.97559377995931,urban,2024-03-11,0.049019538596479145
25,18.816623633573617,98.99115280259166,urban,2024-03-11,0.053232643671430296
26,18.799616630104307,98.99115281170437,urban,2024-03-11,0.053198133883784075
27,18.782607636523494,98.9911528025845,urban,2024-03-11,0.052095329767329744
28,18.765598139329224,98.99115280251972,urban,2024-03-11,0.05177680033643407
29,18.791111125802086,99.00671258026475,urban,2024-03-11,0.052531084982870124
30,18.774102141283294,99.00671259850732,urban,2024-03-11,0.051776799554437994
1,18.74007870120448,98.91335808785006,urban,2024-03-12,0.05380906164647854
2,18.76559811840203,98.92891589958906,urban,2024-03-12,0.05361631123994532
3,18.7485846663651,98.9289158995633,urban,2024-03-12,0.05380906164646198
4,18.731571228912202,98.92891589956444,urban,2024-03-12,0.05380906164645503
5,18.791111128265864,98.94447493992463,urban,2024-03-12,0.05345368929269995
6,18.77410214222722,98.94447494902433,urban,2024-03-12,0.050876681755443076
7,18.757090678745303,98.94447493990828,urban,2024-03-12,0.05103426953834668
8,18.74007871834797,98.94447493987954,urban,2024-03-12,0.05198805644461014
9,18.723065258432655,98.94447493075144,urban,2024-03-12,0.05272175253316644
10,18.83362866444315,98.96003473115987,urban,2024-03-12,0.05670382420192122
11,18.816623631248998,98.96003473117173,urban,2024-03-12,0.05670382400584598
12,18.799616617653914,98.96003474023692,urban,2024-03-12,NA
13,18.7826076136698,98.96003473112485,urban,2024-03-12,0.049366257507603775
14,18.76559810565482,98.96003473107459,urban,2024-03-12,0.049366257795883106
15,18.748584661185397,98.96003473109663,urban,2024-03-12,0.04936625808479096
16,18.731571231481407,98.96003473112006,urban,2024-03-12,0.049366306296136704
17,18.84213017229777,98.97559378002752,urban,2024-03-12,0.05670172136042638
18,18.82512516247161,98.9755937800094,urban,2024-03-12,0.05669233661409403
19,18.808118649028923,98.97559378000697,urban,2024-03-12,NA
20,18.791111130814,98.97559377086888,urban,2024-03-12,0.049366259998228496
21,18.774102133565243,98.97559378912425,urban,2024-03-12,0.04936625891189112
22,18.75709067921216,98.97559378001435,urban,2024-03-12,0.0493662580847653
23,18.740078723392486,98.97559377995805,urban,2024-03-12,0.049366258084768355
24,18.723065253201693,98.97559377995931,urban,2024-03-12,0.04936625907244714
25,18.816623633573617,98.99115280259166,urban,2024-03-12,0.052990158422696644
26,18.799616630104307,98.99115281170437,urban,2024-03-12,NA
27,18.782607636523494,98.9911528025845,urban,2024-03-12,0.04936625924690179
28,18.765598139329224,98.99115280251972,urban,2024-03-12,0.04936625808474476
29,18.791111125802086,99.00671258026475,urban,2024-03-12,0.05139259870463899
30,18.774102141283294,99.00671259850732,urban,2024-03-12,0.04951287293324035
1,18.74007870120448,98.91335808785006,urban,2024-03-13,0.051894210253432285
2,18.76559811840203,98.92891589958906,urban,2024-03-13,0.05245274189102131
3,18.7485846663651,98.9289158995633,urban,2024-03-13,0.05167256733239297
4,18.731571228912202,98.92891589956444,urban,2024-03-13,0.05165315156417921
5,18.791111128265864,98.94447493992463,urban,2024-03-13,0.052596805309039395
6,18.77410214222722,98.94447494902433,urban,2024-03-13,0.05268937418614505
7,18.757090678745303,98.94447493990828,urban,2024-03-13,0.05250748876550506
8,18.74007871834797,98.94447493987954,urban,2024-03-13,0.052344221590545664
9,18.723065258432655,98.94447493075144,urban,2024-03-13,0.05201171992003996
10,18.83362866444315,98.96003473115987,urban,2024-03-13,NA
11,18.816623631248998,98.96003473117173,urban,2024-03-13,NA
12,18.799616617653914,98.96003474023692,urban,2024-03-13,NA
13,18.7826076136698,98.96003473112485,urban,2024-03-13,0.052743777293532315
14,18.76559810565482,98.96003473107459,urban,2024-03-13,0.052743777802120875
15,18.748584661185397,98.96003473109663,urban,2024-03-13,0.05274377763273084
16,18.731571231481407,98.96003473112006,urban,2024-03-13,0.052743777632729354
17,18.84213017229777,98.97559378002752,urban,2024-03-13,NA
18,18.82512516247161,98.9755937800094,urban,2024-03-13,NA
19,18.808118649028923,98.97559378000697,urban,2024-03-13,NA
20,18.791111130814,98.97559377086888,urban,2024-03-13,0.052743778007577374
21,18.774102133565243,98.97559378912425,urban,2024-03-13,0.05274377798464182
22,18.75709067921216,98.97559378001435,urban,2024-03-13,0.05274377763272185
23,18.740078723392486,98.97559377995805,urban,2024-03-13,0.05274377763271195
24,18.723065253201693,98.97559377995931,urban,2024-03-13,0.05278498063764337
25,18.816623633573617,98.99115280259166,urban,2024-03-13,NA
26,18.799616630104307,98.99115281170437,urban,2024-03-13,0.052743778527704635
27,18.782607636523494,98.9911528025845,urban,2024-03-13,0.052743778448217
28,18.765598139329224,98.99115280251972,urban,2024-03-13,0.05274377763271042
29,18.791111125802086,99.00671258026475,urban,2024-03-13,0.052743777674632536
30,18.774102141283294,99.00671259850732,urban,2024-03-13,0.05274377745620519
1,18.74007870120448,98.91335808785006,urban,2024-03-14,NA
2,18.76559811840203,98.92891589958906,urban,2024-03-14,0.08118536906724176
3,18.7485846663651,98.9289158995633,urban,2024-03-14,0.07984594918662645
4,18.731571228912202,98.92891589956444,urban,2024-03-14,0.07984595087803045
5,18.791111128265864,98.94447493992463,urban,2024-03-14,0.08129594475028236
6,18.77410214222722,98.94447494902433,urban,2024-03-14,0.08125067065274112
7,18.757090678745303,98.94447493990828,urban,2024-03-14,0.0800503470188834
8,18.74007871834797,98.94447493987954,urban,2024-03-14,0.07984594995816001
9,18.723065258432655,98.94447493075144,urban,2024-03-14,0.07997377309821034
10,18.83362866444315,98.96003473115987,urban,2024-03-14,0.0828538920370296
11,18.816623631248998,98.96003473117173,urban,2024-03-14,0.08133812953624803
12,18.799616617653914,98.96003474023692,urban,2024-03-14,0.08129594475030015
13,18.7826076136698,98.96003473112485,urban,2024-03-14,0.0812454089014222
14,18.76559810565482,98.96003473107459,urban,2024-03-14,0.08012312450363004
15,18.748584661185397,98.96003473109663,urban,2024-03-14,0.07984595000742743
16,18.731571231481407,98.96003473112006,urban,2024-03-14,0.07991244754509078
17,18.84213017229777,98.97559378002752,urban,2024-03-14,0.08293904037727114
18,18.82512516247161,98.9755937800094,urban,2024-03-14,0.08135922855200173
19,18.808118649028923,98.97559378000697,urban,2024-03-14,0.08129594475033058
20,18.791111130814,98.97559377086888,urban,2024-03-14,0.08126473085551333
21,18.774102133565243,98.97559378912425,urban,2024-03-14,0.08021195830393521
22,18.75709067921216,98.97559378001435,urban,2024-03-14,0.07984595000745727
23,18.740078723392486,98.97559377995805,urban,2024-03-14,0.07988241677653378
24,18.723065253201693,98.97559377995931,urban,2024-03-14,0.08075766688528795
25,18.816623633573617,98.99115280259166,urban,2024-03-14,0.08129594475028755
26,18.799616630104307,98.99115281170437,urban,2024-03-14,0.08128225443083444
27,18.782607636523494,98.9911528025845,urban,2024-03-14,0.08038061049248064
28,18.765598139329224,98.99115280251972,urban,2024-03-14,0.07984595000741862
29,18.791111125802086,99.00671258026475,urban,2024-03-14,0.08073204067521972
30,18.774102141283294,99.00671259850732,urban,2024-03-14,0.07984626050767235
1,18.74007870120448,98.91335808785006,urban,2024-03-15,0.0957656651735233
2,18.76559811840203,98.92891589958906,urban,2024-03-15,0.09354209444105735
3,18.7485846663651,98.9289158995633,urban,2024-03-15,0.09576566517355196
4,18.731571228912202,98.92891589956444,urban,2024-03-15,0.09576566517353938
5,18.791111128265864,98.94447493992463,urban,2024-03-15,0.0930878967046506
6,18.77410214222722,98.94447494902433,urban,2024-03-15,0.0930878967046511
7,18.757090678745303,98.94447493990828,urban,2024-03-15,0.09482169823793431
8,18.74007871834797,98.94447493987954,urban,2024-03-15,0.09576566517350117
9,18.723065258432655,98.94447493075144,urban,2024-03-15,0.09576566517350558
10,18.83362866444315,98.96003473115987,urban,2024-03-15,0.08456638455390797
11,18.816623631248998,98.96003473117173,urban,2024-03-15,0.08480775501823852
12,18.799616617653914,98.96003474023692,urban,2024-03-15,0.09085185092278572
13,18.7826076136698,98.96003473112485,urban,2024-03-15,0.09308789670467207
14,18.76559810565482,98.96003473107459,urban,2024-03-15,0.09360938428836778
15,18.748584661185397,98.96003473109663,urban,2024-03-15,0.09576566517352862
16,18.731571231481407,98.96003473112006,urban,2024-03-15,0.09576566517350592
17,18.84213017229777,98.97559378002752,urban,2024-03-15,0.08456638455391607
18,18.82512516247161,98.9755937800094,urban,2024-03-15,0.08456638455390486
19,18.808118649028923,98.97559378000697,urban,2024-03-15,0.08697168813234873
20,18.791111130814,98.97559377086888,urban,2024-03-15,0.09308789670468134
21,18.774102133565243,98.97559378912425,urban,2024-03-15,0.09308789670468239
22,18.75709067921216,98.97559378001435,urban,2024-03-15,0.09491032302038002
23,18.740078723392486,98.97559377995805,urban,2024-03-15,0.0957656651735713
24,18.723065253201693,98.97559377995931,urban,2024-03-15,0.09576566517355041
25,18.816623633573617,98.99115280259166,urban,2024-03-15,0.08486521333222573
26,18.799616630104307,98.99115281170437,urban,2024-03-15,0.0910666476161645
27,18.782607636523494,98.9911528025845,urban,2024-03-15,0.09308789670465037
28,18.765598139329224,98.99115280251972,urban,2024-03-15,0.09370376231984179
29,18.791111125802086,99.00671258026475,urban,2024-03-15,0.09308789670467615
30,18.774102141283294,99.00671259850732,urban,2024-03-15,0.09308789670467829
1,18.74007870120448,98.91335808785006,urban,2024-03-16,0.0648262757181241
2,18.76559811840203,98.92891589958906,urban,2024-03-16,0.06380282330498328
3,18.7485846663651,98.9289158995633,urban,2024-03-16,0.06444494109219336
4,18.731571228912202,98.92891589956444,urban,2024-03-16,0.06486657249325717
5,18.791111128265864,98.94447493992463,urban,2024-03-16,0.0638028234243243
6,18.77410214222722,98.94447494902433,urban,2024-03-16,0.06380282342432354
7,18.757090678745303,98.94447493990828,urban,2024-03-16,0.06399168677073733
8,18.74007871834797,98.94447493987954,urban,2024-03-16,0.0648363273090642
9,18.723065258432655,98.94447493075144,urban,2024-03-16,0.0648665726184676
10,18.83362866444315,98.96003473115987,urban,2024-03-16,0.06387204676868283
11,18.816623631248998,98.96003473117173,urban,2024-03-16,0.06386794214044522
12,18.799616617653914,98.96003474023692,urban,2024-03-16,0.06381351740126727
13,18.7826076136698,98.96003473112485,urban,2024-03-16,0.06380282342435262
14,18.76559810565482,98.96003473107459,urban,2024-03-16,0.06380282342435765
15,18.748584661185397,98.96003473109663,urban,2024-03-16,0.06459281830579676
16,18.731571231481407,98.96003473112006,urban,2024-03-16,0.06486657261850298
17,18.84213017229777,98.97559378002752,urban,2024-03-16,0.06387245453004932
18,18.82512516247161,98.9755937800094,urban,2024-03-16,0.06387204676865856
19,18.808118649028923,98.97559378000697,urban,2024-03-16,0.06383389888941847
20,18.791111130814,98.97559377086888,urban,2024-03-16,0.06380282342432812
21,18.774102133565243,98.97559378912425,urban,2024-03-16,0.06380282342432969
22,18.75709067921216,98.97559378001435,urban,2024-03-16,0.06415776467136389
23,18.740078723392486,98.97559377995805,urban,2024-03-16,0.06485301532372409
24,18.723065253201693,98.97559377995931,urban,2024-03-16,0.06486657261847563
25,18.816623633573617,98.99115280259166,urban,2024-03-16,0.06450670052423882
26,18.799616630104307,98.99115281170437,urban,2024-03-16,0.063885714658593
27,18.782607636523494,98.9911528025845,urban,2024-03-16,0.06380284132654428
28,18.765598139329224,98.99115280251972,urban,2024-03-16,0.06380347532883347
29,18.791111125802086,99.00671258026475,urban,2024-03-16,0.06699104012976048
30,18.774102141283294,99.00671259850732,urban,2024-03-16,0.06573392222434922
1,18.74007870120448,98.91335808785006,urban,2024-03-17,0.06586826266629309
2,18.76559811840203,98.92891589958906,urban,2024-03-17,0.0678438459635117
3,18.7485846663651,98.9289158995633,urban,2024-03-17,0.06620859754403219
4,18.731571228912202,98.92891589956444,urban,2024-03-17,0.06574935483597612
5,18.791111128265864,98.94447493992463,urban,2024-03-17,0.06781576745707443
6,18.77410214222722,98.94447494902433,urban,2024-03-17,0.06794005632401781
7,18.757090678745303,98.94447493990828,urban,2024-03-17,0.06710428076783786
8,18.74007871834797,98.94447493987954,urban,2024-03-17,0.06564536275583106
9,18.723065258432655,98.94447493075144,urban,2024-03-17,0.065632648432816
10,18.83362866444315,98.96003473115987,urban,2024-03-17,0.06377865374087209
11,18.816623631248998,98.96003473117173,urban,2024-03-17,0.06488828033356174
12,18.799616617653914,98.96003474023692,urban,2024-03-17,0.06698878081526458
13,18.7826076136698,98.96003473112485,urban,2024-03-17,0.06794005632399715
14,18.76559810565482,98.96003473107459,urban,2024-03-17,0.06772691614435591
15,18.748584661185397,98.96003473109663,urban,2024-03-17,0.06560533999986282
16,18.731571231481407,98.96003473112006,urban,2024-03-17,0.06559283286331229
17,18.84213017229777,98.97559378002752,urban,2024-03-17,0.06506253584453567
18,18.82512516247161,98.9755937800094,urban,2024-03-17,0.06489840768270584
19,18.808118649028923,98.97559378000697,urban,2024-03-17,0.06685254304466322
20,18.791111130814,98.97559377086888,urban,2024-03-17,0.06789690446191846
21,18.774102133565243,98.97559378912425,urban,2024-03-17,0.06793811336149852
22,18.75709067921216,98.97559378001435,urban,2024-03-17,0.06611817265285048
23,18.740078723392486,98.97559377995805,urban,2024-03-17,0.06559283286333527
24,18.723065253201693,98.97559377995931,urban,2024-03-17,0.06559283286334476
25,18.816623633573617,98.99115280259166,urban,2024-03-17,0.06605706789110435
26,18.799616630104307,98.99115281170437,urban,2024-03-17,0.06607654663434949
27,18.782607636523494,98.9911528025845,urban,2024-03-17,0.06645645399472276
28,18.765598139329224,98.99115280251972,urban,2024-03-17,0.06578898658577347
29,18.791111125802086,99.00671258026475,urban,2024-03-17,0.06584950536488866
30,18.774102141283294,99.00671259850732,urban,2024-03-17,0.06533677603047557
1,18.74007870120448,98.91335808785006,urban,2024-03-18,0.07544593561652603
2,18.76559811840203,98.92891589958906,urban,2024-03-18,0.08362663511324268
3,18.7485846663651,98.9289158995633,urban,2024-03-18,0.07728300040833629
4,18.731571228912202,98.92891589956444,urban,2024-03-18,0.07544673064139565
5,18.791111128265864,98.94447493992463,urban,2024-03-18,0.08362663536615478
6,18.77410214222722,98.94447494902433,urban,2024-03-18,0.08362663458549593
7,18.757090678745303,98.94447493990828,urban,2024-03-18,0.08285275840464353
8,18.74007871834797,98.94447493987954,urban,2024-03-18,0.07902901453150174
9,18.723065258432655,98.94447493075144,urban,2024-03-18,0.07736285099658984
10,18.83362866444315,98.96003473115987,urban,2024-03-18,0.0846312046050783
11,18.816623631248998,98.96003473117173,urban,2024-03-18,0.08438140874365839
12,18.799616617653914,98.96003474023692,urban,2024-03-18,0.0836266353726165
13,18.7826076136698,98.96003473112485,urban,2024-03-18,0.08362663537261703
14,18.76559810565482,98.96003473107459,urban,2024-03-18,0.08361088949045792
15,18.748584661185397,98.96003473109663,urban,2024-03-18,0.08099259434930364
16,18.731571231481407,98.96003473112006,urban,2024-03-18,0.08071447908876188
17,18.84213017229777,98.97559378002752,urban,2024-03-18,0.08463120460509374
18,18.82512516247161,98.9755937800094,urban,2024-03-18,0.08451012617634421
19,18.808118649028923,98.97559378000697,urban,2024-03-18,0.08370716166642031
20,18.791111130814,98.97559377086888,urban,2024-03-18,0.0836266353726381
21,18.774102133565243,98.97559378912425,urban,2024-03-18,0.08362652935891546
22,18.75709067921216,98.97559378001435,urban,2024-03-18,0.08174036674303842
23,18.740078723392486,98.97559377995805,urban,2024-03-18,0.08071447904562659
24,18.723065253201693,98.97559377995931,urban,2024-03-18,0.08048896144714189
25,18.816623633573617,98.99115280259166,urban,2024-03-18,0.08380971819389589
26,18.799616630104307,98.99115281170437,urban,2024-03-18,0.08362663537263662
27,18.782607636523494,98.9911528025845,urban,2024-03-18,0.08346329828166071
28,18.765598139329224,98.99115280251972,urban,2024-03-18,0.082119233273438
29,18.791111125802086,99.00671258026475,urban,2024-03-18,0.08352533207118526
30,18.774102141283294,99.00671259850732,urban,2024-03-18,0.08185848488125166
1,18.74007870120448,98.91335808785006,urban,2024-03-19,0.08491684496401537
2,18.76559811840203,98.92891589958906,urban,2024-03-19,0.08491684496406934
3,18.7485846663651,98.9289158995633,urban,2024-03-19,0.08491684496405817
4,18.731571228912202,98.92891589956444,urban,2024-03-19,0.0851363286210415
5,18.791111128265864,98.94447493992463,urban,2024-03-19,0.07434284561245477
6,18.77410214222722,98.94447494902433,urban,2024-03-19,0.08471278757752979
7,18.757090678745303,98.94447493990828,urban,2024-03-19,0.0849168449640131
8,18.74007871834797,98.94447493987954,urban,2024-03-19,0.08495004520819982
9,18.723065258432655,98.94447493075144,urban,2024-03-19,0.08624665949673986
10,18.83362866444315,98.96003473115987,urban,2024-03-19,0.0709709450602428
11,18.816623631248998,98.96003473117173,urban,2024-03-19,0.07097094506024153
12,18.799616617653914,98.96003474023692,urban,2024-03-19,0.07307262994446775
13,18.7826076136698,98.96003473112485,urban,2024-03-19,0.0844346399678904
14,18.76559810565482,98.96003473107459,urban,2024-03-19,0.0849168449640092
15,18.748584661185397,98.96003473109663,urban,2024-03-19,0.08493554579094523
16,18.731571231481407,98.96003473112006,urban,2024-03-19,0.08614446109582258
17,18.84213017229777,98.97559378002752,urban,2024-03-19,0.07097096545353833
18,18.82512516247161,98.9755937800094,urban,2024-03-19,0.07097094506026377
19,18.808118649028923,98.97559378000697,urban,2024-03-19,0.072717408005631
20,18.791111130814,98.97559377086888,urban,2024-03-19,0.08401394652673586
21,18.774102133565243,98.97559378912425,urban,2024-03-19,0.08491684496403447
22,18.75709067921216,98.97559378001435,urban,2024-03-19,0.08523631897328138
23,18.740078723392486,98.97559377995805,urban,2024-03-19,0.08600886423491932
24,18.723065253201693,98.97559377995931,urban,2024-03-19,0.0866628298190268
25,18.816623633573617,98.99115280259166,urban,2024-03-19,0.0722091635121827
26,18.799616630104307,98.99115281170437,urban,2024-03-19,0.0832447654148368
27,18.782607636523494,98.9911528025845,urban,2024-03-19,0.08491684496403208
28,18.765598139329224,98.99115280251972,urban,2024-03-19,0.08513294019979854
29,18.791111125802086,99.00671258026475,urban,2024-03-19,0.08491684496401296
30,18.774102141283294,99.00671259850732,urban,2024-03-19,0.08502012175338093
1,18.74007870120448,98.91335808785006,urban,2024-03-20,0.0625733004540096
2,18.76559811840203,98.92891589958906,urban,2024-03-20,0.06668537309869525
3,18.7485846663651,98.9289158995633,urban,2024-03-20,0.06482976450770309
4,18.731571228912202,98.92891589956444,urban,2024-03-20,0.06474677604656753
5,18.791111128265864,98.94447493992463,urban,2024-03-20,0.06816294044256092
6,18.77410214222722,98.94447494902433,urban,2024-03-20,0.06816294044256485
7,18.757090678745303,98.94447493990828,urban,2024-03-20,0.06538721777153826
8,18.74007871834797,98.94447493987954,urban,2024-03-20,0.06500231474638095
9,18.723065258432655,98.94447493075144,urban,2024-03-20,0.06500231474637934
10,18.83362866444315,98.96003473115987,urban,2024-03-20,0.06681225448846931
11,18.816623631248998,98.96003473117173,urban,2024-03-20,0.0669032114205552
12,18.799616617653914,98.96003474023692,urban,2024-03-20,0.0679921898052802
13,18.7826076136698,98.96003473112485,urban,2024-03-20,0.06816294044255913
14,18.76559810565482,98.96003473107459,urban,2024-03-20,0.06686092601217247
15,18.748584661185397,98.96003473109663,urban,2024-03-20,0.06500231474637878
16,18.731571231481407,98.96003473112006,urban,2024-03-20,0.06500231474637398
17,18.84213017229777,98.97559378002752,urban,2024-03-20,0.0668122544884711
18,18.82512516247161,98.9755937800094,urban,2024-03-20,0.06681225448848398
19,18.808118649028923,98.97559378000697,urban,2024-03-20,0.06747436409195048
20,18.791111130814,98.97559377086888,urban,2024-03-20,0.06816294044257755
21,18.774102133565243,98.97559378912425,urban,2024-03-20,0.06816294044256187
22,18.75709067921216,98.97559378001435,urban,2024-03-20,0.06537402396451723
23,18.740078723392486,98.97559377995805,urban,2024-03-20,0.06500231474638023
24,18.723065253201693,98.97559377995931,urban,2024-03-20,0.06500231474638506
25,18.816623633573617,98.99115280259166,urban,2024-03-20,0.06690335518590385
26,18.799616630104307,98.99115281170437,urban,2024-03-20,0.06799613949650736
27,18.782607636523494,98.9911528025845,urban,2024-03-20,0.06816294044256054
28,18.765598139329224,98.99115280251972,urban,2024-03-20,0.06685172295047775
29,18.791111125802086,99.00671258026475,urban,2024-03-20,0.06816294044254499
30,18.774102141283294,99.00671259850732,urban,2024-03-20,0.0681629404425534
1,18.74007870120448,98.91335808785006,urban,2024-03-21,0.059793227890335574
2,18.76559811840203,98.92891589958906,urban,2024-03-21,0.059033192694178865
3,18.7485846663651,98.9289158995633,urban,2024-03-21,0.059033192694188795
4,18.731571228912202,98.92891589956444,urban,2024-03-21,0.06171097838779689
5,18.791111128265864,98.94447493992463,urban,2024-03-21,0.05363566270177459
6,18.77410214222722,98.94447494902433,urban,2024-03-21,0.05887560321206808
7,18.757090678745303,98.94447493990828,urban,2024-03-21,0.05932470409595095
8,18.74007871834797,98.94447493987954,urban,2024-03-21,0.06008439479344847
9,18.723065258432655,98.94447493075144,urban,2024-03-21,0.06261326685289269
10,18.83362866444315,98.96003473115987,urban,2024-03-21,0.06471238539324287
11,18.816623631248998,98.96003473117173,urban,2024-03-21,0.06314000487327043
12,18.799616617653914,98.96003474023692,urban,2024-03-21,0.06299902221046191
13,18.7826076136698,98.96003473112485,urban,2024-03-21,0.06381057505188269
14,18.76559810565482,98.96003473107459,urban,2024-03-21,0.06410103338640694
15,18.748584661185397,98.96003473109663,urban,2024-03-21,0.0630410015181522
16,18.731571231481407,98.96003473112006,urban,2024-03-21,0.06426955463075658
17,18.84213017229777,98.97559378002752,urban,2024-03-21,0.06696755931129869
18,18.82512516247161,98.9755937800094,urban,2024-03-21,0.06320772194953939
19,18.808118649028923,98.97559378000697,urban,2024-03-21,0.06314016134228276
20,18.791111130814,98.97559377086888,urban,2024-03-21,0.06324937744748552
21,18.774102133565243,98.97559378912425,urban,2024-03-21,0.06549101485192557
22,18.75709067921216,98.97559378001435,urban,2024-03-21,0.06554339826107831
23,18.740078723392486,98.97559377995805,urban,2024-03-21,0.06622778567441348
24,18.723065253201693,98.97559377995931,urban,2024-03-21,0.06734761650707455
25,18.816623633573617,98.99115280259166,urban,2024-03-21,0.06314000487326984
26,18.799616630104307,98.99115281170437,urban,2024-03-21,0.06323346736578062
27,18.782607636523494,98.9911528025845,urban,2024-03-21,0.06460164293274762
28,18.765598139329224,98.99115280251972,urban,2024-03-21,0.06554339826105804
29,18.791111125802086,99.00671258026475,urban,2024-03-21,0.06353524024058006
30,18.774102141283294,99.00671259850732,urban,2024-03-21,0.0655433982610779
1,18.74007870120448,98.91335808785006,urban,2024-03-22,NA
2,18.76559811840203,98.92891589958906,urban,2024-03-22,NA
3,18.7485846663651,98.9289158995633,urban,2024-03-22,NA
4,18.731571228912202,98.92891589956444,urban,2024-03-22,NA
5,18.791111128265864,98.94447493992463,urban,2024-03-22,NA
6,18.77410214222722,98.94447494902433,urban,2024-03-22,NA
7,18.757090678745303,98.94447493990828,urban,2024-03-22,NA
8,18.74007871834797,98.94447493987954,urban,2024-03-22,NA
9,18.723065258432655,98.94447493075144,urban,2024-03-22,NA
10,18.83362866444315,98.96003473115987,urban,2024-03-22,NA
11,18.816623631248998,98.96003473117173,urban,2024-03-22,0.05693011315961298
12,18.799616617653914,98.96003474023692,urban,2024-03-22,NA
13,18.7826076136698,98.96003473112485,urban,2024-03-22,NA
14,18.76559810565482,98.96003473107459,urban,2024-03-22,NA
15,18.748584661185397,98.96003473109663,urban,2024-03-22,NA
16,18.731571231481407,98.96003473112006,urban,2024-03-22,NA
17,18.84213017229777,98.97559378002752,urban,2024-03-22,NA
18,18.82512516247161,98.9755937800094,urban,2024-03-22,0.0569301138401937
19,18.808118649028923,98.97559378000697,urban,2024-03-22,0.056930113410898445
20,18.791111130814,98.97559377086888,urban,2024-03-22,0.0569301123933861
21,18.774102133565243,98.97559378912425,urban,2024-03-22,0.05692321610222427
22,18.75709067921216,98.97559378001435,urban,2024-03-22,0.053706893474733064
23,18.740078723392486,98.97559377995805,urban,2024-03-22,0.05370689555211587
24,18.723065253201693,98.97559377995931,urban,2024-03-22,0.05647582769683994
25,18.816623633573617,98.99115280259166,urban,2024-03-22,0.056930114441014604
26,18.799616630104307,98.99115281170437,urban,2024-03-22,0.05693011348049635
27,18.782607636523494,98.9911528025845,urban,2024-03-22,0.05686947251108724
28,18.765598139329224,98.99115280251972,urban,2024-03-22,0.05466697902922315
29,18.791111125802086,99.00671258026475,urban,2024-03-22,0.05693011358380161
30,18.774102141283294,99.00671259850732,urban,2024-03-22,0.05556629923915649
1,18.74007870120448,98.91335808785006,urban,2024-03-23,NA
2,18.76559811840203,98.92891589958906,urban,2024-03-23,NA
3,18.7485846663651,98.9289158995633,urban,2024-03-23,NA
4,18.731571228912202,98.92891589956444,urban,2024-03-23,NA
5,18.791111128265864,98.94447493992463,urban,2024-03-23,NA
6,18.77410214222722,98.94447494902433,urban,2024-03-23,NA
7,18.757090678745303,98.94447493990828,urban,2024-03-23,NA
8,18.74007871834797,98.94447493987954,urban,2024-03-23,NA
9,18.723065258432655,98.94447493075144,urban,2024-03-23,NA
10,18.83362866444315,98.96003473115987,urban,2024-03-23,NA
11,18.816623631248998,98.96003473117173,urban,2024-03-23,NA
12,18.799616617653914,98.96003474023692,urban,2024-03-23,NA
13,18.7826076136698,98.96003473112485,urban,2024-03-23,NA
14,18.76559810565482,98.96003473107459,urban,2024-03-23,NA
15,18.748584661185397,98.96003473109663,urban,2024-03-23,NA
16,18.731571231481407,98.96003473112006,urban,2024-03-23,NA
17,18.84213017229777,98.97559378002752,urban,2024-03-23,NA
18,18.82512516247161,98.9755937800094,urban,2024-03-23,NA
19,18.808118649028923,98.97559378000697,urban,2024-03-23,NA
20,18.791111130814,98.97559377086888,urban,2024-03-23,NA
21,18.774102133565243,98.97559378912425,urban,2024-03-23,NA
22,18.75709067921216,98.97559378001435,urban,2024-03-23,NA
23,18.740078723392486,98.97559377995805,urban,2024-03-23,NA
24,18.723065253201693,98.97559377995931,urban,2024-03-23,NA
25,18.816623633573617,98.99115280259166,urban,2024-03-23,NA
26,18.799616630104307,98.99115281170437,urban,2024-03-23,NA
27,18.782607636523494,98.9911528025845,urban,2024-03-23,NA
28,18.765598139329224,98.99115280251972,urban,2024-03-23,NA
29,18.791111125802086,99.00671258026475,urban,2024-03-23,NA
30,18.774102141283294,99.00671259850732,urban,2024-03-23,NA
1,18.74007870120448,98.91335808785006,urban,2024-03-24,NA
2,18.76559811840203,98.92891589958906,urban,2024-03-24,NA
3,18.7485846663651,98.9289158995633,urban,2024-03-24,NA
4,18.731571228912202,98.92891589956444,urban,2024-03-24,NA
5,18.791111128265864,98.94447493992463,urban,2024-03-24,NA
6,18.77410214222722,98.94447494902433,urban,2024-03-24,NA
7,18.757090678745303,98.94447493990828,urban,2024-03-24,NA
8,18.74007871834797,98.94447493987954,urban,2024-03-24,NA
9,18.723065258432655,98.94447493075144,urban,2024-03-24,NA
10,18.83362866444315,98.96003473115987,urban,2024-03-24,NA
11,18.816623631248998,98.96003473117173,urban,2024-03-24,NA
12,18.799616617653914,98.96003474023692,urban,2024-03-24,NA
13,18.7826076136698,98.96003473112485,urban,2024-03-24,NA
14,18.76559810565482,98.96003473107459,urban,2024-03-24,NA
15,18.748584661185397,98.96003473109663,urban,2024-03-24,NA
16,18.731571231481407,98.96003473112006,urban,2024-03-24,NA
17,18.84213017229777,98.97559378002752,urban,2024-03-24,NA
18,18.82512516247161,98.9755937800094,urban,2024-03-24,NA
19,18.808118649028923,98.97559378000697,urban,2024-03-24,NA
20,18.791111130814,98.97559377086888,urban,2024-03-24,NA
21,18.774102133565243,98.97559378912425,urban,2024-03-24,NA
22,18.75709067921216,98.97559378001435,urban,2024-03-24,NA
23,18.740078723392486,98.97559377995805,urban,2024-03-24,NA
24,18.723065253201693,98.97559377995931,urban,2024-03-24,NA
25,18.816623633573617,98.99115280259166,urban,2024-03-24,NA
26,18.799616630104307,98.99115281170437,urban,2024-03-24,NA
27,18.782607636523494,98.9911528025845,urban,2024-03-24,NA
28,18.765598139329224,98.99115280251972,urban,2024-03-24,NA
29,18.791111125802086,99.00671258026475,urban,2024-03-24,NA
30,18.774102141283294,99.00671259850732,urban,2024-03-24,NA
1,18.74007870120448,98.91335808785006,urban,2024-03-25,0.04834379396357482
2,18.76559811840203,98.92891589958906,urban,2024-03-25,0.04750237760802217
3,18.7485846663651,98.9289158995633,urban,2024-03-25,0.04770413366710878
4,18.731571228912202,98.92891589956444,urban,2024-03-25,0.04752558359541503
5,18.791111128265864,98.94447493992463,urban,2024-03-25,0.04478530724285172
6,18.77410214222722,98.94447494902433,urban,2024-03-25,0.04483424881368887
7,18.757090678745303,98.94447493990828,urban,2024-03-25,0.045029415780247856
8,18.74007871834797,98.94447493987954,urban,2024-03-25,0.04524870761186352
9,18.723065258432655,98.94447493075144,urban,2024-03-25,0.045520185305940104
10,18.83362866444315,98.96003473115987,urban,2024-03-25,NA
11,18.816623631248998,98.96003473117173,urban,2024-03-25,NA
12,18.799616617653914,98.96003474023692,urban,2024-03-25,0.04478529680610076
13,18.7826076136698,98.96003473112485,urban,2024-03-25,0.04478529772722093
14,18.76559810565482,98.96003473107459,urban,2024-03-25,0.0447852984070831
15,18.748584661185397,98.96003473109663,urban,2024-03-25,0.04478529840708246
16,18.731571231481407,98.96003473112006,urban,2024-03-25,0.04494838106145443
17,18.84213017229777,98.97559378002752,urban,2024-03-25,NA
18,18.82512516247161,98.9755937800094,urban,2024-03-25,NA
19,18.808118649028923,98.97559378000697,urban,2024-03-25,NA
20,18.791111130814,98.97559377086888,urban,2024-03-25,0.044785298046405984
21,18.774102133565243,98.97559378912425,urban,2024-03-25,0.04478529840708293
22,18.75709067921216,98.97559378001435,urban,2024-03-25,0.04478529840708881
23,18.740078723392486,98.97559377995805,urban,2024-03-25,0.0448265016061056
24,18.723065253201693,98.97559377995931,urban,2024-03-25,0.045039251773753786
25,18.816623633573617,98.99115280259166,urban,2024-03-25,NA
26,18.799616630104307,98.99115281170437,urban,2024-03-25,0.044785297877950256
27,18.782607636523494,98.9911528025845,urban,2024-03-25,0.044785298289795
28,18.765598139329224,98.99115280251972,urban,2024-03-25,0.0447852984070723
29,18.791111125802086,99.00671258026475,urban,2024-03-25,0.04478529848268411
30,18.774102141283294,99.00671259850732,urban,2024-03-25,0.04478529840708876
1,18.74007870120448,98.91335808785006,urban,2024-03-26,0.056026168988759395
2,18.76559811840203,98.92891589958906,urban,2024-03-26,0.05669291317464025
3,18.7485846663651,98.9289158995633,urban,2024-03-26,0.056677003667001485
4,18.731571228912202,98.92891589956444,urban,2024-03-26,0.05656432587263099
5,18.791111128265864,98.94447493992463,urban,2024-03-26,0.054006153131249617
6,18.77410214222722,98.94447494902433,urban,2024-03-26,0.05669291317462266
7,18.757090678745303,98.94447493990828,urban,2024-03-26,0.05669291317462307
8,18.74007871834797,98.94447493987954,urban,2024-03-26,0.056616475463332525
9,18.723065258432655,98.94447493075144,urban,2024-03-26,0.0565607361495428
10,18.83362866444315,98.96003473115987,urban,2024-03-26,0.053580934502825306
11,18.816623631248998,98.96003473117173,urban,2024-03-26,0.05329271778464776
12,18.799616617653914,98.96003474023692,urban,2024-03-26,0.0533511476019985
13,18.7826076136698,98.96003473112485,urban,2024-03-26,0.05576763306673937
14,18.76559810565482,98.96003473107459,urban,2024-03-26,0.05669291317463745
15,18.748584661185397,98.96003473109663,urban,2024-03-26,0.056669197160692436
16,18.731571231481407,98.96003473112006,urban,2024-03-26,0.056564459331414345
17,18.84213017229777,98.97559378002752,urban,2024-03-26,0.05439617837857486
18,18.82512516247161,98.9755937800094,urban,2024-03-26,0.05329271778466043
19,18.808118649028923,98.97559378000697,urban,2024-03-26,0.05329271778464189
20,18.791111130814,98.97559377086888,urban,2024-03-26,0.05419788832704548
21,18.774102133565243,98.97559378912425,urban,2024-03-26,0.05669291317463831
22,18.75709067921216,98.97559378001435,urban,2024-03-26,0.05669291317463495
23,18.740078723392486,98.97559377995805,urban,2024-03-26,0.056609232333900014
24,18.723065253201693,98.97559377995931,urban,2024-03-26,0.056560736149563196
25,18.816623633573617,98.99115280259166,urban,2024-03-26,0.05329271778463354
26,18.799616630104307,98.99115281170437,urban,2024-03-26,0.05336806723075871
27,18.782607636523494,98.9911528025845,urban,2024-03-26,0.0559086595855796
28,18.765598139329224,98.99115280251972,urban,2024-03-26,0.0566929131746234
29,18.791111125802086,99.00671258026475,urban,2024-03-26,0.054459962460597915
30,18.774102141283294,99.00671259850732,urban,2024-03-26,0.0566929131746222
1,18.74007870120448,98.91335808785006,urban,2024-03-27,0.05690715406620177
2,18.76559811840203,98.92891589958906,urban,2024-03-27,NA
3,18.7485846663651,98.9289158995633,urban,2024-03-27,0.05693685501596875
4,18.731571228912202,98.92891589956444,urban,2024-03-27,0.056909032905241505
5,18.791111128265864,98.94447493992463,urban,2024-03-27,NA
6,18.77410214222722,98.94447494902433,urban,2024-03-27,NA
7,18.757090678745303,98.94447493990828,urban,2024-03-27,NA
8,18.74007871834797,98.94447493987954,urban,2024-03-27,0.05721142834240613
9,18.723065258432655,98.94447493075144,urban,2024-03-27,0.05717866943178062
10,18.83362866444315,98.96003473115987,urban,2024-03-27,NA
11,18.816623631248998,98.96003473117173,urban,2024-03-27,NA
12,18.799616617653914,98.96003474023692,urban,2024-03-27,NA
13,18.7826076136698,98.96003473112485,urban,2024-03-27,NA
14,18.76559810565482,98.96003473107459,urban,2024-03-27,NA
15,18.748584661185397,98.96003473109663,urban,2024-03-27,0.057315464050457406
16,18.731571231481407,98.96003473112006,urban,2024-03-27,0.057315465015326125
17,18.84213017229777,98.97559378002752,urban,2024-03-27,NA
18,18.82512516247161,98.9755937800094,urban,2024-03-27,NA
19,18.808118649028923,98.97559378000697,urban,2024-03-27,NA
20,18.791111130814,98.97559377086888,urban,2024-03-27,NA
21,18.774102133565243,98.97559378912425,urban,2024-03-27,NA
22,18.75709067921216,98.97559378001435,urban,2024-03-27,NA
23,18.740078723392486,98.97559377995805,urban,2024-03-27,0.05731546451530904
24,18.723065253201693,98.97559377995931,urban,2024-03-27,0.05731546506284533
25,18.816623633573617,98.99115280259166,urban,2024-03-27,NA
26,18.799616630104307,98.99115281170437,urban,2024-03-27,NA
27,18.782607636523494,98.9911528025845,urban,2024-03-27,NA
28,18.765598139329224,98.99115280251972,urban,2024-03-27,NA
29,18.791111125802086,99.00671258026475,urban,2024-03-27,NA
30,18.774102141283294,99.00671259850732,urban,2024-03-27,NA
1,18.74007870120448,98.91335808785006,urban,2024-03-28,NA
2,18.76559811840203,98.92891589958906,urban,2024-03-28,0.0524915891627653
3,18.7485846663651,98.9289158995633,urban,2024-03-28,NA
4,18.731571228912202,98.92891589956444,urban,2024-03-28,NA
5,18.791111128265864,98.94447493992463,urban,2024-03-28,0.056052107180066466
6,18.77410214222722,98.94447494902433,urban,2024-03-28,0.05347729816084478
7,18.757090678745303,98.94447493990828,urban,2024-03-28,0.052491590550437624
8,18.74007871834797,98.94447493987954,urban,2024-03-28,0.052391155981842956
9,18.723065258432655,98.94447493075144,urban,2024-03-28,0.05192233507690306
10,18.83362866444315,98.96003473115987,urban,2024-03-28,0.05611867857890994
11,18.816623631248998,98.96003473117173,urban,2024-03-28,0.05611867830156048
12,18.799616617653914,98.96003474023692,urban,2024-03-28,0.05611625197462796
13,18.7826076136698,98.96003473112485,urban,2024-03-28,0.05425892848238764
14,18.76559810565482,98.96003473107459,urban,2024-03-28,0.05249159038067459
15,18.748584661185397,98.96003473109663,urban,2024-03-28,0.05249099908588476
16,18.731571231481407,98.96003473112006,urban,2024-03-28,0.05184052695039631
17,18.84213017229777,98.97559378002752,urban,2024-03-28,0.05611867813717246
18,18.82512516247161,98.9755937800094,urban,2024-03-28,0.05611867830160245
19,18.808118649028923,98.97559378000697,urban,2024-03-28,0.056118678301618284
20,18.791111130814,98.97559377086888,urban,2024-03-28,0.05543611278976351
21,18.774102133565243,98.97559378912425,urban,2024-03-28,0.05249302438573766
22,18.75709067921216,98.97559378001435,urban,2024-03-28,0.05249159038064539
23,18.740078723392486,98.97559377995805,urban,2024-03-28,0.0520576537445948
24,18.723065253201693,98.97559377995931,urban,2024-03-28,0.05140136644799118
25,18.816623633573617,98.99115280259166,urban,2024-03-28,0.05629487051071684
26,18.799616630104307,98.99115281170437,urban,2024-03-28,0.0560107759395231
27,18.782607636523494,98.9911528025845,urban,2024-03-28,0.053113376827962064
28,18.765598139329224,98.99115280251972,urban,2024-03-28,0.05249159038066008
29,18.791111125802086,99.00671258026475,urban,2024-03-28,0.0570982640470654
30,18.774102141283294,99.00671259850732,urban,2024-03-28,0.05379191396898839
1,18.74007870120448,98.91335808785006,urban,2024-03-29,0.0533973795739969
2,18.76559811840203,98.92891589958906,urban,2024-03-29,0.05339737981557847
3,18.7485846663651,98.9289158995633,urban,2024-03-29,0.0533973792805808
4,18.731571228912202,98.92891589956444,urban,2024-03-29,0.053397379231548185
5,18.791111128265864,98.94447493992463,urban,2024-03-29,0.053397379815583554
6,18.77410214222722,98.94447494902433,urban,2024-03-29,0.05339737981559057
7,18.757090678745303,98.94447493990828,urban,2024-03-29,0.053397379273446906
8,18.74007871834797,98.94447493987954,urban,2024-03-29,0.053397379488919115
9,18.723065258432655,98.94447493075144,urban,2024-03-29,NA
10,18.83362866444315,98.96003473115987,urban,2024-03-29,0.05260182172058649
11,18.816623631248998,98.96003473117173,urban,2024-03-29,0.05281095126109769
12,18.799616617653914,98.96003474023692,urban,2024-03-29,0.053389801131672944
13,18.7826076136698,98.96003473112485,urban,2024-03-29,0.053397379815563396
14,18.76559810565482,98.96003473107459,urban,2024-03-29,0.05339737960565395
15,18.748584661185397,98.96003473109663,urban,2024-03-29,0.05339738053243035
16,18.731571231481407,98.96003473112006,urban,2024-03-29,NA
17,18.84213017229777,98.97559378002752,urban,2024-03-29,0.05260182193895305
18,18.82512516247161,98.9755937800094,urban,2024-03-29,0.0527539091718917
19,18.808118649028923,98.97559378000697,urban,2024-03-29,0.05336748070546603
20,18.791111130814,98.97559377086888,urban,2024-03-29,0.053397379816021696
21,18.774102133565243,98.97559378912425,urban,2024-03-29,0.053397379817687836
22,18.75709067921216,98.97559378001435,urban,2024-03-29,0.05339738021951158
23,18.740078723392486,98.97559377995805,urban,2024-03-29,NA
24,18.723065253201693,98.97559377995931,urban,2024-03-29,0.05425715561244637
25,18.816623633573617,98.99115280259166,urban,2024-03-29,0.05337647972185281
26,18.799616630104307,98.99115281170437,urban,2024-03-29,0.05339737940752307
27,18.782607636523494,98.9911528025845,urban,2024-03-29,0.05339737950838794
28,18.765598139329224,98.99115280251972,urban,2024-03-29,0.053397379187222434
29,18.791111125802086,99.00671258026475,urban,2024-03-29,0.05339737833526065
30,18.774102141283294,99.00671259850732,urban,2024-03-29,0.053397377821657786
1,18.74007870120448,98.91335808785006,urban,2024-03-30,0.07192580401897603
2,18.76559811840203,98.92891589958906,urban,2024-03-30,0.07194567545970021
3,18.7485846663651,98.9289158995633,urban,2024-03-30,0.0719258040189656
4,18.731571228912202,98.92891589956444,urban,2024-03-30,0.07109042057732111
5,18.791111128265864,98.94447493992463,urban,2024-03-30,0.07280680982692905
6,18.77410214222722,98.94447494902433,urban,2024-03-30,0.07192580401898775
7,18.757090678745303,98.94447493990828,urban,2024-03-30,0.0719258040189768
8,18.74007871834797,98.94447493987954,urban,2024-03-30,0.07126073288775264
9,18.723065258432655,98.94447493075144,urban,2024-03-30,0.06971351458234336
10,18.83362866444315,98.96003473115987,urban,2024-03-30,0.07493373751640867
11,18.816623631248998,98.96003473117173,urban,2024-03-30,0.07488799940437857
12,18.799616617653914,98.96003474023692,urban,2024-03-30,0.07303094016258566
13,18.7826076136698,98.96003473112485,urban,2024-03-30,0.07192580401898617
14,18.76559810565482,98.96003473107459,urban,2024-03-30,0.07192580401898899
15,18.748584661185397,98.96003473109663,urban,2024-03-30,0.07139758498047533
16,18.731571231481407,98.96003473112006,urban,2024-03-30,0.06970341823654048
17,18.84213017229777,98.97559378002752,urban,2024-03-30,0.07500677787126571
18,18.82512516247161,98.9755937800094,urban,2024-03-30,0.07493373751641734
19,18.808118649028923,98.97559378000697,urban,2024-03-30,0.07382728401328455
20,18.791111130814,98.97559377086888,urban,2024-03-30,0.07192580363077129
21,18.774102133565243,98.97559378912425,urban,2024-03-30,0.07192580401897243
22,18.75709067921216,98.97559378001435,urban,2024-03-30,0.07184073212691905
23,18.740078723392486,98.97559377995805,urban,2024-03-30,0.06995703075627734
24,18.723065253201693,98.97559377995931,urban,2024-03-30,0.06965353339911405
25,18.816623633573617,98.99115280259166,urban,2024-03-30,0.07407385022999312
26,18.799616630104307,98.99115281170437,urban,2024-03-30,0.07195716708704812
27,18.782607636523494,98.9911528025845,urban,2024-03-30,0.07192580401897193
28,18.765598139329224,98.99115280251972,urban,2024-03-30,0.0718774327559385
29,18.791111125802086,99.00671258026475,urban,2024-03-30,0.07192580401898273
30,18.774102141283294,99.00671259850732,urban,2024-03-30,0.07189332665158243
1,18.74007870120448,98.91335808785006,urban,2024-03-31,0.06361046433447701
2,18.76559811840203,98.92891589958906,urban,2024-03-31,0.06361046110052923
3,18.7485846663651,98.9289158995633,urban,2024-03-31,0.06361046433445273
4,18.731571228912202,98.92891589956444,urban,2024-03-31,0.06361046433444631
5,18.791111128265864,98.94447493992463,urban,2024-03-31,NA
6,18.77410214222722,98.94447494902433,urban,2024-03-31,NA
7,18.757090678745303,98.94447493990828,urban,2024-03-31,0.063610464131253
8,18.74007871834797,98.94447493987954,urban,2024-03-31,0.06361046433450826
9,18.723065258432655,98.94447493075144,urban,2024-03-31,0.063583671709248
10,18.83362866444315,98.96003473115987,urban,2024-03-31,0.05653260923161084
11,18.816623631248998,98.96003473117173,urban,2024-03-31,0.056532608257732965
12,18.799616617653914,98.96003474023692,urban,2024-03-31,NA
13,18.7826076136698,98.96003473112485,urban,2024-03-31,NA
14,18.76559810565482,98.96003473107459,urban,2024-03-31,0.06361046523734754
15,18.748584661185397,98.96003473109663,urban,2024-03-31,0.06361046386676432
16,18.731571231481407,98.96003473112006,urban,2024-03-31,0.06361046446312368
17,18.84213017229777,98.97559378002752,urban,2024-03-31,NA
18,18.82512516247161,98.9755937800094,urban,2024-03-31,NA
19,18.808118649028923,98.97559378000697,urban,2024-03-31,NA
20,18.791111130814,98.97559377086888,urban,2024-03-31,NA
21,18.774102133565243,98.97559378912425,urban,2024-03-31,NA
22,18.75709067921216,98.97559378001435,urban,2024-03-31,0.06361046340189919
23,18.740078723392486,98.97559377995805,urban,2024-03-31,0.06361046577342146
24,18.723065253201693,98.97559377995931,urban,2024-03-31,0.0635740090869281
25,18.816623633573617,98.99115280259166,urban,2024-03-31,NA
26,18.799616630104307,98.99115281170437,urban,2024-03-31,NA
27,18.782607636523494,98.9911528025845,urban,2024-03-31,NA
28,18.765598139329224,98.99115280251972,urban,2024-03-31,NA
29,18.791111125802086,99.00671258026475,urban,2024-03-31,NA
30,18.774102141283294,99.00671259850732,urban,2024-03-31,NA
1,18.74007870120448,98.91335808785006,urban,2024-04-01,0.07010002434254177
2,18.76559811840203,98.92891589958906,urban,2024-04-01,0.07013804006582268
3,18.7485846663651,98.9289158995633,urban,2024-04-01,0.0701000243425548
4,18.731571228912202,98.92891589956444,urban,2024-04-01,0.06935423852864538
5,18.791111128265864,98.94447493992463,urban,2024-04-01,0.0791623341622099
6,18.77410214222722,98.94447494902433,urban,2024-04-01,0.07258892624987129
7,18.757090678745303,98.94447493990828,urban,2024-04-01,0.07147814741941182
8,18.74007871834797,98.94447493987954,urban,2024-04-01,0.07122930675612416
9,18.723065258432655,98.94447493075144,urban,2024-04-01,0.06754003419319499
10,18.83362866444315,98.96003473115987,urban,2024-04-01,0.07951988166080826
11,18.816623631248998,98.96003473117173,urban,2024-04-01,0.08089082945998234
12,18.799616617653914,98.96003474023692,urban,2024-04-01,0.08095847070216641
13,18.7826076136698,98.96003473112485,urban,2024-04-01,0.07667075825377954
14,18.76559810565482,98.96003473107459,urban,2024-04-01,0.0722586587071393
15,18.748584661185397,98.96003473109663,urban,2024-04-01,0.07225865870716588
16,18.731571231481407,98.96003473112006,urban,2024-04-01,0.07063839917124366
17,18.84213017229777,98.97559378002752,urban,2024-04-01,0.0793182137953437
18,18.82512516247161,98.9755937800094,urban,2024-04-01,0.08054899983193216
19,18.808118649028923,98.97559378000697,urban,2024-04-01,0.08095847070217203
20,18.791111130814,98.97559377086888,urban,2024-04-01,0.08051542820264806
21,18.774102133565243,98.97559378912425,urban,2024-04-01,0.07243183218927432
22,18.75709067921216,98.97559378001435,urban,2024-04-01,0.07225865870715222
23,18.740078723392486,98.97559377995805,urban,2024-04-01,0.07225379655686263
24,18.723065253201693,98.97559377995931,urban,2024-04-01,0.06748976598625553
25,18.816623633573617,98.99115280259166,urban,2024-04-01,0.08095847071762532
26,18.799616630104307,98.99115281170437,urban,2024-04-01,0.08089859731752486
27,18.782607636523494,98.9911528025845,urban,2024-04-01,0.0753922026585858
28,18.765598139329224,98.99115280251972,urban,2024-04-01,0.07225865870713494
29,18.791111125802086,99.00671258026475,urban,2024-04-01,0.07901181107074666
30,18.774102141283294,99.00671259850732,urban,2024-04-01,0.07225865870715109
1,18.74007870120448,98.91335808785006,urban,2024-04-02,0.06105537742235577
2,18.76559811840203,98.92891589958906,urban,2024-04-02,0.06064222167775794
3,18.7485846663651,98.9289158995633,urban,2024-04-02,0.060964721156741154
4,18.731571228912202,98.92891589956444,urban,2024-04-02,0.06101965457838122
5,18.791111128265864,98.94447493992463,urban,2024-04-02,0.06366705149410655
6,18.77410214222722,98.94447494902433,urban,2024-04-02,0.06366705149411037
7,18.757090678745303,98.94447493990828,urban,2024-04-02,0.06133778349398726
8,18.74007871834797,98.94447493987954,urban,2024-04-02,0.06077086007409539
9,18.723065258432655,98.94447493075144,urban,2024-04-02,0.06078832095660745
10,18.83362866444315,98.96003473115987,urban,2024-04-02,0.06677736340120342
11,18.816623631248998,98.96003473117173,urban,2024-04-02,0.0658975566982122
12,18.799616617653914,98.96003474023692,urban,2024-04-02,0.06366845045736111
13,18.7826076136698,98.96003473112485,urban,2024-04-02,0.06365924094412159
14,18.76559810565482,98.96003473107459,urban,2024-04-02,0.06209383616523277
15,18.748584661185397,98.96003473109663,urban,2024-04-02,0.060736190527667225
16,18.731571231481407,98.96003473112006,urban,2024-04-02,0.060736190527669265
17,18.84213017229777,98.97559378002752,urban,2024-04-02,0.06849833167568968
18,18.82512516247161,98.9755937800094,urban,2024-04-02,0.06660147331440919
19,18.808118649028923,98.97559378000697,urban,2024-04-02,0.06496630208792525
20,18.791111130814,98.97559377086888,urban,2024-04-02,0.06379555257274071
21,18.774102133565243,98.97559378912425,urban,2024-04-02,0.06297521391709276
22,18.75709067921216,98.97559378001435,urban,2024-04-02,0.060736568348975
23,18.740078723392486,98.97559377995805,urban,2024-04-02,0.060736190527700476
24,18.723065253201693,98.97559377995931,urban,2024-04-02,0.06066819717930842
25,18.816623633573617,98.99115280259166,urban,2024-04-02,0.06853173180366352
26,18.799616630104307,98.99115281170437,urban,2024-04-02,0.06816155430311993
27,18.782607636523494,98.9911528025845,urban,2024-04-02,0.06710118032289775
28,18.765598139329224,98.99115280251972,urban,2024-04-02,0.06187670807552256
29,18.791111125802086,99.00671258026475,urban,2024-04-02,0.0686936489882697
30,18.774102141283294,99.00671259850732,urban,2024-04-02,0.0651803128255958
1,18.74007870120448,98.91335808785006,urban,2024-04-03,0.07625996367552594
2,18.76559811840203,98.92891589958906,urban,2024-04-03,0.0770722553133871
3,18.7485846663651,98.9289158995633,urban,2024-04-03,0.07685817355050965
4,18.731571228912202,98.92891589956444,urban,2024-04-03,0.07008263784458735
5,18.791111128265864,98.94447493992463,urban,2024-04-03,0.07707225468800478
6,18.77410214222722,98.94447494902433,urban,2024-04-03,0.07707225531342206
7,18.757090678745303,98.94447493990828,urban,2024-04-03,0.07707225531342754
8,18.74007871834797,98.94447493987954,urban,2024-04-03,0.07273450457978373
9,18.723065258432655,98.94447493075144,urban,2024-04-03,0.0689138248727054
10,18.83362866444315,98.96003473115987,urban,2024-04-03,NA
11,18.816623631248998,98.96003473117173,urban,2024-04-03,0.07707225490082738
12,18.799616617653914,98.96003474023692,urban,2024-04-03,0.07707225498369624
13,18.7826076136698,98.96003473112485,urban,2024-04-03,0.07707225529070483
14,18.76559810565482,98.96003473107459,urban,2024-04-03,0.07707225531338825
15,18.748584661185397,98.96003473109663,urban,2024-04-03,0.07411227101979119
16,18.731571231481407,98.96003473112006,urban,2024-04-03,0.0689974572988059
17,18.84213017229777,98.97559378002752,urban,2024-04-03,NA
18,18.82512516247161,98.9755937800094,urban,2024-04-03,NA
19,18.808118649028923,98.97559378000697,urban,2024-04-03,0.07707225777357435
20,18.791111130814,98.97559377086888,urban,2024-04-03,0.07707225446665766
21,18.774102133565243,98.97559378912425,urban,2024-04-03,0.07707225432733407
22,18.75709067921216,98.97559378001435,urban,2024-04-03,0.07535661101020553
23,18.740078723392486,98.97559377995805,urban,2024-04-03,0.06913100687622185
24,18.723065253201693,98.97559377995931,urban,2024-04-03,0.06891382486080536
25,18.816623633573617,98.99115280259166,urban,2024-04-03,NA
26,18.799616630104307,98.99115281170437,urban,2024-04-03,NA
27,18.782607636523494,98.9911528025845,urban,2024-04-03,0.07707225355752807
28,18.765598139329224,98.99115280251972,urban,2024-04-03,0.07707225409051659
29,18.791111125802086,99.00671258026475,urban,2024-04-03,NA
30,18.774102141283294,99.00671259850732,urban,2024-04-03,NA
1,18.74007870120448,98.91335808785006,urban,2024-04-04,0.06944890296522266
2,18.76559811840203,98.92891589958906,urban,2024-04-04,0.07083082199099026
3,18.7485846663651,98.9289158995633,urban,2024-04-04,0.06959286504413954
4,18.731571228912202,98.92891589956444,urban,2024-04-04,0.06770960473668039
5,18.791111128265864,98.94447493992463,urban,2024-04-04,0.0708308216932212
6,18.77410214222722,98.94447494902433,urban,2024-04-04,0.07083082199097247
7,18.757090678745303,98.94447493990828,urban,2024-04-04,0.06989623706725831
8,18.74007871834797,98.94447493987954,urban,2024-04-04,0.06773559217486447
9,18.723065258432655,98.94447493075144,urban,2024-04-04,0.06768184155225998
10,18.83362866444315,98.96003473115987,urban,2024-04-04,0.07083082362446586
11,18.816623631248998,98.96003473117173,urban,2024-04-04,0.07083082296460243
12,18.799616617653914,98.96003474023692,urban,2024-04-04,0.0708308223273585
13,18.7826076136698,98.96003473112485,urban,2024-04-04,0.07083082199094984
14,18.76559810565482,98.96003473107459,urban,2024-04-04,0.0701242766107316
15,18.748584661185397,98.96003473109663,urban,2024-04-04,0.06769060020963295
16,18.731571231481407,98.96003473112006,urban,2024-04-04,0.06768184155224725
17,18.84213017229777,98.97559378002752,urban,2024-04-04,0.07083082034259244
18,18.82512516247161,98.9755937800094,urban,2024-04-04,0.07083082290612117
19,18.808118649028923,98.97559378000697,urban,2024-04-04,0.07083082204135498
20,18.791111130814,98.97559377086888,urban,2024-04-04,0.07083082199097827
21,18.774102133565243,98.97559378912425,urban,2024-04-04,0.07038803684215181
22,18.75709067921216,98.97559378001435,urban,2024-04-04,0.06774028592023579
23,18.740078723392486,98.97559377995805,urban,2024-04-04,0.06768184155225455
24,18.723065253201693,98.97559377995931,urban,2024-04-04,0.06766904045445152
25,18.816623633573617,98.99115280259166,urban,2024-04-04,0.07083082238788117
26,18.799616630104307,98.99115281170437,urban,2024-04-04,0.0708308219909508
27,18.782607636523494,98.9911528025845,urban,2024-04-04,0.07073838951794442
28,18.765598139329224,98.99115280251972,urban,2024-04-04,0.06825419046540333
29,18.791111125802086,99.00671258026475,urban,2024-04-04,0.07077917146156854
30,18.774102141283294,99.00671259850732,urban,2024-04-04,0.0686375796440492
1,18.74007870120448,98.91335808785006,urban,2024-04-05,0.08286478370425687
2,18.76559811840203,98.92891589958906,urban,2024-04-05,0.08154279616374388
3,18.7485846663651,98.9289158995633,urban,2024-04-05,0.08286478370431705
4,18.731571228912202,98.92891589956444,urban,2024-04-05,0.0828647837042995
5,18.791111128265864,98.94447493992463,urban,2024-04-05,0.0814496856746596
6,18.77410214222722,98.94447494902433,urban,2024-04-05,0.08146878331898363
7,18.757090678745303,98.94447493990828,urban,2024-04-05,0.0821984620603851
8,18.74007871834797,98.94447493987954,urban,2024-04-05,0.08286478370426668
9,18.723065258432655,98.94447493075144,urban,2024-04-05,0.08286478370426242
10,18.83362866444315,98.96003473115987,urban,2024-04-05,0.07556835561989472
11,18.816623631248998,98.96003473117173,urban,2024-04-05,0.07617670202875525
12,18.799616617653914,98.96003474023692,urban,2024-04-05,0.0814413093018666
13,18.7826076136698,98.96003473112485,urban,2024-04-05,0.08146878331898351
14,18.76559810565482,98.96003473107459,urban,2024-04-05,0.08154865208389467
15,18.748584661185397,98.96003473109663,urban,2024-04-05,0.08286478370427214
16,18.731571231481407,98.96003473112006,urban,2024-04-05,0.08286478370426763
17,18.84213017229777,98.97559378002752,urban,2024-04-05,0.07565326271705923
18,18.82512516247161,98.9755937800094,urban,2024-04-05,0.07556835549871782
19,18.808118649028923,98.97559378000697,urban,2024-04-05,0.07968207439553075
20,18.791111130814,98.97559377086888,urban,2024-04-05,0.08146612184703866
21,18.774102133565243,98.97559378912425,urban,2024-04-05,0.08146878331901619
22,18.75709067921216,98.97559378001435,urban,2024-04-05,0.08220431992781957
23,18.740078723392486,98.97559377995805,urban,2024-04-05,0.0828647837043017
24,18.723065253201693,98.97559377995931,urban,2024-04-05,0.08286478370430561
25,18.816623633573617,98.99115280259166,urban,2024-04-05,0.07617407334718135
26,18.799616630104307,98.99115281170437,urban,2024-04-05,0.08146863977361252
27,18.782607636523494,98.9911528025845,urban,2024-04-05,0.08146878331899374
28,18.765598139329224,98.99115280251972,urban,2024-04-05,0.08155443742603966
29,18.791111125802086,99.00671258026475,urban,2024-04-05,0.08146878369202638
30,18.774102141283294,99.00671259850732,urban,2024-04-05,0.08146878331898985
1,18.74007870120448,98.91335808785006,urban,2024-04-06,0.08599482401069775
2,18.76559811840203,98.92891589958906,urban,2024-04-06,NA
3,18.7485846663651,98.9289158995633,urban,2024-04-06,NA
4,18.731571228912202,98.92891589956444,urban,2024-04-06,NA
5,18.791111128265864,98.94447493992463,urban,2024-04-06,0.08896698064580628
6,18.77410214222722,98.94447494902433,urban,2024-04-06,0.08896697892400565
7,18.757090678745303,98.94447493990828,urban,2024-04-06,NA
8,18.74007871834797,98.94447493987954,urban,2024-04-06,NA
9,18.723065258432655,98.94447493075144,urban,2024-04-06,NA
10,18.83362866444315,98.96003473115987,urban,2024-04-06,0.08852754199338654
11,18.816623631248998,98.96003473117173,urban,2024-04-06,0.08896698057650004
12,18.799616617653914,98.96003474023692,urban,2024-04-06,0.08896698062975915
13,18.7826076136698,98.96003473112485,urban,2024-04-06,0.08896698160649055
14,18.76559810565482,98.96003473107459,urban,2024-04-06,NA
15,18.748584661185397,98.96003473109663,urban,2024-04-06,NA
16,18.731571231481407,98.96003473112006,urban,2024-04-06,NA
17,18.84213017229777,98.97559378002752,urban,2024-04-06,0.08751925800186969
18,18.82512516247161,98.9755937800094,urban,2024-04-06,0.08896698057654073
19,18.808118649028923,98.97559378000697,urban,2024-04-06,0.08896698057653094
20,18.791111130814,98.97559377086888,urban,2024-04-06,0.0889669800480556
21,18.774102133565243,98.97559378912425,urban,2024-04-06,NA
22,18.75709067921216,98.97559378001435,urban,2024-04-06,NA
23,18.740078723392486,98.97559377995805,urban,2024-04-06,NA
24,18.723065253201693,98.97559377995931,urban,2024-04-06,NA
25,18.816623633573617,98.99115280259166,urban,2024-04-06,0.0889669803647564
26,18.799616630104307,98.99115281170437,urban,2024-04-06,0.08896698092817432
27,18.782607636523494,98.9911528025845,urban,2024-04-06,0.08896697988866066
28,18.765598139329224,98.99115280251972,urban,2024-04-06,NA
29,18.791111125802086,99.00671258026475,urban,2024-04-06,0.08896698253361875
30,18.774102141283294,99.00671259850732,urban,2024-04-06,NA
1,18.74007870120448,98.91335808785006,urban,2024-04-07,0.09852834893721142
2,18.76559811840203,98.92891589958906,urban,2024-04-07,0.09542617663700803
3,18.7485846663651,98.9289158995633,urban,2024-04-07,0.09929087080529593
4,18.731571228912202,98.92891589956444,urban,2024-04-07,0.09909766491465642
5,18.791111128265864,98.94447493992463,urban,2024-04-07,NA
6,18.77410214222722,98.94447494902433,urban,2024-04-07,NA
7,18.757090678745303,98.94447493990828,urban,2024-04-07,0.10078038894596812
8,18.74007871834797,98.94447493987954,urban,2024-04-07,0.10071708333574106
9,18.723065258432655,98.94447493075144,urban,2024-04-07,0.10050338043485864
10,18.83362866444315,98.96003473115987,urban,2024-04-07,0.09481725841758624
11,18.816623631248998,98.96003473117173,urban,2024-04-07,0.09481725761803778
12,18.799616617653914,98.96003474023692,urban,2024-04-07,NA
13,18.7826076136698,98.96003473112485,urban,2024-04-07,NA
14,18.76559810565482,98.96003473107459,urban,2024-04-07,0.10078039261467102
15,18.748584661185397,98.96003473109663,urban,2024-04-07,0.10078039020298037
16,18.731571231481407,98.96003473112006,urban,2024-04-07,0.1007803902029809
17,18.84213017229777,98.97559378002752,urban,2024-04-07,0.09542748217659268
18,18.82512516247161,98.9755937800094,urban,2024-04-07,0.09484523291061732
19,18.808118649028923,98.97559378000697,urban,2024-04-07,0.09481725812225777
20,18.791111130814,98.97559377086888,urban,2024-04-07,NA
21,18.774102133565243,98.97559378912425,urban,2024-04-07,0.10078039076278657
22,18.75709067921216,98.97559378001435,urban,2024-04-07,0.10078039059663087
23,18.740078723392486,98.97559377995805,urban,2024-04-07,0.10078039020298012
24,18.723065253201693,98.97559377995931,urban,2024-04-07,0.10080783668146269
25,18.816623633573617,98.99115280259166,urban,2024-04-07,0.09792036865983539
26,18.799616630104307,98.99115281170437,urban,2024-04-07,NA
27,18.782607636523494,98.9911528025845,urban,2024-04-07,0.10014429911330057
28,18.765598139329224,98.99115280251972,urban,2024-04-07,0.09995132934123378
29,18.791111125802086,99.00671258026475,urban,2024-04-07,NA
30,18.774102141283294,99.00671259850732,urban,2024-04-07,0.095910406843304
1,18.74007870120448,98.91335808785006,urban,2024-04-08,NA
2,18.76559811840203,98.92891589958906,urban,2024-04-08,NA
3,18.7485846663651,98.9289158995633,urban,2024-04-08,NA
4,18.731571228912202,98.92891589956444,urban,2024-04-08,NA
5,18.791111128265864,98.94447493992463,urban,2024-04-08,NA
6,18.77410214222722,98.94447494902433,urban,2024-04-08,NA
7,18.757090678745303,98.94447493990828,urban,2024-04-08,NA
8,18.74007871834797,98.94447493987954,urban,2024-04-08,NA
9,18.723065258432655,98.94447493075144,urban,2024-04-08,NA
10,18.83362866444315,98.96003473115987,urban,2024-04-08,NA
11,18.816623631248998,98.96003473117173,urban,2024-04-08,NA
12,18.799616617653914,98.96003474023692,urban,2024-04-08,NA
13,18.7826076136698,98.96003473112485,urban,2024-04-08,NA
14,18.76559810565482,98.96003473107459,urban,2024-04-08,NA
15,18.748584661185397,98.96003473109663,urban,2024-04-08,NA
16,18.731571231481407,98.96003473112006,urban,2024-04-08,NA
17,18.84213017229777,98.97559378002752,urban,2024-04-08,NA
18,18.82512516247161,98.9755937800094,urban,2024-04-08,NA
19,18.808118649028923,98.97559378000697,urban,2024-04-08,NA
20,18.791111130814,98.97559377086888,urban,2024-04-08,NA
21,18.774102133565243,98.97559378912425,urban,2024-04-08,NA
22,18.75709067921216,98.97559378001435,urban,2024-04-08,NA
23,18.740078723392486,98.97559377995805,urban,2024-04-08,NA
24,18.723065253201693,98.97559377995931,urban,2024-04-08,NA
25,18.816623633573617,98.99115280259166,urban,2024-04-08,NA
26,18.799616630104307,98.99115281170437,urban,2024-04-08,NA
27,18.782607636523494,98.9911528025845,urban,2024-04-08,NA
28,18.765598139329224,98.99115280251972,urban,2024-04-08,NA
29,18.791111125802086,99.00671258026475,urban,2024-04-08,NA
30,18.774102141283294,99.00671259850732,urban,2024-04-08,NA
1,18.74007870120448,98.91335808785006,urban,2024-04-09,NA
2,18.76559811840203,98.92891589958906,urban,2024-04-09,NA
3,18.7485846663651,98.9289158995633,urban,2024-04-09,NA
4,18.731571228912202,98.92891589956444,urban,2024-04-09,NA
5,18.791111128265864,98.94447493992463,urban,2024-04-09,NA
6,18.77410214222722,98.94447494902433,urban,2024-04-09,NA
7,18.757090678745303,98.94447493990828,urban,2024-04-09,NA
8,18.74007871834797,98.94447493987954,urban,2024-04-09,NA
9,18.723065258432655,98.94447493075144,urban,2024-04-09,NA
10,18.83362866444315,98.96003473115987,urban,2024-04-09,NA
11,18.816623631248998,98.96003473117173,urban,2024-04-09,NA
12,18.799616617653914,98.96003474023692,urban,2024-04-09,NA
13,18.7826076136698,98.96003473112485,urban,2024-04-09,NA
14,18.76559810565482,98.96003473107459,urban,2024-04-09,NA
15,18.748584661185397,98.96003473109663,urban,2024-04-09,NA
16,18.731571231481407,98.96003473112006,urban,2024-04-09,NA
17,18.84213017229777,98.97559378002752,urban,2024-04-09,0.09579234372702033
18,18.82512516247161,98.9755937800094,urban,2024-04-09,0.09805303737948577
19,18.808118649028923,98.97559378000697,urban,2024-04-09,NA
20,18.791111130814,98.97559377086888,urban,2024-04-09,NA
21,18.774102133565243,98.97559378912425,urban,2024-04-09,NA
22,18.75709067921216,98.97559378001435,urban,2024-04-09,NA
23,18.740078723392486,98.97559377995805,urban,2024-04-09,NA
24,18.723065253201693,98.97559377995931,urban,2024-04-09,NA
25,18.816623633573617,98.99115280259166,urban,2024-04-09,0.0980530397623343
26,18.799616630104307,98.99115281170437,urban,2024-04-09,0.0979191118842395
27,18.782607636523494,98.9911528025845,urban,2024-04-09,0.09785256047243984
28,18.765598139329224,98.99115280251972,urban,2024-04-09,NA
29,18.791111125802086,99.00671258026475,urban,2024-04-09,0.09677545188103
30,18.774102141283294,99.00671259850732,urban,2024-04-09,0.09554524740459507
1,18.74007870120448,98.91335808785006,urban,2024-04-10,0.055854252611568726
2,18.76559811840203,98.92891589958906,urban,2024-04-10,NA
3,18.7485846663651,98.9289158995633,urban,2024-04-10,NA
4,18.731571228912202,98.92891589956444,urban,2024-04-10,NA
5,18.791111128265864,98.94447493992463,urban,2024-04-10,NA
6,18.77410214222722,98.94447494902433,urban,2024-04-10,NA
7,18.757090678745303,98.94447493990828,urban,2024-04-10,NA
8,18.74007871834797,98.94447493987954,urban,2024-04-10,NA
9,18.723065258432655,98.94447493075144,urban,2024-04-10,NA
10,18.83362866444315,98.96003473115987,urban,2024-04-10,NA
11,18.816623631248998,98.96003473117173,urban,2024-04-10,NA
12,18.799616617653914,98.96003474023692,urban,2024-04-10,NA
13,18.7826076136698,98.96003473112485,urban,2024-04-10,NA
14,18.76559810565482,98.96003473107459,urban,2024-04-10,NA
15,18.748584661185397,98.96003473109663,urban,2024-04-10,NA
16,18.731571231481407,98.96003473112006,urban,2024-04-10,NA
17,18.84213017229777,98.97559378002752,urban,2024-04-10,0.07195282811053905
18,18.82512516247161,98.9755937800094,urban,2024-04-10,NA
19,18.808118649028923,98.97559378000697,urban,2024-04-10,NA
20,18.791111130814,98.97559377086888,urban,2024-04-10,NA
21,18.774102133565243,98.97559378912425,urban,2024-04-10,NA
22,18.75709067921216,98.97559378001435,urban,2024-04-10,NA
23,18.740078723392486,98.97559377995805,urban,2024-04-10,NA
24,18.723065253201693,98.97559377995931,urban,2024-04-10,NA
25,18.816623633573617,98.99115280259166,urban,2024-04-10,NA
26,18.799616630104307,98.99115281170437,urban,2024-04-10,NA
27,18.782607636523494,98.9911528025845,urban,2024-04-10,NA
28,18.765598139329224,98.99115280251972,urban,2024-04-10,NA
29,18.791111125802086,99.00671258026475,urban,2024-04-10,NA
30,18.774102141283294,99.00671259850732,urban,2024-04-10,NA
1,18.74007870120448,98.91335808785006,urban,2024-04-11,0.06089511256048975
2,18.76559811840203,98.92891589958906,urban,2024-04-11,0.059805314987895014
3,18.7485846663651,98.9289158995633,urban,2024-04-11,0.06040100596761421
4,18.731571228912202,98.92891589956444,urban,2024-04-11,0.061349554584469605
5,18.791111128265864,98.94447493992463,urban,2024-04-11,0.05937828272076352
6,18.77410214222722,98.94447494902433,urban,2024-04-11,0.059805314987892884
7,18.757090678745303,98.94447493990828,urban,2024-04-11,0.05997848323418139
8,18.74007871834797,98.94447493987954,urban,2024-04-11,0.06101691270015192
9,18.723065258432655,98.94447493075144,urban,2024-04-11,0.061380535364142244
10,18.83362866444315,98.96003473115987,urban,2024-04-11,0.057014792910500316
11,18.816623631248998,98.96003473117173,urban,2024-04-11,0.05698649212718692
12,18.799616617653914,98.96003474023692,urban,2024-04-11,0.05820014910384863
13,18.7826076136698,98.96003473112485,urban,2024-04-11,0.05980531498790187
14,18.76559810565482,98.96003473107459,urban,2024-04-11,0.05980531498790713
15,18.748584661185397,98.96003473109663,urban,2024-04-11,0.06052274662297211
16,18.731571231481407,98.96003473112006,urban,2024-04-11,0.061358563804411216
17,18.84213017229777,98.97559378002752,urban,2024-04-11,0.057231865909716254
18,18.82512516247161,98.9755937800094,urban,2024-04-11,0.05698751118932671
19,18.808118649028923,98.97559378000697,urban,2024-04-11,0.05718131236838002
20,18.791111130814,98.97559377086888,urban,2024-04-11,0.059495225180211664
21,18.774102133565243,98.97559378912425,urban,2024-04-11,0.059805314987907324
22,18.75709067921216,98.97559378001435,urban,2024-04-11,0.0600167199741034
23,18.740078723392486,98.97559377995805,urban,2024-04-11,0.061118956730786385
24,18.723065253201693,98.97559377995931,urban,2024-04-11,0.06138053536414849
25,18.816623633573617,98.99115280259166,urban,2024-04-11,0.05801111660005564
26,18.799616630104307,98.99115281170437,urban,2024-04-11,0.05878176523442087
27,18.782607636523494,98.9911528025845,urban,2024-04-11,0.059858064897664036
28,18.765598139329224,98.99115280251972,urban,2024-04-11,0.05980835328781866
29,18.791111125802086,99.00671258026475,urban,2024-04-11,0.06051689303491077
30,18.774102141283294,99.00671259850732,urban,2024-04-11,0.060460840265110144
1,18.74007870120448,98.91335808785006,urban,2024-04-12,0.06526759303139092
2,18.76559811840203,98.92891589958906,urban,2024-04-12,0.06393246352671707
3,18.7485846663651,98.9289158995633,urban,2024-04-12,0.06435729148906844
4,18.731571228912202,98.92891589956444,urban,2024-04-12,0.06701041752794423
5,18.791111128265864,98.94447493992463,urban,2024-04-12,0.061849835440515324
6,18.77410214222722,98.94447494902433,urban,2024-04-12,0.0644221644479587
7,18.757090678745303,98.94447493990828,urban,2024-04-12,0.06402676093527568
8,18.74007871834797,98.94447493987954,urban,2024-04-12,0.0661481212213954
9,18.723065258432655,98.94447493075144,urban,2024-04-12,0.0671175494789984
10,18.83362866444315,98.96003473115987,urban,2024-04-12,0.07132075682656383
11,18.816623631248998,98.96003473117173,urban,2024-04-12,0.07117398083212481
12,18.799616617653914,98.96003474023692,urban,2024-04-12,0.07102660843480291
13,18.7826076136698,98.96003473112485,urban,2024-04-12,0.06797036070251634
14,18.76559810565482,98.96003473107459,urban,2024-04-12,0.06566969134309907
15,18.748584661185397,98.96003473109663,urban,2024-04-12,0.06516033598569006
16,18.731571231481407,98.96003473112006,urban,2024-04-12,0.06707166715728036
17,18.84213017229777,98.97559378002752,urban,2024-04-12,0.07217821987865665
18,18.82512516247161,98.9755937800094,urban,2024-04-12,0.07117398083210348
19,18.808118649028923,98.97559378000697,urban,2024-04-12,0.07116978399209316
20,18.791111130814,98.97559377086888,urban,2024-04-12,0.07007401507089386
21,18.774102133565243,98.97559378912425,urban,2024-04-12,0.06931959735230998
22,18.75709067921216,98.97559378001435,urban,2024-04-12,0.06918088034815206
23,18.740078723392486,98.97559377995805,urban,2024-04-12,0.06803892711587292
24,18.723065253201693,98.97559377995931,urban,2024-04-12,0.06711755100013313
25,18.816623633573617,98.99115280259166,urban,2024-04-12,0.07117398083209649
26,18.799616630104307,98.99115281170437,urban,2024-04-12,0.07085809450964936
27,18.782607636523494,98.9911528025845,urban,2024-04-12,0.069404706734384
28,18.765598139329224,98.99115280251972,urban,2024-04-12,0.0694046989083205
29,18.791111125802086,99.00671258026475,urban,2024-04-12,0.0697628732633022
30,18.774102141283294,99.00671259850732,urban,2024-04-12,0.06940469890834602
1,18.74007870120448,98.91335808785006,urban,2024-04-13,0.058591134452701324
2,18.76559811840203,98.92891589958906,urban,2024-04-13,0.05757706877215634
3,18.7485846663651,98.9289158995633,urban,2024-04-13,0.05860638245941704
4,18.731571228912202,98.92891589956444,urban,2024-04-13,0.05860638245940923
5,18.791111128265864,98.94447493992463,urban,2024-04-13,0.055267532212308804
6,18.77410214222722,98.94447494902433,urban,2024-04-13,0.05675321799051713
7,18.757090678745303,98.94447493990828,urban,2024-04-13,0.05860638245939939
8,18.74007871834797,98.94447493987954,urban,2024-04-13,0.058606382459398206
9,18.723065258432655,98.94447493075144,urban,2024-04-13,0.05837174295290608
10,18.83362866444315,98.96003473115987,urban,2024-04-13,0.05744633120695963
11,18.816623631248998,98.96003473117173,urban,2024-04-13,0.057173443030404746
12,18.799616617653914,98.96003474023692,urban,2024-04-13,0.05623303232891098
13,18.7826076136698,98.96003473112485,urban,2024-04-13,0.05578500828280259
14,18.76559810565482,98.96003473107459,urban,2024-04-13,0.05860307330458745
15,18.748584661185397,98.96003473109663,urban,2024-04-13,0.058605751506819924
16,18.731571231481407,98.96003473112006,urban,2024-04-13,0.058604339226450475
17,18.84213017229777,98.97559378002752,urban,2024-04-13,0.057450375144898244
18,18.82512516247161,98.9755937800094,urban,2024-04-13,0.05745024201655551
19,18.808118649028923,98.97559378000697,urban,2024-04-13,0.057424952722890395
20,18.791111130814,98.97559377086888,urban,2024-04-13,0.057413458471378534
21,18.774102133565243,98.97559378912425,urban,2024-04-13,0.05822064005225576
22,18.75709067921216,98.97559378001435,urban,2024-04-13,0.058532014560552174
23,18.740078723392486,98.97559377995805,urban,2024-04-13,0.058547375873490196
24,18.723065253201693,98.97559377995931,urban,2024-04-13,0.05804788067527963
25,18.816623633573617,98.99115280259166,urban,2024-04-13,0.05745037645531907
26,18.799616630104307,98.99115281170437,urban,2024-04-13,0.057454130177561014
27,18.782607636523494,98.9911528025845,urban,2024-04-13,0.05804641900144486
28,18.765598139329224,98.99115280251972,urban,2024-04-13,0.058473870158190694
29,18.791111125802086,99.00671258026475,urban,2024-04-13,0.05779567949470389
30,18.774102141283294,99.00671259850732,urban,2024-04-13,0.05847387015819364
1,18.74007870120448,98.91335808785006,urban,2024-04-14,0.07053803652524297
2,18.76559811840203,98.92891589958906,urban,2024-04-14,0.07053803695099364
3,18.7485846663651,98.9289158995633,urban,2024-04-14,0.07053803652524192
4,18.731571228912202,98.92891589956444,urban,2024-04-14,0.07053803652524349
5,18.791111128265864,98.94447493992463,urban,2024-04-14,0.07053803594855801
6,18.77410214222722,98.94447494902433,urban,2024-04-14,0.07053803678447682
7,18.757090678745303,98.94447493990828,urban,2024-04-14,0.07053803666754394
8,18.74007871834797,98.94447493987954,urban,2024-04-14,0.07054026791395875
9,18.723065258432655,98.94447493075144,urban,2024-04-14,0.07129943933296365
10,18.83362866444315,98.96003473115987,urban,2024-04-14,NA
11,18.816623631248998,98.96003473117173,urban,2024-04-14,NA
12,18.799616617653914,98.96003474023692,urban,2024-04-14,NA
13,18.7826076136698,98.96003473112485,urban,2024-04-14,0.07053803839960979
14,18.76559810565482,98.96003473107459,urban,2024-04-14,0.07053803768826365
15,18.748584661185397,98.96003473109663,urban,2024-04-14,0.0705380367281265
16,18.731571231481407,98.96003473112006,urban,2024-04-14,0.07124733538397723
17,18.84213017229777,98.97559378002752,urban,2024-04-14,NA
18,18.82512516247161,98.9755937800094,urban,2024-04-14,NA
19,18.808118649028923,98.97559378000697,urban,2024-04-14,NA
20,18.791111130814,98.97559377086888,urban,2024-04-14,NA
21,18.774102133565243,98.97559378912425,urban,2024-04-14,NA
22,18.75709067921216,98.97559378001435,urban,2024-04-14,0.07053803687781351
23,18.740078723392486,98.97559377995805,urban,2024-04-14,0.07285933768243506
24,18.723065253201693,98.97559377995931,urban,2024-04-14,0.07311669762477192
25,18.816623633573617,98.99115280259166,urban,2024-04-14,NA
26,18.799616630104307,98.99115281170437,urban,2024-04-14,NA
27,18.782607636523494,98.9911528025845,urban,2024-04-14,NA
28,18.765598139329224,98.99115280251972,urban,2024-04-14,NA
29,18.791111125802086,99.00671258026475,urban,2024-04-14,NA
30,18.774102141283294,99.00671259850732,urban,2024-04-14,NA
1,18.74007870120448,98.91335808785006,urban,2024-04-15,0.0673060939299385
2,18.76559811840203,98.92891589958906,urban,2024-04-15,0.06557570475312045
3,18.7485846663651,98.9289158995633,urban,2024-04-15,0.06731186062097315
4,18.731571228912202,98.92891589956444,urban,2024-04-15,0.06731186062098825
5,18.791111128265864,98.94447493992463,urban,2024-04-15,0.0641110168831959
6,18.77410214222722,98.94447494902433,urban,2024-04-15,0.06478495319994419
7,18.757090678745303,98.94447493990828,urban,2024-04-15,0.06726636413551718
8,18.74007871834797,98.94447493987954,urban,2024-04-15,0.0673118606209657
9,18.723065258432655,98.94447493075144,urban,2024-04-15,0.06730273249374212
10,18.83362866444315,98.96003473115987,urban,2024-04-15,0.06417219100661228
11,18.816623631248998,98.96003473117173,urban,2024-04-15,0.064122938314721
12,18.799616617653914,98.96003474023692,urban,2024-04-15,0.06411094963550865
13,18.7826076136698,98.96003473112485,urban,2024-04-15,0.06464917487635083
14,18.76559810565482,98.96003473107459,urban,2024-04-15,0.06722393904314213
15,18.748584661185397,98.96003473109663,urban,2024-04-15,0.06731186062098811
16,18.731571231481407,98.96003473112006,urban,2024-04-15,0.06731003428586141
17,18.84213017229777,98.97559378002752,urban,2024-04-15,0.06417268961194213
18,18.82512516247161,98.9755937800094,urban,2024-04-15,0.06411148712332765
19,18.808118649028923,98.97559378000697,urban,2024-04-15,0.06411094963550887
20,18.791111130814,98.97559377086888,urban,2024-04-15,0.0644866450623043
21,18.774102133565243,98.97559378912425,urban,2024-04-15,0.06714753148949135
22,18.75709067921216,98.97559378001435,urban,2024-04-15,0.06731186062096976
23,18.740078723392486,98.97559377995805,urban,2024-04-15,0.06731158502973675
24,18.723065253201693,98.97559377995931,urban,2024-04-15,0.06699799156215946
25,18.816623633573617,98.99115280259166,urban,2024-04-15,0.06411094963550629
26,18.799616630104307,98.99115281170437,urban,2024-04-15,0.06437675580010115
27,18.782607636523494,98.9911528025845,urban,2024-04-15,0.06701522529899936
28,18.765598139329224,98.99115280251972,urban,2024-04-15,0.06731186062098786
29,18.791111125802086,99.00671258026475,urban,2024-04-15,0.06685073816929363
30,18.774102141283294,99.00671259850732,urban,2024-04-15,0.06731186062095983
1,18.74007870120448,98.91335808785006,urban,2024-04-16,0.059251679062676955
2,18.76559811840203,98.92891589958906,urban,2024-04-16,0.05234358099456884
3,18.7485846663651,98.9289158995633,urban,2024-04-16,0.05629081166036947
4,18.731571228912202,98.92891589956444,urban,2024-04-16,0.059529922448964136
5,18.791111128265864,98.94447493992463,urban,2024-04-16,NA
6,18.77410214222722,98.94447494902433,urban,2024-04-16,NA
7,18.757090678745303,98.94447493990828,urban,2024-04-16,NA
8,18.74007871834797,98.94447493987954,urban,2024-04-16,0.05952992340691778
9,18.723065258432655,98.94447493075144,urban,2024-04-16,0.059529922485964414
10,18.83362866444315,98.96003473115987,urban,2024-04-16,NA
11,18.816623631248998,98.96003473117173,urban,2024-04-16,NA
12,18.799616617653914,98.96003474023692,urban,2024-04-16,NA
13,18.7826076136698,98.96003473112485,urban,2024-04-16,NA
14,18.76559810565482,98.96003473107459,urban,2024-04-16,NA
15,18.748584661185397,98.96003473109663,urban,2024-04-16,NA
16,18.731571231481407,98.96003473112006,urban,2024-04-16,NA
17,18.84213017229777,98.97559378002752,urban,2024-04-16,NA
18,18.82512516247161,98.9755937800094,urban,2024-04-16,NA
19,18.808118649028923,98.97559378000697,urban,2024-04-16,NA
20,18.791111130814,98.97559377086888,urban,2024-04-16,NA
21,18.774102133565243,98.97559378912425,urban,2024-04-16,NA
22,18.75709067921216,98.97559378001435,urban,2024-04-16,NA
23,18.740078723392486,98.97559377995805,urban,2024-04-16,NA
24,18.723065253201693,98.97559377995931,urban,2024-04-16,NA
25,18.816623633573617,98.99115280259166,urban,2024-04-16,NA
26,18.799616630104307,98.99115281170437,urban,2024-04-16,NA
27,18.782607636523494,98.9911528025845,urban,2024-04-16,NA
28,18.765598139329224,98.99115280251972,urban,2024-04-16,NA
29,18.791111125802086,99.00671258026475,urban,2024-04-16,NA
30,18.774102141283294,99.00671259850732,urban,2024-04-16,NA
1,18.74007870120448,98.91335808785006,urban,2024-04-17,0.051019900393009535
2,18.76559811840203,98.92891589958906,urban,2024-04-17,NA
3,18.7485846663651,98.9289158995633,urban,2024-04-17,NA
4,18.731571228912202,98.92891589956444,urban,2024-04-17,0.05233607488060715
5,18.791111128265864,98.94447493992463,urban,2024-04-17,NA
6,18.77410214222722,98.94447494902433,urban,2024-04-17,NA
7,18.757090678745303,98.94447493990828,urban,2024-04-17,NA
8,18.74007871834797,98.94447493987954,urban,2024-04-17,0.05233607561820537
9,18.723065258432655,98.94447493075144,urban,2024-04-17,0.052336074560338564
10,18.83362866444315,98.96003473115987,urban,2024-04-17,0.047464187447891
11,18.816623631248998,98.96003473117173,urban,2024-04-17,NA
12,18.799616617653914,98.96003474023692,urban,2024-04-17,NA
13,18.7826076136698,98.96003473112485,urban,2024-04-17,NA
14,18.76559810565482,98.96003473107459,urban,2024-04-17,NA
15,18.748584661185397,98.96003473109663,urban,2024-04-17,0.052336072915011224
16,18.731571231481407,98.96003473112006,urban,2024-04-17,0.0523360737687241
17,18.84213017229777,98.97559378002752,urban,2024-04-17,0.0502092600092685
18,18.82512516247161,98.9755937800094,urban,2024-04-17,0.054157519568492636
19,18.808118649028923,98.97559378000697,urban,2024-04-17,0.054157522626110115
20,18.791111130814,98.97559377086888,urban,2024-04-17,0.052577104440650654
21,18.774102133565243,98.97559378912425,urban,2024-04-17,0.052577104291268204
22,18.75709067921216,98.97559378001435,urban,2024-04-17,NA
23,18.740078723392486,98.97559377995805,urban,2024-04-17,0.05233607419408324
24,18.723065253201693,98.97559377995931,urban,2024-04-17,0.0523360744118718
25,18.816623633573617,98.99115280259166,urban,2024-04-17,0.05415752210907352
26,18.799616630104307,98.99115281170437,urban,2024-04-17,0.05375543964992522
27,18.782607636523494,98.9911528025845,urban,2024-04-17,0.05257710409835258
28,18.765598139329224,98.99115280251972,urban,2024-04-17,0.052577103988285086
29,18.791111125802086,99.00671258026475,urban,2024-04-17,0.052867867722088374
30,18.774102141283294,99.00671259850732,urban,2024-04-17,0.052577104021236394
1,18.74007870120448,98.91335808785006,urban,2024-04-18,0.054048824824824135
2,18.76559811840203,98.92891589958906,urban,2024-04-18,0.05300662294030823
3,18.7485846663651,98.9289158995633,urban,2024-04-18,0.053583375779125815
4,18.731571228912202,98.92891589956444,urban,2024-04-18,0.05501217274103957
5,18.791111128265864,98.94447493992463,urban,2024-04-18,0.05048419457622701
6,18.77410214222722,98.94447494902433,urban,2024-04-18,0.05306870544502371
7,18.757090678745303,98.94447493990828,urban,2024-04-18,0.05301520996341119
8,18.74007871834797,98.94447493987954,urban,2024-04-18,0.054776717754222555
9,18.723065258432655,98.94447493075144,urban,2024-04-18,0.05504791811106193
10,18.83362866444315,98.96003473115987,urban,2024-04-18,0.05407121405005182
11,18.816623631248998,98.96003473117173,urban,2024-04-18,0.05404222244234594
12,18.799616617653914,98.96003474023692,urban,2024-04-18,0.05412081572366902
13,18.7826076136698,98.96003473112485,urban,2024-04-18,0.05584070216502361
14,18.76559810565482,98.96003473107459,urban,2024-04-18,0.05499654630520024
15,18.748584661185397,98.96003473109663,urban,2024-04-18,0.05463685259462996
16,18.731571231481407,98.96003473112006,urban,2024-04-18,0.05506870045873236
17,18.84213017229777,98.97559378002752,urban,2024-04-18,0.054091401689579204
18,18.82512516247161,98.9755937800094,urban,2024-04-18,0.0540712140500505
19,18.808118649028923,98.97559378000697,urban,2024-04-18,0.05430862721483285
20,18.791111130814,98.97559377086888,urban,2024-04-18,0.05676499850922941
21,18.774102133565243,98.97559378912425,urban,2024-04-18,0.0569604030651961
22,18.75709067921216,98.97559378001435,urban,2024-04-18,0.05646932520494589
23,18.740078723392486,98.97559377995805,urban,2024-04-18,0.05537130749242738
24,18.723065253201693,98.97559377995931,urban,2024-04-18,0.05532472619078703
25,18.816623633573617,98.99115280259166,urban,2024-04-18,0.05413874647066244
26,18.799616630104307,98.99115281170437,urban,2024-04-18,0.0561408706332933
27,18.782607636523494,98.9911528025845,urban,2024-04-18,0.05696553736924636
28,18.765598139329224,98.99115280251972,urban,2024-04-18,0.056907961250864364
29,18.791111125802086,99.00671258026475,urban,2024-04-18,0.05698745750267477
30,18.774102141283294,99.00671259850732,urban,2024-04-18,0.05696976036585595
1,18.74007870120448,98.91335808785006,urban,2024-04-19,0.04955593102574608
2,18.76559811840203,98.92891589958906,urban,2024-04-19,0.04845041409134304
3,18.7485846663651,98.9289158995633,urban,2024-04-19,0.04852660493264536
4,18.731571228912202,98.92891589956444,urban,2024-04-19,0.05304138148196735
5,18.791111128265864,98.94447493992463,urban,2024-04-19,0.05184839003777808
6,18.77410214222722,98.94447494902433,urban,2024-04-19,0.050564461856876346
7,18.757090678745303,98.94447493990828,urban,2024-04-19,0.049541391668514956
8,18.74007871834797,98.94447493987954,urban,2024-04-19,0.05231425806797309
9,18.723065258432655,98.94447493075144,urban,2024-04-19,0.054000405693614
10,18.83362866444315,98.96003473115987,urban,2024-04-19,0.05716339498757088
11,18.816623631248998,98.96003473117173,urban,2024-04-19,0.05695695617280405
12,18.799616617653914,98.96003474023692,urban,2024-04-19,0.053716428140929556
13,18.7826076136698,98.96003473112485,urban,2024-04-19,0.05286227539180864
14,18.76559810565482,98.96003473107459,urban,2024-04-19,0.05312597473064076
15,18.748584661185397,98.96003473109663,urban,2024-04-19,0.05458666859716266
16,18.731571231481407,98.96003473112006,urban,2024-04-19,0.05595431649684108
17,18.84213017229777,98.97559378002752,urban,2024-04-19,0.05716339498758417
18,18.82512516247161,98.9755937800094,urban,2024-04-19,0.0570614828974602
19,18.808118649028923,98.97559378000697,urban,2024-04-19,0.05409771554305273
20,18.791111130814,98.97559377086888,urban,2024-04-19,0.05286227539182105
21,18.774102133565243,98.97559378912425,urban,2024-04-19,0.05287998126059135
22,18.75709067921216,98.97559378001435,urban,2024-04-19,0.05545707366667346
23,18.740078723392486,98.97559377995805,urban,2024-04-19,0.056462324470766004
24,18.723065253201693,98.97559377995931,urban,2024-04-19,0.056508451286865186
25,18.816623633573617,98.99115280259166,urban,2024-04-19,0.054812782478343584
26,18.799616630104307,98.99115281170437,urban,2024-04-19,0.05286227539181552
27,18.782607636523494,98.9911528025845,urban,2024-04-19,0.05291989308123048
28,18.765598139329224,98.99115280251972,urban,2024-04-19,0.05541205637049837
29,18.791111125802086,99.00671258026475,urban,2024-04-19,0.05287140120507665
30,18.774102141283294,99.00671259850732,urban,2024-04-19,0.05471230927335476
1,18.74007870120448,98.91335808785006,urban,2024-04-20,NA
2,18.76559811840203,98.92891589958906,urban,2024-04-20,NA
3,18.7485846663651,98.9289158995633,urban,2024-04-20,NA
4,18.731571228912202,98.92891589956444,urban,2024-04-20,NA
5,18.791111128265864,98.94447493992463,urban,2024-04-20,NA
6,18.77410214222722,98.94447494902433,urban,2024-04-20,NA
7,18.757090678745303,98.94447493990828,urban,2024-04-20,NA
8,18.74007871834797,98.94447493987954,urban,2024-04-20,NA
9,18.723065258432655,98.94447493075144,urban,2024-04-20,NA
10,18.83362866444315,98.96003473115987,urban,2024-04-20,0.045353974943414775
11,18.816623631248998,98.96003473117173,urban,2024-04-20,0.04608934901047708
12,18.799616617653914,98.96003474023692,urban,2024-04-20,NA
13,18.7826076136698,98.96003473112485,urban,2024-04-20,NA
14,18.76559810565482,98.96003473107459,urban,2024-04-20,NA
15,18.748584661185397,98.96003473109663,urban,2024-04-20,NA
16,18.731571231481407,98.96003473112006,urban,2024-04-20,NA
17,18.84213017229777,98.97559378002752,urban,2024-04-20,0.04544559718097425
18,18.82512516247161,98.9755937800094,urban,2024-04-20,0.04594035098652783
19,18.808118649028923,98.97559378000697,urban,2024-04-20,0.04608934782272864
20,18.791111130814,98.97559377086888,urban,2024-04-20,0.046089347659996074
21,18.774102133565243,98.97559378912425,urban,2024-04-20,NA
22,18.75709067921216,98.97559378001435,urban,2024-04-20,NA
23,18.740078723392486,98.97559377995805,urban,2024-04-20,NA
24,18.723065253201693,98.97559377995931,urban,2024-04-20,NA
25,18.816623633573617,98.99115280259166,urban,2024-04-20,0.04608934724214285
26,18.799616630104307,98.99115281170437,urban,2024-04-20,0.046090407996206506
27,18.782607636523494,98.9911528025845,urban,2024-04-20,0.04615819894436707
28,18.765598139329224,98.99115280251972,urban,2024-04-20,0.046257752510179516
29,18.791111125802086,99.00671258026475,urban,2024-04-20,0.04618760719214209
30,18.774102141283294,99.00671259850732,urban,2024-04-20,0.046257753012937546
1,18.74007870120448,98.91335808785006,urban,2024-04-21,0.05006466805933383
2,18.76559811840203,98.92891589958906,urban,2024-04-21,0.045180723033965885
3,18.7485846663651,98.9289158995633,urban,2024-04-21,0.05006466805935595
4,18.731571228912202,98.92891589956444,urban,2024-04-21,0.050064668059366074
5,18.791111128265864,98.94447493992463,urban,2024-04-21,0.043291497975586554
6,18.77410214222722,98.94447494902433,urban,2024-04-21,0.04329149797558305
7,18.757090678745303,98.94447493990828,urban,2024-04-21,0.048369869045052326
8,18.74007871834797,98.94447493987954,urban,2024-04-21,0.05006466805934583
9,18.723065258432655,98.94447493075144,urban,2024-04-21,0.050064668059340824
10,18.83362866444315,98.96003473115987,urban,2024-04-21,0.0430805273354119
11,18.816623631248998,98.96003473117173,urban,2024-04-21,0.04308944262021849
12,18.799616617653914,98.96003474023692,urban,2024-04-21,0.04324638112043243
13,18.7826076136698,98.96003473112485,urban,2024-04-21,0.04329149797558924
14,18.76559810565482,98.96003473107459,urban,2024-04-21,0.045213565311302197
15,18.748584661185397,98.96003473109663,urban,2024-04-21,0.05006466805935962
16,18.731571231481407,98.96003473112006,urban,2024-04-21,0.05006466805936679
17,18.84213017229777,98.97559378002752,urban,2024-04-21,0.043080527335413205
18,18.82512516247161,98.9755937800094,urban,2024-04-21,0.04308052733541584
19,18.808118649028923,98.97559378000697,urban,2024-04-21,0.04315304104843507
20,18.791111130814,98.97559377086888,urban,2024-04-21,0.04329149797559249
21,18.774102133565243,98.97559378912425,urban,2024-04-21,0.04329149797559506
22,18.75709067921216,98.97559378001435,urban,2024-04-21,0.048390788602550666
23,18.740078723392486,98.97559377995805,urban,2024-04-21,0.05006466805935545
24,18.723065253201693,98.97559377995931,urban,2024-04-21,0.05006466805935939
25,18.816623633573617,98.99115280259166,urban,2024-04-21,0.043089483046343795
26,18.799616630104307,98.99115281170437,urban,2024-04-21,0.04324696086744611
27,18.782607636523494,98.9911528025845,urban,2024-04-21,0.04329149797559689
28,18.765598139329224,98.99115280251972,urban,2024-04-21,0.045230664896574416
29,18.791111125802086,99.00671258026475,urban,2024-04-21,0.04329149797558592
30,18.774102141283294,99.00671259850732,urban,2024-04-21,0.04329149797558676
1,18.74007870120448,98.91335808785006,urban,2024-04-22,0.05533348885248381
2,18.76559811840203,98.92891589958906,urban,2024-04-22,0.05455254624366087
3,18.7485846663651,98.9289158995633,urban,2024-04-22,0.05529110411918852
4,18.731571228912202,98.92891589956444,urban,2024-04-22,0.05534604191779305
5,18.791111128265864,98.94447493992463,urban,2024-04-22,0.05376835912466627
6,18.77410214222722,98.94447494902433,urban,2024-04-22,0.05380877704141537
7,18.757090678745303,98.94447493990828,urban,2024-04-22,0.055340378790902305
8,18.74007871834797,98.94447493987954,urban,2024-04-22,0.05534592894654254
9,18.723065258432655,98.94447493075144,urban,2024-04-22,0.05540638273636403
10,18.83362866444315,98.96003473115987,urban,2024-04-22,0.05263053749380928
11,18.816623631248998,98.96003473117173,urban,2024-04-22,0.05241857369047136
12,18.799616617653914,98.96003474023692,urban,2024-04-22,0.05376835912464324
13,18.7826076136698,98.96003473112485,urban,2024-04-22,0.05377875935159059
14,18.76559810565482,98.96003473107459,urban,2024-04-22,0.054718447330868766
15,18.748584661185397,98.96003473109663,urban,2024-04-22,0.055346041917801854
16,18.731571231481407,98.96003473112006,urban,2024-04-22,0.05534604191778313
17,18.84213017229777,98.97559378002752,urban,2024-04-22,0.055126669356593855
18,18.82512516247161,98.9755937800094,urban,2024-04-22,0.054299496312345784
19,18.808118649028923,98.97559378000697,urban,2024-04-22,0.05491814998699871
20,18.791111130814,98.97559377086888,urban,2024-04-22,0.05435300747166414
21,18.774102133565243,98.97559378912425,urban,2024-04-22,0.053959289289262295
22,18.75709067921216,98.97559378001435,urban,2024-04-22,0.05534751974118321
23,18.740078723392486,98.97559377995805,urban,2024-04-22,0.055347804160026604
24,18.723065253201693,98.97559377995931,urban,2024-04-22,0.05558052272863047
25,18.816623633573617,98.99115280259166,urban,2024-04-22,0.057693084623858415
26,18.799616630104307,98.99115281170437,urban,2024-04-22,0.0596299518291131
27,18.782607636523494,98.9911528025845,urban,2024-04-22,0.05914994616796334
28,18.765598139329224,98.99115280251972,urban,2024-04-22,0.057276440212856106
29,18.791111125802086,99.00671258026475,urban,2024-04-22,0.060138851404171065
30,18.774102141283294,99.00671259850732,urban,2024-04-22,0.059575575539678495
1,18.74007870120448,98.91335808785006,urban,2024-04-23,0.05807051099653413
2,18.76559811840203,98.92891589958906,urban,2024-04-23,0.05641731992363643
3,18.7485846663651,98.9289158995633,urban,2024-04-23,0.05706478986071901
4,18.731571228912202,98.92891589956444,urban,2024-04-23,0.058953424118886114
5,18.791111128265864,98.94447493992463,urban,2024-04-23,0.056406689156410734
6,18.77410214222722,98.94447494902433,urban,2024-04-23,0.0564173199236547
7,18.757090678745303,98.94447493990828,urban,2024-04-23,0.05643267931939284
8,18.74007871834797,98.94447493987954,urban,2024-04-23,0.05868844038465899
9,18.723065258432655,98.94447493075144,urban,2024-04-23,0.05900515615942331
10,18.83362866444315,98.96003473115987,urban,2024-04-23,0.06097237880315673
11,18.816623631248998,98.96003473117173,urban,2024-04-23,0.05967196913261532
12,18.799616617653914,98.96003474023692,urban,2024-04-23,0.05852837961200944
13,18.7826076136698,98.96003473112485,urban,2024-04-23,0.0571005037498525
14,18.76559810565482,98.96003473107459,urban,2024-04-23,0.05674924788559991
15,18.748584661185397,98.96003473109663,urban,2024-04-23,0.05794437010416439
16,18.731571231481407,98.96003473112006,urban,2024-04-23,0.05900773478056951
17,18.84213017229777,98.97559378002752,urban,2024-04-23,0.06270835678848274
18,18.82512516247161,98.9755937800094,urban,2024-04-23,0.06270802766084639
19,18.808118649028923,98.97559378000697,urban,2024-04-23,0.06292272029551428
20,18.791111130814,98.97559377086888,urban,2024-04-23,0.06310702844317685
21,18.774102133565243,98.97559378912425,urban,2024-04-23,0.06287315845822336
22,18.75709067921216,98.97559378001435,urban,2024-04-23,0.06133475985886162
23,18.740078723392486,98.97559377995805,urban,2024-04-23,0.0598729627507417
24,18.723065253201693,98.97559377995931,urban,2024-04-23,0.05951591077678495
25,18.816623633573617,98.99115280259166,urban,2024-04-23,0.0627561665830044
26,18.799616630104307,98.99115281170437,urban,2024-04-23,0.06323696446124125
27,18.782607636523494,98.9911528025845,urban,2024-04-23,0.06327228248118076
28,18.765598139329224,98.99115280251972,urban,2024-04-23,0.06327228248117969
29,18.791111125802086,99.00671258026475,urban,2024-04-23,0.06327228248119125
30,18.774102141283294,99.00671259850732,urban,2024-04-23,0.06327228248117955
1,18.74007870120448,98.91335808785006,urban,2024-04-24,NA
2,18.76559811840203,98.92891589958906,urban,2024-04-24,NA
3,18.7485846663651,98.9289158995633,urban,2024-04-24,NA
4,18.731571228912202,98.92891589956444,urban,2024-04-24,NA
5,18.791111128265864,98.94447493992463,urban,2024-04-24,NA
6,18.77410214222722,98.94447494902433,urban,2024-04-24,NA
7,18.757090678745303,98.94447493990828,urban,2024-04-24,NA
8,18.74007871834797,98.94447493987954,urban,2024-04-24,NA
9,18.723065258432655,98.94447493075144,urban,2024-04-24,NA
10,18.83362866444315,98.96003473115987,urban,2024-04-24,NA
11,18.816623631248998,98.96003473117173,urban,2024-04-24,NA
12,18.799616617653914,98.96003474023692,urban,2024-04-24,NA
13,18.7826076136698,98.96003473112485,urban,2024-04-24,NA
14,18.76559810565482,98.96003473107459,urban,2024-04-24,NA
15,18.748584661185397,98.96003473109663,urban,2024-04-24,NA
16,18.731571231481407,98.96003473112006,urban,2024-04-24,NA
17,18.84213017229777,98.97559378002752,urban,2024-04-24,NA
18,18.82512516247161,98.9755937800094,urban,2024-04-24,NA
19,18.808118649028923,98.97559378000697,urban,2024-04-24,NA
20,18.791111130814,98.97559377086888,urban,2024-04-24,NA
21,18.774102133565243,98.97559378912425,urban,2024-04-24,NA
22,18.75709067921216,98.97559378001435,urban,2024-04-24,NA
23,18.740078723392486,98.97559377995805,urban,2024-04-24,NA
24,18.723065253201693,98.97559377995931,urban,2024-04-24,NA
25,18.816623633573617,98.99115280259166,urban,2024-04-24,NA
26,18.799616630104307,98.99115281170437,urban,2024-04-24,NA
27,18.782607636523494,98.9911528025845,urban,2024-04-24,NA
28,18.765598139329224,98.99115280251972,urban,2024-04-24,NA
29,18.791111125802086,99.00671258026475,urban,2024-04-24,NA
30,18.774102141283294,99.00671259850732,urban,2024-04-24,NA
1,18.74007870120448,98.91335808785006,urban,2024-04-25,NA
2,18.76559811840203,98.92891589958906,urban,2024-04-25,NA
3,18.7485846663651,98.9289158995633,urban,2024-04-25,NA
4,18.731571228912202,98.92891589956444,urban,2024-04-25,NA
5,18.791111128265864,98.94447493992463,urban,2024-04-25,0.04816801475603643
6,18.77410214222722,98.94447494902433,urban,2024-04-25,NA
7,18.757090678745303,98.94447493990828,urban,2024-04-25,NA
8,18.74007871834797,98.94447493987954,urban,2024-04-25,NA
9,18.723065258432655,98.94447493075144,urban,2024-04-25,NA
10,18.83362866444315,98.96003473115987,urban,2024-04-25,0.04872539473891302
11,18.816623631248998,98.96003473117173,urban,2024-04-25,0.04841729857668585
12,18.799616617653914,98.96003474023692,urban,2024-04-25,0.048313147280777555
13,18.7826076136698,98.96003473112485,urban,2024-04-25,0.05077120785960099
14,18.76559810565482,98.96003473107459,urban,2024-04-25,NA
15,18.748584661185397,98.96003473109663,urban,2024-04-25,NA
16,18.731571231481407,98.96003473112006,urban,2024-04-25,NA
17,18.84213017229777,98.97559378002752,urban,2024-04-25,0.050379475861164084
18,18.82512516247161,98.9755937800094,urban,2024-04-25,0.05034254584251476
19,18.808118649028923,98.97559378000697,urban,2024-04-25,0.050103299506988316
20,18.791111130814,98.97559377086888,urban,2024-04-25,0.05076106567187317
21,18.774102133565243,98.97559378912425,urban,2024-04-25,0.05077120647059355
22,18.75709067921216,98.97559378001435,urban,2024-04-25,0.050492622747337235
23,18.740078723392486,98.97559377995805,urban,2024-04-25,NA
24,18.723065253201693,98.97559377995931,urban,2024-04-25,NA
25,18.816623633573617,98.99115280259166,urban,2024-04-25,0.05044168358444093
26,18.799616630104307,98.99115281170437,urban,2024-04-25,0.05072861057091247
27,18.782607636523494,98.9911528025845,urban,2024-04-25,0.05077120675963585
28,18.765598139329224,98.99115280251972,urban,2024-04-25,0.050553243948370116
29,18.791111125802086,99.00671258026475,urban,2024-04-25,0.050771206617363
30,18.774102141283294,99.00671259850732,urban,2024-04-25,0.05067485970143387
1,18.74007870120448,98.91335808785006,urban,2024-04-26,0.04424106698502366
2,18.76559811840203,98.92891589958906,urban,2024-04-26,0.04309939220548228
3,18.7485846663651,98.9289158995633,urban,2024-04-26,0.04309939220548287
4,18.731571228912202,98.92891589956444,urban,2024-04-26,0.04606062467995404
5,18.791111128265864,98.94447493992463,urban,2024-04-26,0.04309939238630175
6,18.77410214222722,98.94447494902433,urban,2024-04-26,0.04309939220546933
7,18.757090678745303,98.94447493990828,urban,2024-04-26,0.04309939220547256
8,18.74007871834797,98.94447493987954,urban,2024-04-26,0.044194160424154985
9,18.723065258432655,98.94447493075144,urban,2024-04-26,0.04651726680545398
10,18.83362866444315,98.96003473115987,urban,2024-04-26,0.0429498625829567
11,18.816623631248998,98.96003473117173,urban,2024-04-26,NA
12,18.799616617653914,98.96003474023692,urban,2024-04-26,0.04309939246355942
13,18.7826076136698,98.96003473112485,urban,2024-04-26,0.04309939228833761
14,18.76559810565482,98.96003473107459,urban,2024-04-26,0.04309939220546384
15,18.748584661185397,98.96003473109663,urban,2024-04-26,0.04309939220547159
16,18.731571231481407,98.96003473112006,urban,2024-04-26,0.04599471270366557
17,18.84213017229777,98.97559378002752,urban,2024-04-26,0.042949862636900836
18,18.82512516247161,98.9755937800094,urban,2024-04-26,0.04294986207801604
19,18.808118649028923,98.97559378000697,urban,2024-04-26,NA
20,18.791111130814,98.97559377086888,urban,2024-04-26,0.0430993926639845
21,18.774102133565243,98.97559378912425,urban,2024-04-26,0.043099392205473125
22,18.75709067921216,98.97559378001435,urban,2024-04-26,0.043099392205479994
23,18.740078723392486,98.97559377995805,urban,2024-04-26,0.044156218685229134
24,18.723065253201693,98.97559377995931,urban,2024-04-26,0.04650917853287625
25,18.816623633573617,98.99115280259166,urban,2024-04-26,NA
26,18.799616630104307,98.99115281170437,urban,2024-04-26,0.04309939088856208
27,18.782607636523494,98.9911528025845,urban,2024-04-26,0.04309939179480434
28,18.765598139329224,98.99115280251972,urban,2024-04-26,0.04309939220547248
29,18.791111125802086,99.00671258026475,urban,2024-04-26,0.04309939231744236
30,18.774102141283294,99.00671259850732,urban,2024-04-26,0.04309939220547615
1,18.74007870120448,98.91335808785006,urban,2024-04-27,0.055601701056818796
2,18.76559811840203,98.92891589958906,urban,2024-04-27,NA
3,18.7485846663651,98.9289158995633,urban,2024-04-27,0.05560170126032983
4,18.731571228912202,98.92891589956444,urban,2024-04-27,0.055601701146399125
5,18.791111128265864,98.94447493992463,urban,2024-04-27,NA
6,18.77410214222722,98.94447494902433,urban,2024-04-27,NA
7,18.757090678745303,98.94447493990828,urban,2024-04-27,NA
8,18.74007871834797,98.94447493987954,urban,2024-04-27,0.05560170133834004
9,18.723065258432655,98.94447493075144,urban,2024-04-27,0.05560170114040312
10,18.83362866444315,98.96003473115987,urban,2024-04-27,0.057405339060035566
11,18.816623631248998,98.96003473117173,urban,2024-04-27,0.05740533956944881
12,18.799616617653914,98.96003474023692,urban,2024-04-27,NA
13,18.7826076136698,98.96003473112485,urban,2024-04-27,NA
14,18.76559810565482,98.96003473107459,urban,2024-04-27,NA
15,18.748584661185397,98.96003473109663,urban,2024-04-27,0.055601700618401514
16,18.731571231481407,98.96003473112006,urban,2024-04-27,0.05560170114007599
17,18.84213017229777,98.97559378002752,urban,2024-04-27,0.05810438890421218
18,18.82512516247161,98.9755937800094,urban,2024-04-27,0.05740533856837567
19,18.808118649028923,98.97559378000697,urban,2024-04-27,0.05740573761940152
20,18.791111130814,98.97559377086888,urban,2024-04-27,0.060414971014539964
21,18.774102133565243,98.97559378912425,urban,2024-04-27,0.06041497170149998
22,18.75709067921216,98.97559378001435,urban,2024-04-27,0.05561410813505089
23,18.740078723392486,98.97559377995805,urban,2024-04-27,0.05560170121251515
24,18.723065253201693,98.97559377995931,urban,2024-04-27,0.055601701140407814
25,18.816623633573617,98.99115280259166,urban,2024-04-27,0.05741272463542594
26,18.799616630104307,98.99115281170437,urban,2024-04-27,0.059316088903837785
27,18.782607636523494,98.9911528025845,urban,2024-04-27,0.06041496945548385
28,18.765598139329224,98.99115280251972,urban,2024-04-27,0.06041497056321702
29,18.791111125802086,99.00671258026475,urban,2024-04-27,0.06041496992110298
30,18.774102141283294,99.00671259850732,urban,2024-04-27,0.0604149696703655
1,18.74007870120448,98.91335808785006,urban,2024-04-28,0.0690388232469789
2,18.76559811840203,98.92891589958906,urban,2024-04-28,0.06903882324695368
3,18.7485846663651,98.9289158995633,urban,2024-04-28,0.06903882324693741
4,18.731571228912202,98.92891589956444,urban,2024-04-28,0.06900274077791586
5,18.791111128265864,98.94447493992463,urban,2024-04-28,0.0697209563813182
6,18.77410214222722,98.94447494902433,urban,2024-04-28,0.06911443090886918
7,18.757090678745303,98.94447493990828,urban,2024-04-28,0.06907400364973981
8,18.74007871834797,98.94447493987954,urban,2024-04-28,0.06905948407990427
9,18.723065258432655,98.94447493075144,urban,2024-04-28,0.06887663256348586
10,18.83362866444315,98.96003473115987,urban,2024-04-28,0.06800680146549629
11,18.816623631248998,98.96003473117173,urban,2024-04-28,0.06975854459690789
12,18.799616617653914,98.96003474023692,urban,2024-04-28,0.06976178920853938
13,18.7826076136698,98.96003473112485,urban,2024-04-28,0.06957021510307357
14,18.76559810565482,98.96003473107459,urban,2024-04-28,0.06938798325429209
15,18.748584661185397,98.96003473109663,urban,2024-04-28,0.06933616038501404
16,18.731571231481407,98.96003473112006,urban,2024-04-28,0.06917016212146107
17,18.84213017229777,98.97559378002752,urban,2024-04-28,0.06806814512421756
18,18.82512516247161,98.9755937800094,urban,2024-04-28,0.06940545238014448
19,18.808118649028923,98.97559378000697,urban,2024-04-28,0.06976231932638874
20,18.791111130814,98.97559377086888,urban,2024-04-28,0.06969956398771894
21,18.774102133565243,98.97559378912425,urban,2024-04-28,0.0694353665569928
22,18.75709067921216,98.97559378001435,urban,2024-04-28,0.06943536549806006
23,18.740078723392486,98.97559377995805,urban,2024-04-28,0.06943536570450862
24,18.723065253201693,98.97559377995931,urban,2024-04-28,0.06933418716558122
25,18.816623633573617,98.99115280259166,urban,2024-04-28,0.0697623193264317
26,18.799616630104307,98.99115281170437,urban,2024-04-28,0.06975462636130333
27,18.782607636523494,98.9911528025845,urban,2024-04-28,0.06950881484840196
28,18.765598139329224,98.99115280251972,urban,2024-04-28,0.06943536549809586
29,18.791111125802086,99.00671258026475,urban,2024-04-28,0.06963368443091625
30,18.774102141283294,99.00671259850732,urban,2024-04-28,0.06943536549806423
1,18.74007870120448,98.91335808785006,urban,2024-04-29,0.06041475075181565
2,18.76559811840203,98.92891589958906,urban,2024-04-29,0.05951346863110455
3,18.7485846663651,98.9289158995633,urban,2024-04-29,0.06042010012025323
4,18.731571228912202,98.92891589956444,urban,2024-04-29,0.060425281524646296
5,18.791111128265864,98.94447493992463,urban,2024-04-29,0.0591777336064857
6,18.77410214222722,98.94447494902433,urban,2024-04-29,0.05926534564107771
7,18.757090678745303,98.94447493990828,urban,2024-04-29,0.060276982571525126
8,18.74007871834797,98.94447493987954,urban,2024-04-29,0.060425281524640585
9,18.723065258432655,98.94447493075144,urban,2024-04-29,0.06041138292182368
10,18.83362866444315,98.96003473115987,urban,2024-04-29,0.06020424348224418
11,18.816623631248998,98.96003473117173,urban,2024-04-29,0.05788086029471059
12,18.799616617653914,98.96003474023692,urban,2024-04-29,0.0576265087090345
13,18.7826076136698,98.96003473112485,urban,2024-04-29,0.057888394734893656
14,18.76559810565482,98.96003473107459,urban,2024-04-29,0.05868388816642394
15,18.748584661185397,98.96003473109663,urban,2024-04-29,0.059579971447227244
16,18.731571231481407,98.96003473112006,urban,2024-04-29,0.06015102946749207
17,18.84213017229777,98.97559378002752,urban,2024-04-29,0.060445836494936823
18,18.82512516247161,98.9755937800094,urban,2024-04-29,0.05837891009025584
19,18.808118649028923,98.97559378000697,urban,2024-04-29,0.05743994936345969
20,18.791111130814,98.97559377086888,urban,2024-04-29,0.05743995108198883
21,18.774102133565243,98.97559378912425,urban,2024-04-29,0.05763906980068848
22,18.75709067921216,98.97559378001435,urban,2024-04-29,0.058054327586029394
23,18.740078723392486,98.97559377995805,urban,2024-04-29,0.05808560734882193
24,18.723065253201693,98.97559377995931,urban,2024-04-29,0.05852972220127184
25,18.816623633573617,98.99115280259166,urban,2024-04-29,0.05744793458495235
26,18.799616630104307,98.99115281170437,urban,2024-04-29,0.05744107100804693
27,18.782607636523494,98.9911528025845,urban,2024-04-29,0.05749221343126538
28,18.765598139329224,98.99115280251972,urban,2024-04-29,0.05800935752026266
29,18.791111125802086,99.00671258026475,urban,2024-04-29,0.05759504900653338
30,18.774102141283294,99.00671259850732,urban,2024-04-29,0.05788089624686819
